target_id,condition,repetition,selected_record_run_id,terminal_reason,step_count,invalid_action_count,failure_category,failure_subcategory,first_irreversible_step,first_irreversible_action,ingredient,observed_operation,expected_next_operation
cookingworld:test:53257,H,1,p8-t0286-arm_2-r01,environment_done,12,0,operation_to_ingredient_error,wrong_operation_for_ingredient,12,cook banana in barbeque,banana,grill,fry
cookingworld:test:53322,D,1,p8-t0269-arm_1-r01,environment_done,21,0,operation_to_ingredient_error,wrong_operation_for_ingredient,21,cook white onion in barbeque,white onion,grill,fry
cookingworld:test:53173,N,1,p8-t0623-arm_3-r01,environment_done,5,0,operation_to_ingredient_error,wrong_operation_for_ingredient,5,cook pork chop in stove,pork chop,fry,grill
cookingworld:test:53753,N,1,p8-t0515-arm_3-r01,environment_done,11,0,operation_to_ingredient_error,wrong_operation_for_ingredient,11,cook carrot in stove,carrot,fry,grill
cookingworld:test:52707,N,1,p8-t0547-arm_3-r01,environment_done,13,0,operation_to_ingredient_error,wrong_operation_for_ingredient,13,cook yellow potato in barbeque,yellow potato,grill,roast
cookingworld:test:53905,N,1,p8-t0099-arm_3-r01,environment_done,8,0,premature_ingredient_consumption,ingredient_eaten_before_meal_completion,8,eat block of cheese,block of cheese,,
cookingworld:test:52676,R,1,p8-t0120-arm_4-r01,environment_done,12,0,operation_to_ingredient_error,wrong_operation_for_ingredient,12,cook red onion in barbeque,red onion,grill,roast
cookingworld:test:53032,N,1,p8-t0259-arm_3-r01,environment_done,4,0,operation_to_ingredient_error,wrong_operation_for_ingredient,4,cook red apple in stove,red apple,fry,grill
cookingworld:test:53388,N,1,p8-t0163-arm_3-r01,environment_done,9,0,operation_to_ingredient_error,wrong_operation_for_ingredient,9,cook yellow bell pepper in stove,yellow bell pepper,fry,grill
cookingworld:test:53468,N,1,p8-t0055-arm_3-r01,environment_done,7,0,operation_to_ingredient_error,wrong_operation_for_ingredient,7,cook red hot pepper in stove,red hot pepper,fry,grill
cookingworld:test:53011,N,1,p8-t0107-arm_3-r01,environment_done,9,0,premature_ingredient_consumption,ingredient_eaten_before_meal_completion,9,eat white onion,white onion,,
cookingworld:test:52264,N,1,p8-t0387-arm_3-r01,environment_done,8,0,operation_to_ingredient_error,wrong_operation_for_ingredient,8,cook carrot in stove,carrot,fry,grill
cookingworld:test:52339,R,1,p8-t0324-arm_4-r01,environment_done,10,0,operation_to_ingredient_error,wrong_operation_for_ingredient,10,cook white onion in barbeque,white onion,grill,fry
cookingworld:test:52965,N,1,p8-t0039-arm_3-r01,environment_done,11,0,operation_to_ingredient_error,wrong_operation_for_ingredient,11,cook carrot in oven,carrot,roast,grill
cookingworld:test:52854,R,1,p8-t0024-arm_4-r01,environment_done,7,0,operation_to_ingredient_error,wrong_operation_for_ingredient,7,cook red onion in oven,red onion,roast,grill
cookingworld:test:53728,R,1,p8-t0128-arm_4-r01,environment_done,20,0,operation_to_ingredient_error,wrong_operation_for_ingredient,20,cook banana in barbeque,banana,grill,fry
cookingworld:test:52581,D,1,p8-t0205-arm_1-r01,environment_done,12,0,operation_to_ingredient_error,wrong_operation_for_ingredient,12,cook red hot pepper in barbeque,red hot pepper,grill,fry
cookingworld:test:53005,N,1,p8-t0015-arm_3-r01,environment_done,11,0,operation_to_ingredient_error,wrong_operation_for_ingredient,11,cook red apple in barbeque,red apple,grill,roast
cookingworld:test:52799,N,1,p8-t0395-arm_3-r01,environment_done,5,0,operation_to_ingredient_error,wrong_operation_for_ingredient,5,cook red potato in stove,red potato,fry,grill
cookingworld:test:53015,N,1,p8-t0255-arm_3-r01,max_steps,50,0,navigation_or_step_limit_failure,step_limit_without_irreversible_recipe_error,,,,,
cookingworld:test:52640,N,1,p8-t0307-arm_3-r01,environment_done,10,0,operation_to_ingredient_error,wrong_operation_for_ingredient,10,cook pork chop in stove,pork chop,fry,grill
cookingworld:test:52237,H,1,p8-t0482-arm_2-r01,environment_done,6,0,operation_to_ingredient_error,wrong_operation_for_ingredient,6,cook purple potato in oven,purple potato,roast,grill
cookingworld:test:53855,N,1,p8-t0439-arm_3-r01,environment_done,15,0,operation_to_ingredient_error,operation_on_nonrequired_or_completed_ingredient,15,cook yellow bell pepper in barbeque,yellow bell pepper,grill,
cookingworld:test:52093,N,1,p8-t0411-arm_3-r01,environment_done,9,0,operation_to_ingredient_error,wrong_operation_for_ingredient,9,cook red apple in barbeque,red apple,grill,fry
cookingworld:test:53792,R,1,p8-t0204-arm_4-r01,environment_done,10,0,operation_to_ingredient_error,wrong_operation_for_ingredient,10,cook pork chop in stove,pork chop,fry,grill
cookingworld:test:52209,R,1,p8-t0088-arm_4-r01,max_steps,50,0,navigation_or_step_limit_failure,step_limit_without_irreversible_recipe_error,,,,,
cookingworld:test:52170,N,1,p8-t0119-arm_3-r01,environment_done,4,0,operation_to_ingredient_error,wrong_operation_for_ingredient,4,cook purple potato in stove,purple potato,fry,grill
cookingworld:test:53299,N,1,p8-t0451-arm_3-r01,environment_done,10,0,operation_to_ingredient_error,wrong_operation_for_ingredient,10,cook pork chop in stove,pork chop,fry,grill
cookingworld:test:53306,N,1,p8-t0463-arm_3-r01,environment_done,18,0,premature_ingredient_consumption,ingredient_eaten_before_meal_completion,18,eat red hot pepper,red hot pepper,,
cookingworld:test:52389,H,1,p8-t0254-arm_2-r01,environment_done,18,0,operation_to_ingredient_error,wrong_operation_for_ingredient,18,cook orange bell pepper in barbeque,orange bell pepper,grill,fry
cookingworld:test:53376,R,1,p8-t0632-arm_4-r01,environment_done,20,0,premature_ingredient_consumption,ingredient_eaten_before_meal_completion,20,eat red apple,red apple,,
cookingworld:test:53216,D,1,p8-t0549-arm_1-r01,environment_done,12,0,operation_to_ingredient_error,wrong_operation_for_ingredient,12,cook red potato in barbeque,red potato,grill,roast
cookingworld:test:53731,N,1,p8-t0607-arm_3-r01,environment_done,20,1,premature_ingredient_consumption,ingredient_eaten_before_meal_completion,20,eat yellow bell pepper,yellow bell pepper,,
cookingworld:test:52195,N,1,p8-t0095-arm_3-r01,environment_done,8,0,operation_to_ingredient_error,wrong_operation_for_ingredient,8,cook orange bell pepper in barbeque,orange bell pepper,grill,roast
cookingworld:test:53298,N,1,p8-t0159-arm_3-r01,environment_done,12,0,operation_to_ingredient_error,wrong_operation_for_ingredient,12,cook pork chop in stove,pork chop,fry,grill
cookingworld:test:53487,R,1,p8-t0036-arm_4-r01,environment_done,10,0,operation_to_ingredient_error,wrong_operation_for_ingredient,10,cook pork chop in oven,pork chop,roast,grill
cookingworld:test:53077,N,1,p8-t0431-arm_3-r01,environment_done,8,0,operation_to_ingredient_error,wrong_operation_for_ingredient,8,cook red onion in oven,red onion,roast,grill
cookingworld:test:52335,H,1,p8-t0446-arm_2-r01,environment_done,14,0,operation_to_ingredient_error,wrong_operation_for_ingredient,14,cook orange bell pepper in barbeque,orange bell pepper,grill,fry
cookingworld:test:53187,D,1,p8-t0021-arm_1-r01,environment_done,11,0,operation_to_ingredient_error,wrong_operation_for_ingredient,11,cook red apple in barbeque,red apple,grill,roast
cookingworld:test:53133,D,1,p8-t0405-arm_1-r01,environment_done,13,0,operation_to_ingredient_error,wrong_operation_for_ingredient,13,cook white onion in barbeque,white onion,grill,fry
cookingworld:test:52095,N,1,p8-t0183-arm_3-r01,environment_done,12,0,premature_ingredient_consumption,ingredient_eaten_before_meal_completion,12,eat orange bell pepper,orange bell pepper,,
cookingworld:test:53584,N,1,p8-t0447-arm_3-r01,environment_done,14,0,operation_to_ingredient_error,wrong_operation_for_ingredient,14,cook red onion in barbeque,red onion,grill,roast
cookingworld:test:52079,N,1,p8-t0523-arm_3-r01,environment_done,9,0,operation_to_ingredient_error,wrong_operation_for_ingredient,9,cook yellow potato in barbeque,yellow potato,grill,fry
cookingworld:test:52054,D,1,p8-t0201-arm_1-r01,environment_done,13,0,operation_to_ingredient_error,wrong_operation_for_ingredient,13,cook block of cheese in barbeque,block of cheese,grill,fry
cookingworld:test:53501,N,1,p8-t0651-arm_3-r01,environment_done,11,0,operation_to_ingredient_error,wrong_operation_for_ingredient,11,cook red apple in barbeque,red apple,grill,roast
cookingworld:test:52511,N,1,p8-t0559-arm_3-r01,environment_done,10,0,operation_to_ingredient_error,wrong_operation_for_ingredient,10,cook pork chop in stove,pork chop,fry,grill
cookingworld:test:52774,H,1,p8-t0258-arm_2-r01,environment_done,12,0,operation_to_ingredient_error,wrong_operation_for_ingredient,12,cook yellow potato in barbeque,yellow potato,grill,fry
cookingworld:test:53632,N,1,p8-t0407-arm_3-r01,environment_done,8,0,operation_to_ingredient_error,wrong_operation_for_ingredient,8,cook pork chop in stove,pork chop,fry,grill
cookingworld:test:53734,N,1,p8-t0171-arm_3-r01,environment_done,13,0,operation_to_ingredient_error,wrong_operation_for_ingredient,13,cook carrot in barbeque,carrot,grill,fry
cookingworld:test:52681,N,1,p8-t0179-arm_3-r01,environment_done,8,0,operation_to_ingredient_error,wrong_operation_for_ingredient,8,cook orange bell pepper in stove,orange bell pepper,fry,grill
cookingworld:test:52210,N,1,p8-t0263-arm_3-r01,environment_done,18,0,operation_to_ingredient_error,wrong_operation_for_ingredient,18,cook orange bell pepper in barbeque,orange bell pepper,grill,fry
cookingworld:test:52424,R,1,p8-t0412-arm_4-r01,environment_done,9,0,operation_to_ingredient_error,wrong_operation_for_ingredient,9,cook red potato in barbeque,red potato,grill,roast
cookingworld:test:52328,N,1,p8-t0103-arm_3-r01,environment_done,8,0,operation_to_ingredient_error,operation_allocated_to_wrong_ingredient_role,8,cook pork chop in stove,pork chop,fry,grill
cookingworld:test:53931,N,1,p8-t0023-arm_3-r01,environment_done,11,0,operation_to_ingredient_error,wrong_operation_for_ingredient,11,cook banana in barbeque,banana,grill,fry
cookingworld:test:52027,H,1,p8-t0142-arm_2-r01,environment_done,11,0,operation_to_ingredient_error,wrong_operation_for_ingredient,11,cook chicken wing in barbeque,chicken wing,grill,fry
cookingworld:test:53377,R,1,p8-t0396-arm_4-r01,environment_done,17,0,operation_to_ingredient_error,wrong_operation_for_ingredient,17,cook red onion in barbeque,red onion,grill,roast
cookingworld:test:52603,R,1,p8-t0424-arm_4-r01,environment_done,12,0,operation_to_ingredient_error,wrong_operation_for_ingredient,12,cook yellow potato in barbeque,yellow potato,grill,fry
cookingworld:test:53939,N,1,p8-t0583-arm_3-r01,environment_done,19,0,operation_to_ingredient_error,operation_on_nonrequired_or_completed_ingredient,19,cook red onion in barbeque,red onion,grill,
cookingworld:test:53772,D,1,p8-t0245-arm_1-r01,environment_done,13,0,operation_to_ingredient_error,wrong_operation_for_ingredient,13,cook chicken wing in barbeque,chicken wing,grill,fry
cookingworld:test:52148,N,1,p8-t0495-arm_3-r01,environment_done,2,0,operation_to_ingredient_error,wrong_operation_for_ingredient,2,cook red potato in stove,red potato,fry,grill
cookingworld:test:53191,N,1,p8-t0675-arm_3-r01,environment_done,14,0,operation_to_ingredient_error,wrong_operation_for_ingredient,14,cook purple potato in oven,purple potato,roast,grill
cookingworld:test:53132,H,1,p8-t0506-arm_2-r01,environment_done,10,0,operation_to_ingredient_error,wrong_operation_for_ingredient,10,cook yellow potato in barbeque,yellow potato,grill,roast
cookingworld:test:53585,N,1,p8-t0139-arm_3-r01,environment_done,6,0,operation_to_ingredient_error,wrong_operation_for_ingredient,6,cook red onion in oven,red onion,roast,grill
cookingworld:test:53495,N,1,p8-t0611-arm_3-r01,environment_done,10,0,operation_to_ingredient_error,wrong_operation_for_ingredient,10,cook white onion in stove,white onion,fry,grill
cookingworld:test:52214,R,1,p8-t0172-arm_4-r01,environment_done,12,0,operation_to_ingredient_error,operation_on_nonrequired_or_completed_ingredient,12,slice banana,banana,slice,
cookingworld:test:53312,H,1,p8-t0230-arm_2-r01,environment_done,15,0,operation_to_ingredient_error,wrong_operation_for_ingredient,15,cook red hot pepper in barbeque,red hot pepper,grill,fry
cookingworld:test:53990,R,1,p8-t0580-arm_4-r01,environment_done,12,0,operation_to_ingredient_error,wrong_operation_for_ingredient,12,cook pork chop in stove,pork chop,fry,grill
cookingworld:test:52859,H,1,p8-t0246-arm_2-r01,environment_done,10,0,operation_to_ingredient_error,wrong_operation_for_ingredient,10,cook pork chop in stove,pork chop,fry,grill
cookingworld:test:53102,H,1,p8-t0058-arm_2-r01,environment_done,13,0,operation_to_ingredient_error,wrong_operation_for_ingredient,13,cook purple potato in barbeque,purple potato,grill,roast
cookingworld:test:52450,D,1,p8-t0501-arm_1-r01,environment_done,11,0,operation_to_ingredient_error,wrong_operation_for_ingredient,11,cook carrot in barbeque,carrot,grill,fry
cookingworld:test:52962,R,1,p8-t0184-arm_4-r01,environment_done,10,0,operation_to_ingredient_error,wrong_operation_for_ingredient,10,cook red potato in barbeque,red potato,grill,roast
cookingworld:test:52474,D,1,p8-t0645-arm_1-r01,environment_done,9,0,operation_to_ingredient_error,wrong_operation_for_ingredient,9,cook carrot in barbeque,carrot,grill,fry
cookingworld:test:52571,H,1,p8-t0542-arm_2-r01,environment_done,11,0,operation_to_ingredient_error,wrong_operation_for_ingredient,11,cook pork chop in stove,pork chop,fry,grill
cookingworld:test:52320,N,1,p8-t0467-arm_3-r01,environment_done,7,0,operation_to_ingredient_error,wrong_operation_for_ingredient,7,cook carrot in stove,carrot,fry,grill
cookingworld:test:52081,R,1,p8-t0664-arm_4-r01,environment_done,14,0,operation_to_ingredient_error,wrong_operation_for_ingredient,14,cook red apple in barbeque,red apple,grill,fry
cookingworld:test:52052,N,1,p8-t0343-arm_3-r01,environment_done,11,0,operation_to_ingredient_error,wrong_operation_for_ingredient,11,cook red onion in barbeque,red onion,grill,roast
cookingworld:test:53186,D,1,p8-t0437-arm_1-r01,environment_done,14,0,operation_to_ingredient_error,wrong_operation_for_ingredient,14,cook orange bell pepper in barbeque,orange bell pepper,grill,roast
cookingworld:test:52184,N,1,p8-t0319-arm_3-r01,environment_done,9,0,operation_to_ingredient_error,wrong_operation_for_ingredient,9,cook pork chop in stove,pork chop,fry,grill
cookingworld:test:52064,H,1,p8-t0502-arm_2-r01,environment_done,10,0,operation_to_ingredient_error,wrong_operation_for_ingredient,10,cook red onion in barbeque,red onion,grill,roast
cookingworld:test:52238,N,1,p8-t0503-arm_3-r01,environment_done,8,0,operation_to_ingredient_error,wrong_operation_for_ingredient,8,cook carrot in stove,carrot,fry,grill
cookingworld:test:53327,D,1,p8-t0257-arm_1-r01,environment_done,10,0,operation_to_ingredient_error,wrong_operation_for_ingredient,10,cook pork chop in oven,pork chop,roast,grill
cookingworld:test:53260,D,1,p8-t0545-arm_1-r01,environment_done,18,0,operation_to_ingredient_error,wrong_operation_for_ingredient,18,cook yellow potato in barbeque,yellow potato,grill,roast
cookingworld:test:52338,R,1,p8-t0504-arm_4-r01,environment_done,6,0,operation_to_ingredient_error,wrong_operation_for_ingredient,6,cook purple potato in stove,purple potato,fry,grill
cookingworld:test:53644,H,1,p8-t0010-arm_2-r01,environment_done,13,0,operation_to_ingredient_error,wrong_operation_for_ingredient,13,cook orange bell pepper in barbeque,orange bell pepper,grill,fry
cookingworld:test:52331,N,1,p8-t0391-arm_3-r01,environment_done,9,0,operation_to_ingredient_error,wrong_operation_for_ingredient,9,cook pork chop in oven,pork chop,roast,grill
cookingworld:test:52068,N,1,p8-t0331-arm_3-r01,environment_done,7,0,operation_to_ingredient_error,wrong_operation_for_ingredient,7,cook pork chop in stove,pork chop,fry,grill
cookingworld:test:53396,D,1,p8-t0173-arm_1-r01,environment_done,11,0,operation_to_ingredient_error,wrong_operation_for_ingredient,11,cook carrot in barbeque,carrot,grill,fry
cookingworld:test:53035,N,1,p8-t0347-arm_3-r01,environment_done,8,0,operation_to_ingredient_error,wrong_operation_for_ingredient,8,cook yellow bell pepper in stove,yellow bell pepper,fry,grill
cookingworld:test:52928,N,1,p8-t0375-arm_3-r01,environment_done,9,0,operation_to_ingredient_error,wrong_operation_for_ingredient,9,cook red potato in barbeque,red potato,grill,roast
cookingworld:test:52246,N,1,p8-t0579-arm_3-r01,environment_done,11,0,operation_to_ingredient_error,wrong_operation_for_ingredient,11,cook yellow potato in barbeque,yellow potato,grill,fry
cookingworld:test:53240,N,1,p8-t0051-arm_3-r01,environment_done,7,0,operation_to_ingredient_error,wrong_operation_for_ingredient,7,cook pork chop in stove,pork chop,fry,grill
cookingworld:test:53946,H,1,p8-t0406-arm_2-r01,environment_done,11,0,operation_to_ingredient_error,wrong_operation_for_ingredient,11,cook red onion in oven,red onion,roast,grill
cookingworld:test:53895,H,1,p8-t0266-arm_2-r01,environment_done,15,0,operation_to_ingredient_error,wrong_operation_for_ingredient,15,cook red hot pepper in barbeque,red hot pepper,grill,fry
cookingworld:test:52197,H,1,p8-t0650-arm_2-r01,environment_done,8,0,operation_to_ingredient_error,wrong_operation_for_ingredient,8,cook chicken wing in barbeque,chicken wing,grill,fry
cookingworld:test:52773,D,1,p8-t0377-arm_1-r01,environment_done,15,0,operation_to_ingredient_error,wrong_operation_for_ingredient,15,cook red onion in barbeque,red onion,grill,roast
cookingworld:test:52890,H,1,p8-t0350-arm_2-r01,environment_done,8,0,operation_to_ingredient_error,wrong_operation_for_ingredient,8,cook red potato in barbeque,red potato,grill,roast
cookingworld:test:53123,R,1,p8-t0260-arm_4-r01,environment_done,8,0,operation_to_ingredient_error,wrong_operation_for_ingredient,8,cook orange bell pepper in barbeque,orange bell pepper,grill,roast
cookingworld:test:52645,N,1,p8-t0443-arm_3-r01,environment_done,14,0,premature_ingredient_consumption,ingredient_eaten_before_meal_completion,14,eat orange bell pepper,orange bell pepper,,
cookingworld:test:52835,H,1,p8-t0410-arm_2-r01,environment_done,13,0,operation_to_ingredient_error,wrong_operation_for_ingredient,13,cook yellow potato in barbeque,yellow potato,grill,roast
cookingworld:test:53856,H,1,p8-t0314-arm_2-r01,environment_done,8,0,operation_to_ingredient_error,wrong_operation_for_ingredient,8,cook red apple in barbeque,red apple,grill,fry
cookingworld:test:52759,N,1,p8-t0359-arm_3-r01,environment_done,10,0,operation_to_ingredient_error,operation_allocated_to_wrong_ingredient_role,10,cook carrot in stove,carrot,fry,grill
cookingworld:test:53288,N,1,p8-t0663-arm_3-r01,environment_done,12,0,operation_to_ingredient_error,wrong_operation_for_ingredient,12,cook white onion in barbeque,white onion,grill,fry
cookingworld:test:52937,N,1,p8-t0539-arm_3-r01,environment_done,8,0,operation_to_ingredient_error,wrong_operation_for_ingredient,8,cook pork chop in stove,pork chop,fry,grill
cookingworld:test:53835,N,1,p8-t0131-arm_3-r01,environment_done,11,0,operation_to_ingredient_error,wrong_operation_for_ingredient,11,cook white onion in stove,white onion,fry,grill
cookingworld:test:53617,N,1,p8-t0647-arm_3-r01,environment_done,23,0,operation_to_ingredient_error,wrong_operation_for_ingredient,23,cook red hot pepper in barbeque,red hot pepper,grill,fry
cookingworld:test:53027,R,1,p8-t0516-arm_4-r01,environment_done,12,0,premature_ingredient_consumption,ingredient_eaten_before_meal_completion,12,eat block of cheese,block of cheese,,
cookingworld:test:52306,R,1,p8-t0096-arm_4-r01,environment_done,9,0,operation_to_ingredient_error,wrong_operation_for_ingredient,9,cook red potato in barbeque,red potato,grill,roast
cookingworld:test:53210,R,1,p8-t0268-arm_4-r01,environment_done,14,0,operation_to_ingredient_error,wrong_operation_for_ingredient,14,cook red onion in barbeque,red onion,grill,roast
cookingworld:test:53602,D,1,p8-t0621-arm_1-r01,environment_done,13,0,operation_to_ingredient_error,wrong_operation_for_ingredient,13,cook orange bell pepper in barbeque,orange bell pepper,grill,roast
cookingworld:test:53497,R,1,p8-t0548-arm_4-r01,environment_done,9,0,operation_to_ingredient_error,wrong_operation_for_ingredient,9,cook pork chop in stove,pork chop,fry,grill
cookingworld:test:52330,D,1,p8-t0497-arm_1-r01,environment_done,10,0,operation_to_ingredient_error,wrong_operation_for_ingredient,10,cook pork chop in oven,pork chop,roast,grill
cookingworld:test:53450,H,1,p8-t0546-arm_2-r01,environment_done,10,0,operation_to_ingredient_error,wrong_operation_for_ingredient,10,cook chicken wing in barbeque,chicken wing,grill,fry
cookingworld:test:53813,N,1,p8-t0543-arm_3-r01,environment_done,5,0,premature_ingredient_consumption,ingredient_eaten_before_meal_completion,5,eat banana,banana,,
cookingworld:test:52258,N,1,p8-t0455-arm_3-r01,environment_done,11,0,operation_to_ingredient_error,wrong_operation_for_ingredient,11,cook purple potato in barbeque,purple potato,grill,roast
cookingworld:test:52601,N,1,p8-t0079-arm_3-r01,environment_done,2,0,operation_to_ingredient_error,wrong_operation_for_ingredient,2,cook red potato in oven,red potato,roast,grill
cookingworld:test:53555,H,1,p8-t0026-arm_2-r01,environment_done,7,0,operation_to_ingredient_error,wrong_operation_for_ingredient,7,cook purple potato in barbeque,purple potato,grill,roast
cookingworld:test:53089,H,1,p8-t0354-arm_2-r01,environment_done,12,0,operation_to_ingredient_error,wrong_operation_for_ingredient,12,cook chicken leg in barbeque,chicken leg,grill,roast
cookingworld:test:53001,N,1,p8-t0011-arm_3-r01,environment_done,10,0,operation_to_ingredient_error,wrong_operation_for_ingredient,10,cook chicken wing in barbeque,chicken wing,grill,fry
cookingworld:test:53163,N,1,p8-t0187-arm_3-r01,environment_done,3,0,operation_to_ingredient_error,wrong_operation_for_ingredient,3,cook red potato in stove,red potato,fry,grill
cookingworld:test:52883,N,1,p8-t0563-arm_3-r01,environment_done,9,0,operation_to_ingredient_error,operation_on_nonrequired_or_completed_ingredient,9,cook red hot pepper in barbeque,red hot pepper,grill,
cookingworld:test:53710,H,1,p8-t0206-arm_2-r01,environment_done,11,0,premature_ingredient_consumption,ingredient_eaten_before_meal_completion,11,eat block of cheese,block of cheese,,
cookingworld:test:53539,R,1,p8-t0600-arm_4-r01,environment_done,21,0,premature_ingredient_consumption,ingredient_eaten_before_meal_completion,21,eat carrot,carrot,,
cookingworld:test:52682,N,1,p8-t0191-arm_3-r01,max_steps,50,0,navigation_or_step_limit_failure,step_limit_without_irreversible_recipe_error,,,,,
cookingworld:test:53366,N,1,p8-t0575-arm_3-r01,environment_done,6,0,operation_to_ingredient_error,wrong_operation_for_ingredient,6,cook red potato in stove,red potato,fry,grill
cookingworld:test:52730,H,1,p8-t0034-arm_2-r01,environment_done,8,0,operation_to_ingredient_error,wrong_operation_for_ingredient,8,cook chicken wing in barbeque,chicken wing,grill,fry
cookingworld:test:52724,R,1,p8-t0052-arm_4-r01,environment_done,21,0,operation_to_ingredient_error,wrong_operation_for_ingredient,21,cook yellow potato in barbeque,yellow potato,grill,roast
cookingworld:test:53440,N,1,p8-t0143-arm_3-r01,environment_done,12,0,operation_to_ingredient_error,wrong_operation_for_ingredient,12,cook pork chop in stove,pork chop,fry,grill
cookingworld:test:53454,N,1,p8-t0383-arm_3-r01,environment_done,16,0,operation_to_ingredient_error,wrong_operation_for_ingredient,16,cook purple potato in barbeque,purple potato,grill,roast
cookingworld:test:52615,D,1,p8-t0373-arm_1-r01,environment_done,11,0,operation_to_ingredient_error,wrong_operation_for_ingredient,11,cook red apple in barbeque,red apple,grill,roast
cookingworld:test:52549,H,1,p8-t0342-arm_2-r01,environment_done,9,0,operation_to_ingredient_error,wrong_operation_for_ingredient,9,cook red potato in oven,red potato,roast,grill
cookingworld:test:52217,H,1,p8-t0470-arm_2-r01,environment_done,11,0,operation_to_ingredient_error,wrong_operation_for_ingredient,11,cook red apple in barbeque,red apple,grill,roast
cookingworld:test:52041,D,1,p8-t0073-arm_1-r01,environment_done,8,0,operation_to_ingredient_error,wrong_operation_for_ingredient,8,cook red potato in barbeque,red potato,grill,roast
cookingworld:test:53844,N,1,p8-t0491-arm_3-r01,environment_done,15,0,operation_to_ingredient_error,operation_on_nonrequired_or_completed_ingredient,15,cook red onion in barbeque,red onion,grill,
cookingworld:test:53365,N,1,p8-t0279-arm_3-r01,environment_done,12,0,operation_to_ingredient_error,wrong_operation_for_ingredient,12,cook pork chop in stove,pork chop,fry,grill
cookingworld:test:53825,D,1,p8-t0457-arm_1-r01,environment_done,11,0,operation_to_ingredient_error,wrong_operation_for_ingredient,11,cook orange bell pepper in barbeque,orange bell pepper,grill,roast
cookingworld:test:53484,R,1,p8-t0528-arm_4-r01,environment_done,10,0,premature_ingredient_consumption,ingredient_eaten_before_meal_completion,10,eat block of cheese,block of cheese,,
cookingworld:test:53786,H,1,p8-t0006-arm_2-r01,environment_done,13,0,operation_to_ingredient_error,wrong_operation_for_ingredient,13,cook red hot pepper in barbeque,red hot pepper,grill,fry
cookingworld:test:52844,H,1,p8-t0174-arm_2-r01,environment_done,10,0,operation_to_ingredient_error,wrong_operation_for_ingredient,10,cook carrot in oven,carrot,roast,grill
cookingworld:test:52380,R,1,p8-t0360-arm_4-r01,environment_done,10,0,operation_to_ingredient_error,wrong_operation_for_ingredient,10,cook orange bell pepper in stove,orange bell pepper,fry,grill
cookingworld:test:53079,D,1,p8-t0489-arm_1-r01,environment_done,10,0,operation_to_ingredient_error,wrong_operation_for_ingredient,10,cook red onion in oven,red onion,roast,grill
cookingworld:test:53067,N,1,p8-t0346-arm_3-r01,environment_done,2,0,operation_to_ingredient_error,wrong_operation_for_ingredient,2,cook red potato in stove,red potato,fry,grill
cookingworld:test:53856,N,1,p8-t0314-arm_3-r01,environment_done,12,0,operation_to_ingredient_error,wrong_operation_for_ingredient,12,cook red apple in barbeque,red apple,grill,fry
cookingworld:test:53800,R,1,p8-t0063-arm_4-r01,environment_done,10,0,operation_to_ingredient_error,wrong_operation_for_ingredient,10,cook white onion in barbeque,white onion,grill,fry
cookingworld:test:52601,R,1,p8-t0079-arm_4-r01,environment_done,7,0,operation_to_ingredient_error,wrong_operation_for_ingredient,7,cook red potato in oven,red potato,roast,grill
cookingworld:test:52059,R,1,p8-t0435-arm_4-r01,environment_done,11,0,operation_to_ingredient_error,wrong_operation_for_ingredient,11,cook carrot in stove,carrot,fry,dice
cookingworld:test:52682,R,1,p8-t0191-arm_4-r01,environment_done,7,0,operation_to_ingredient_error,wrong_operation_for_ingredient,7,cook chicken leg in barbeque,chicken leg,grill,roast
cookingworld:test:52707,R,1,p8-t0547-arm_4-r01,environment_done,21,0,operation_to_ingredient_error,wrong_operation_for_ingredient,21,cook yellow potato in barbeque,yellow potato,grill,roast
cookingworld:test:53994,N,1,p8-t0450-arm_3-r01,environment_done,5,0,operation_to_ingredient_error,wrong_operation_for_ingredient,5,cook purple potato in stove,purple potato,fry,grill
cookingworld:test:53194,H,1,p8-t0381-arm_2-r01,environment_done,6,0,operation_to_ingredient_error,wrong_operation_for_ingredient,6,cook red apple in oven,red apple,roast,grill
cookingworld:test:53037,H,1,p8-t0369-arm_2-r01,environment_done,11,0,operation_to_ingredient_error,wrong_operation_for_ingredient,11,cook chicken wing in barbeque,chicken wing,grill,fry
cookingworld:test:52339,D,1,p8-t0324-arm_1-r01,environment_done,13,0,operation_to_ingredient_error,wrong_operation_for_ingredient,13,cook white onion in barbeque,white onion,grill,fry
cookingworld:test:53322,H,1,p8-t0269-arm_2-r01,environment_done,20,0,operation_to_ingredient_error,wrong_operation_for_ingredient,20,cook white onion in barbeque,white onion,grill,fry
cookingworld:test:53790,N,1,p8-t0190-arm_3-r01,environment_done,13,0,premature_ingredient_consumption,ingredient_eaten_before_meal_completion,13,eat yellow bell pepper,yellow bell pepper,,
cookingworld:test:53227,N,1,p8-t0014-arm_3-r01,environment_done,15,0,operation_to_ingredient_error,wrong_operation_for_ingredient,15,cook pork chop in oven,pork chop,roast,grill
cookingworld:test:53501,R,1,p8-t0651-arm_4-r01,environment_done,15,0,operation_to_ingredient_error,wrong_operation_for_ingredient,15,cook red apple in barbeque,red apple,grill,roast
cookingworld:test:52549,N,1,p8-t0342-arm_3-r01,environment_done,8,0,operation_to_ingredient_error,wrong_operation_for_ingredient,8,cook red potato in oven,red potato,roast,grill
cookingworld:test:52041,H,1,p8-t0073-arm_2-r01,environment_done,8,0,operation_to_ingredient_error,wrong_operation_for_ingredient,8,cook red potato in barbeque,red potato,grill,roast
cookingworld:test:53499,N,1,p8-t0534-arm_3-r01,environment_done,8,0,operation_to_ingredient_error,wrong_operation_for_ingredient,8,cook red potato in stove,red potato,fry,grill
cookingworld:test:52278,N,1,p8-t0318-arm_3-r01,environment_done,16,0,premature_ingredient_consumption,ingredient_eaten_before_meal_completion,16,eat carrot,carrot,,
cookingworld:test:53079,H,1,p8-t0489-arm_2-r01,environment_done,10,0,operation_to_ingredient_error,wrong_operation_for_ingredient,10,cook red onion in oven,red onion,roast,grill
cookingworld:test:53753,R,1,p8-t0515-arm_4-r01,environment_done,10,0,operation_to_ingredient_error,wrong_operation_for_ingredient,10,cook carrot in oven,carrot,roast,grill
cookingworld:test:53835,R,1,p8-t0131-arm_4-r01,environment_done,14,0,premature_ingredient_consumption,ingredient_eaten_before_meal_completion,14,eat white onion,white onion,,
cookingworld:test:52890,N,1,p8-t0350-arm_3-r01,environment_done,9,0,operation_to_ingredient_error,wrong_operation_for_ingredient,9,cook red potato in barbeque,red potato,grill,roast
cookingworld:test:53312,N,1,p8-t0230-arm_3-r01,environment_done,17,0,operation_to_ingredient_error,wrong_operation_for_ingredient,17,cook red hot pepper in barbeque,red hot pepper,grill,fry
cookingworld:test:52750,N,1,p8-t0134-arm_3-r01,environment_done,8,0,operation_to_ingredient_error,wrong_operation_for_ingredient,8,cook red onion in stove,red onion,fry,grill
cookingworld:test:52145,R,1,p8-t0227-arm_4-r01,environment_done,16,0,operation_to_ingredient_error,wrong_operation_for_ingredient,16,cook yellow potato in barbeque,yellow potato,grill,roast
cookingworld:test:53602,H,1,p8-t0621-arm_2-r01,environment_done,13,0,operation_to_ingredient_error,wrong_operation_for_ingredient,13,cook orange bell pepper in barbeque,orange bell pepper,grill,roast
cookingworld:test:52844,N,1,p8-t0174-arm_3-r01,environment_done,8,0,operation_to_ingredient_error,wrong_operation_for_ingredient,8,cook carrot in oven,carrot,roast,grill
cookingworld:test:53365,R,1,p8-t0279-arm_4-r01,environment_done,9,0,operation_to_ingredient_error,wrong_operation_for_ingredient,9,cook pork chop in stove,pork chop,fry,grill
cookingworld:test:52373,N,1,p8-t0434-arm_3-r01,environment_done,10,0,operation_to_ingredient_error,operation_on_nonrequired_or_completed_ingredient,10,cook white onion in barbeque,white onion,grill,
cookingworld:test:52217,N,1,p8-t0470-arm_3-r01,environment_done,9,0,operation_to_ingredient_error,wrong_operation_for_ingredient,9,cook red apple in barbeque,red apple,grill,roast
cookingworld:test:52676,D,1,p8-t0120-arm_1-r01,environment_done,11,0,operation_to_ingredient_error,wrong_operation_for_ingredient,11,cook red onion in barbeque,red onion,grill,roast
cookingworld:test:53695,N,1,p8-t0422-arm_3-r01,environment_done,5,0,operation_to_ingredient_error,wrong_operation_for_ingredient,5,cook red apple in stove,red apple,fry,grill
cookingworld:test:52063,N,1,p8-t0042-arm_3-r01,environment_done,8,0,operation_to_ingredient_error,wrong_operation_for_ingredient,8,cook orange bell pepper in stove,orange bell pepper,fry,grill
cookingworld:test:53565,N,1,p8-t0194-arm_3-r01,environment_done,6,0,operation_to_ingredient_error,wrong_operation_for_ingredient,6,cook purple potato in stove,purple potato,fry,grill
cookingworld:test:53394,N,1,p8-t0566-arm_3-r01,environment_done,14,0,operation_to_ingredient_error,wrong_operation_for_ingredient,14,cook pork chop in stove,pork chop,fry,grill
cookingworld:test:52894,R,1,p8-t0199-arm_4-r01,environment_done,12,0,operation_to_ingredient_error,wrong_operation_for_ingredient,12,cook banana in barbeque,banana,grill,fry
cookingworld:test:53260,H,1,p8-t0545-arm_2-r01,environment_done,18,0,operation_to_ingredient_error,wrong_operation_for_ingredient,18,cook yellow potato in barbeque,yellow potato,grill,roast
cookingworld:test:53123,D,1,p8-t0260-arm_1-r01,environment_done,6,0,operation_to_ingredient_error,wrong_operation_for_ingredient,6,cook orange bell pepper in barbeque,orange bell pepper,grill,roast
cookingworld:test:53579,D,1,p8-t0140-arm_1-r01,environment_done,10,0,operation_to_ingredient_error,wrong_operation_for_ingredient,10,cook chicken leg in barbeque,chicken leg,grill,roast
cookingworld:test:53077,R,1,p8-t0431-arm_4-r01,environment_done,10,0,operation_to_ingredient_error,wrong_operation_for_ingredient,10,cook red onion in oven,red onion,roast,grill
cookingworld:test:53728,D,1,p8-t0128-arm_1-r01,environment_done,11,0,operation_to_ingredient_error,wrong_operation_for_ingredient,11,cook banana in barbeque,banana,grill,fry
cookingworld:test:52962,D,1,p8-t0184-arm_1-r01,environment_done,12,0,operation_to_ingredient_error,wrong_operation_for_ingredient,12,cook red potato in barbeque,red potato,grill,roast
cookingworld:test:53257,N,1,p8-t0286-arm_3-r01,environment_done,11,0,operation_to_ingredient_error,wrong_operation_for_ingredient,11,cook banana in barbeque,banana,grill,fry
cookingworld:test:53592,R,1,p8-t0211-arm_4-r01,environment_done,14,0,operation_to_ingredient_error,wrong_operation_for_ingredient,14,cook orange bell pepper in barbeque,orange bell pepper,grill,fry
cookingworld:test:52889,R,1,p8-t0167-arm_4-r01,environment_done,11,0,operation_to_ingredient_error,wrong_operation_for_ingredient,11,cook carrot in barbeque,carrot,grill,fry
cookingworld:test:52581,H,1,p8-t0205-arm_2-r01,environment_done,9,0,operation_to_ingredient_error,wrong_operation_for_ingredient,9,cook red hot pepper in barbeque,red hot pepper,grill,fry
cookingworld:test:52688,N,1,p8-t0078-arm_3-r01,environment_done,11,0,operation_to_ingredient_error,wrong_operation_for_ingredient,11,cook yellow bell pepper in stove,yellow bell pepper,fry,grill
cookingworld:test:52306,D,1,p8-t0096-arm_1-r01,environment_done,11,0,operation_to_ingredient_error,wrong_operation_for_ingredient,11,cook red potato in barbeque,red potato,grill,roast
cookingworld:test:52474,H,1,p8-t0645-arm_2-r01,environment_done,9,0,operation_to_ingredient_error,wrong_operation_for_ingredient,9,cook carrot in barbeque,carrot,grill,fry
cookingworld:test:52237,N,1,p8-t0482-arm_3-r01,environment_done,7,0,operation_to_ingredient_error,wrong_operation_for_ingredient,7,cook purple potato in oven,purple potato,roast,grill
cookingworld:test:52802,N,1,p8-t0242-arm_3-r01,environment_done,9,0,operation_to_ingredient_error,wrong_operation_for_ingredient,9,cook red potato in barbeque,red potato,grill,roast
cookingworld:test:53315,D,1,p8-t0328-arm_1-r01,environment_done,14,0,operation_to_ingredient_error,wrong_operation_for_ingredient,14,cook chicken leg in barbeque,chicken leg,grill,roast
cookingworld:test:52493,R,1,p8-t0235-arm_4-r01,environment_done,13,0,operation_to_ingredient_error,wrong_operation_for_ingredient,13,cook purple potato in barbeque,purple potato,grill,roast
cookingworld:test:52027,N,1,p8-t0142-arm_3-r01,environment_done,12,0,operation_to_ingredient_error,wrong_operation_for_ingredient,12,cook chicken wing in barbeque,chicken wing,grill,fry
cookingworld:test:52424,D,1,p8-t0412-arm_1-r01,environment_done,11,0,operation_to_ingredient_error,wrong_operation_for_ingredient,11,cook red potato in barbeque,red potato,grill,roast
cookingworld:test:53005,R,1,p8-t0015-arm_4-r01,environment_done,16,0,operation_to_ingredient_error,wrong_operation_for_ingredient,16,cook red apple in barbeque,red apple,grill,roast
cookingworld:test:52450,H,1,p8-t0501-arm_2-r01,environment_done,14,0,operation_to_ingredient_error,wrong_operation_for_ingredient,14,cook carrot in barbeque,carrot,grill,fry
cookingworld:test:53319,N,1,p8-t0178-arm_3-r01,environment_done,3,0,operation_to_ingredient_error,wrong_operation_for_ingredient,3,cook red hot pepper in oven,red hot pepper,roast,grill
cookingworld:test:52730,N,1,p8-t0034-arm_3-r01,environment_done,13,0,operation_to_ingredient_error,wrong_operation_for_ingredient,13,cook orange bell pepper in barbeque,orange bell pepper,grill,fry
cookingworld:test:52052,R,1,p8-t0343-arm_4-r01,environment_done,19,0,operation_to_ingredient_error,wrong_operation_for_ingredient,19,cook red onion in barbeque,red onion,grill,roast
cookingworld:test:52275,H,1,p8-t0529-arm_2-r01,environment_done,9,0,operation_to_ingredient_error,wrong_operation_for_ingredient,9,cook yellow potato in barbeque,yellow potato,grill,roast
cookingworld:test:53851,D,1,p8-t0092-arm_1-r01,environment_done,13,0,operation_to_ingredient_error,wrong_operation_for_ingredient,13,cook red onion in barbeque,red onion,grill,roast
cookingworld:test:53664,N,1,p8-t0054-arm_3-r01,environment_done,12,0,operation_to_ingredient_error,wrong_operation_for_ingredient,12,cook pork chop in stove,pork chop,fry,grill
cookingworld:test:52285,N,1,p8-t0270-arm_3-r01,environment_done,5,0,premature_ingredient_consumption,ingredient_eaten_before_meal_completion,5,eat red hot pepper,red hot pepper,,
cookingworld:test:52571,N,1,p8-t0542-arm_3-r01,environment_done,10,0,operation_to_ingredient_error,wrong_operation_for_ingredient,10,cook pork chop in oven,pork chop,roast,grill
cookingworld:test:52815,R,1,p8-t0091-arm_4-r01,environment_done,10,0,operation_to_ingredient_error,wrong_operation_for_ingredient,10,cook red potato in barbeque,red potato,grill,roast
cookingworld:test:53216,H,1,p8-t0549-arm_2-r01,environment_done,14,0,operation_to_ingredient_error,wrong_operation_for_ingredient,14,cook red potato in barbeque,red potato,grill,roast
cookingworld:test:53183,N,1,p8-t0662-arm_3-r01,environment_done,16,0,operation_to_ingredient_error,operation_on_nonrequired_or_completed_ingredient,16,chop white onion,white onion,chop,
cookingworld:test:52054,H,1,p8-t0201-arm_2-r01,environment_done,14,0,operation_to_ingredient_error,wrong_operation_for_ingredient,14,cook block of cheese in barbeque,block of cheese,grill,fry
cookingworld:test:52808,R,1,p8-t0043-arm_4-r01,environment_done,24,0,operation_to_ingredient_error,wrong_operation_for_ingredient,24,cook yellow potato in barbeque,yellow potato,grill,roast
cookingworld:test:53865,N,1,p8-t0626-arm_3-r01,environment_done,8,0,operation_to_ingredient_error,wrong_operation_for_ingredient,8,cook yellow bell pepper in stove,yellow bell pepper,fry,grill
cookingworld:test:52578,D,1,p8-t0492-arm_1-r01,environment_done,8,0,operation_to_ingredient_error,wrong_operation_for_ingredient,8,cook red potato in barbeque,red potato,grill,roast
cookingworld:test:53496,H,1,p8-t0105-arm_2-r01,environment_done,16,0,premature_ingredient_consumption,ingredient_eaten_before_meal_completion,16,eat orange bell pepper,orange bell pepper,,
cookingworld:test:53690,H,1,p8-t0485-arm_2-r01,environment_done,14,0,operation_to_ingredient_error,wrong_operation_for_ingredient,14,cook yellow potato in barbeque,yellow potato,grill,roast
cookingworld:test:52380,D,1,p8-t0360-arm_1-r01,environment_done,10,0,operation_to_ingredient_error,wrong_operation_for_ingredient,10,cook orange bell pepper in oven,orange bell pepper,roast,grill
cookingworld:test:53632,R,1,p8-t0407-arm_4-r01,environment_done,10,0,operation_to_ingredient_error,wrong_operation_for_ingredient,10,cook pork chop in stove,pork chop,fry,grill
cookingworld:test:52773,H,1,p8-t0377-arm_2-r01,environment_done,15,0,operation_to_ingredient_error,wrong_operation_for_ingredient,15,cook red onion in barbeque,red onion,grill,roast
cookingworld:test:52344,N,1,p8-t0130-arm_3-r01,environment_done,8,0,operation_to_ingredient_error,wrong_operation_for_ingredient,8,cook red onion in stove,red onion,fry,grill
cookingworld:test:53946,N,1,p8-t0406-arm_3-r01,environment_done,6,0,operation_to_ingredient_error,wrong_operation_for_ingredient,6,cook red onion in stove,red onion,fry,grill
cookingworld:test:52965,R,1,p8-t0039-arm_4-r01,environment_done,8,0,operation_to_ingredient_error,wrong_operation_for_ingredient,8,cook carrot in oven,carrot,roast,dice
cookingworld:test:52917,R,1,p8-t0231-arm_4-r01,environment_done,15,0,operation_to_ingredient_error,wrong_operation_for_ingredient,15,cook carrot in stove,carrot,fry,grill
cookingworld:test:53209,N,1,p8-t0114-arm_3-r01,environment_done,8,0,operation_to_ingredient_error,wrong_operation_for_ingredient,8,cook orange bell pepper in stove,orange bell pepper,fry,grill
cookingworld:test:52080,D,1,p8-t0584-arm_1-r01,environment_done,14,0,operation_to_ingredient_error,wrong_operation_for_ingredient,14,cook carrot in barbeque,carrot,grill,fry
cookingworld:test:52207,D,1,p8-t0588-arm_1-r01,environment_done,13,0,operation_to_ingredient_error,wrong_operation_for_ingredient,13,cook red hot pepper in barbeque,red hot pepper,grill,fry
cookingworld:test:52314,H,1,p8-t0413-arm_2-r01,environment_done,13,0,operation_to_ingredient_error,wrong_operation_for_ingredient,13,cook chicken wing in barbeque,chicken wing,grill,fry
cookingworld:test:53213,N,1,p8-t0370-arm_3-r01,environment_done,10,0,operation_to_ingredient_error,operation_allocated_to_wrong_ingredient_role,10,cook chicken leg in barbeque,chicken leg,grill,roast
cookingworld:test:52312,N,1,p8-t0298-arm_3-r01,environment_done,8,0,operation_to_ingredient_error,wrong_operation_for_ingredient,8,cook pork chop in stove,pork chop,fry,grill
cookingworld:test:52674,N,1,p8-t0118-arm_3-r01,environment_done,4,0,operation_to_ingredient_error,wrong_operation_for_ingredient,4,cook red apple in stove,red apple,fry,grill
cookingworld:test:53112,H,1,p8-t0309-arm_2-r01,environment_done,11,0,operation_to_ingredient_error,wrong_operation_for_ingredient,11,cook red potato in barbeque,red potato,grill,roast
cookingworld:test:52004,N,1,p8-t0642-arm_3-r01,environment_done,17,0,premature_ingredient_consumption,ingredient_eaten_before_meal_completion,17,eat white onion,white onion,,
cookingworld:test:53452,R,1,p8-t0655-arm_4-r01,max_steps,50,0,navigation_or_step_limit_failure,step_limit_without_irreversible_recipe_error,,,,,
cookingworld:test:52902,H,1,p8-t0101-arm_2-r01,environment_done,5,0,operation_to_ingredient_error,wrong_operation_for_ingredient,5,cook red potato in barbeque,red potato,grill,roast
cookingworld:test:52506,R,1,p8-t0423-arm_4-r01,environment_done,7,0,operation_to_ingredient_error,wrong_operation_for_ingredient,7,cook orange bell pepper in barbeque,orange bell pepper,grill,roast
cookingworld:test:52068,R,1,p8-t0331-arm_4-r01,environment_done,11,0,operation_to_ingredient_error,wrong_operation_for_ingredient,11,cook red apple in barbeque,red apple,grill,roast
cookingworld:test:53293,N,1,p8-t0646-arm_3-r01,environment_done,19,1,operation_to_ingredient_error,wrong_operation_for_ingredient,19,cook purple potato in barbeque,purple potato,grill,roast
cookingworld:test:52853,N,1,p8-t0158-arm_3-r01,environment_done,6,0,operation_to_ingredient_error,wrong_operation_for_ingredient,6,cook purple potato in stove,purple potato,fry,grill
cookingworld:test:52025,N,1,p8-t0294-arm_3-r01,environment_done,9,0,operation_to_ingredient_error,wrong_operation_for_ingredient,9,cook pork chop in stove,pork chop,fry,grill
cookingworld:test:53187,H,1,p8-t0021-arm_2-r01,environment_done,11,0,operation_to_ingredient_error,wrong_operation_for_ingredient,11,cook red apple in barbeque,red apple,grill,roast
cookingworld:test:53555,N,1,p8-t0026-arm_3-r01,environment_done,11,0,operation_to_ingredient_error,wrong_operation_for_ingredient,11,cook purple potato in barbeque,purple potato,grill,roast
cookingworld:test:52928,R,1,p8-t0375-arm_4-r01,environment_done,7,0,operation_to_ingredient_error,wrong_operation_for_ingredient,7,cook red potato in barbeque,red potato,grill,roast
cookingworld:test:52201,N,1,p8-t0526-arm_3-r01,environment_done,16,0,premature_ingredient_consumption,ingredient_eaten_before_meal_completion,16,eat yellow bell pepper,yellow bell pepper,,
cookingworld:test:52748,R,1,p8-t0483-arm_4-r01,environment_done,12,0,operation_to_ingredient_error,wrong_operation_for_ingredient,12,cook carrot in barbeque,carrot,grill,fry
cookingworld:test:52064,N,1,p8-t0502-arm_3-r01,environment_done,14,0,operation_to_ingredient_error,wrong_operation_for_ingredient,14,cook red onion in barbeque,red onion,grill,roast
cookingworld:test:52258,R,1,p8-t0455-arm_4-r01,environment_done,15,0,operation_to_ingredient_error,wrong_operation_for_ingredient,15,cook purple potato in barbeque,purple potato,grill,roast
cookingworld:test:53327,H,1,p8-t0257-arm_2-r01,environment_done,11,0,operation_to_ingredient_error,wrong_operation_for_ingredient,11,cook pork chop in oven,pork chop,roast,grill
cookingworld:test:52958,N,1,p8-t0426-arm_3-r01,environment_done,10,0,operation_to_ingredient_error,operation_on_nonrequired_or_completed_ingredient,10,cook banana in barbeque,banana,grill,
cookingworld:test:53288,R,1,p8-t0663-arm_4-r01,environment_done,11,0,operation_to_ingredient_error,wrong_operation_for_ingredient,11,cook white onion in barbeque,white onion,grill,fry
cookingworld:test:53661,N,1,p8-t0002-arm_3-r01,environment_done,10,0,premature_ingredient_consumption,ingredient_eaten_before_meal_completion,10,eat block of cheese,block of cheese,,
cookingworld:test:53208,R,1,p8-t0215-arm_4-r01,environment_done,13,0,operation_to_ingredient_error,wrong_operation_for_ingredient,13,cook block of cheese in barbeque,block of cheese,grill,fry
cookingworld:test:53760,N,1,p8-t0462-arm_3-r01,environment_done,13,0,premature_ingredient_consumption,ingredient_eaten_before_meal_completion,13,eat red hot pepper,red hot pepper,,
cookingworld:test:52563,N,1,p8-t0222-arm_3-r01,environment_done,10,0,operation_to_ingredient_error,wrong_operation_for_ingredient,10,cook pork chop in stove,pork chop,fry,grill
cookingworld:test:53665,N,1,p8-t0402-arm_3-r01,environment_done,13,0,operation_to_ingredient_error,operation_on_nonrequired_or_completed_ingredient,13,chop banana,banana,chop,
cookingworld:test:53940,R,1,p8-t0535-arm_4-r01,environment_done,14,0,operation_to_ingredient_error,wrong_operation_for_ingredient,14,cook block of cheese in barbeque,block of cheese,grill,fry
cookingworld:test:53895,N,1,p8-t0266-arm_3-r01,environment_done,13,0,operation_to_ingredient_error,wrong_operation_for_ingredient,13,cook red hot pepper in barbeque,red hot pepper,grill,fry
cookingworld:test:52436,H,1,p8-t0397-arm_2-r01,environment_done,9,0,operation_to_ingredient_error,wrong_operation_for_ingredient,9,cook pork chop in stove,pork chop,fry,grill
cookingworld:test:52859,N,1,p8-t0246-arm_3-r01,environment_done,12,0,operation_to_ingredient_error,wrong_operation_for_ingredient,12,cook pork chop in stove,pork chop,fry,grill
cookingworld:test:52615,H,1,p8-t0373-arm_2-r01,environment_done,11,0,operation_to_ingredient_error,wrong_operation_for_ingredient,11,cook red apple in barbeque,red apple,grill,roast
cookingworld:test:53772,H,1,p8-t0245-arm_2-r01,environment_done,9,0,operation_to_ingredient_error,wrong_operation_for_ingredient,9,cook chicken wing in barbeque,chicken wing,grill,fry
cookingworld:test:53329,D,1,p8-t0296-arm_1-r01,environment_done,11,0,operation_to_ingredient_error,wrong_operation_for_ingredient,11,cook pork chop in stove,pork chop,fry,grill
cookingworld:test:53944,N,1,p8-t0390-arm_3-r01,environment_done,14,0,premature_ingredient_consumption,ingredient_eaten_before_meal_completion,14,eat carrot,carrot,,
cookingworld:test:53710,N,1,p8-t0206-arm_3-r01,environment_done,8,0,premature_ingredient_consumption,ingredient_eaten_before_meal_completion,8,eat block of cheese,block of cheese,,
cookingworld:test:52346,H,1,p8-t0169-arm_2-r01,environment_done,9,0,operation_to_ingredient_error,wrong_operation_for_ingredient,9,cook chicken leg in barbeque,chicken leg,grill,roast
cookingworld:test:52724,D,1,p8-t0052-arm_1-r01,environment_done,12,0,operation_to_ingredient_error,wrong_operation_for_ingredient,12,cook yellow potato in barbeque,yellow potato,grill,roast
cookingworld:test:52774,N,1,p8-t0258-arm_3-r01,environment_done,10,0,operation_to_ingredient_error,wrong_operation_for_ingredient,10,cook yellow potato in barbeque,yellow potato,grill,fry
cookingworld:test:52195,R,1,p8-t0095-arm_4-r01,environment_done,9,0,operation_to_ingredient_error,wrong_operation_for_ingredient,9,cook orange bell pepper in barbeque,orange bell pepper,grill,roast
cookingworld:test:53271,N,1,p8-t0038-arm_3-r01,environment_done,14,0,premature_ingredient_consumption,ingredient_eaten_before_meal_completion,14,eat cilantro,cilantro,,
cookingworld:test:52640,R,1,p8-t0307-arm_4-r01,environment_done,10,0,operation_to_ingredient_error,operation_allocated_to_wrong_ingredient_role,10,cook pork chop in oven,pork chop,roast,grill
cookingworld:test:52806,N,1,p8-t0030-arm_3-r01,environment_done,8,0,operation_to_ingredient_error,wrong_operation_for_ingredient,8,cook pork chop in oven,pork chop,roast,grill
cookingworld:test:53186,H,1,p8-t0437-arm_2-r01,environment_done,13,0,operation_to_ingredient_error,wrong_operation_for_ingredient,13,cook orange bell pepper in barbeque,orange bell pepper,grill,roast
cookingworld:test:52264,R,1,p8-t0387-arm_4-r01,environment_done,13,0,operation_to_ingredient_error,wrong_operation_for_ingredient,13,cook block of cheese in barbeque,block of cheese,grill,roast
cookingworld:test:53825,H,1,p8-t0457-arm_2-r01,environment_done,12,0,operation_to_ingredient_error,wrong_operation_for_ingredient,12,cook orange bell pepper in barbeque,orange bell pepper,grill,roast
cookingworld:test:53872,H,1,p8-t0561-arm_2-r01,environment_done,14,0,operation_to_ingredient_error,wrong_operation_for_ingredient,14,cook red hot pepper in barbeque,red hot pepper,grill,fry
cookingworld:test:52613,D,1,p8-t0004-arm_1-r01,environment_done,13,0,operation_to_ingredient_error,wrong_operation_for_ingredient,13,cook red hot pepper in barbeque,red hot pepper,grill,fry
cookingworld:test:53210,D,1,p8-t0268-arm_1-r01,environment_done,13,0,operation_to_ingredient_error,wrong_operation_for_ingredient,13,cook red onion in barbeque,red onion,grill,roast
cookingworld:test:53396,H,1,p8-t0173-arm_2-r01,environment_done,14,0,operation_to_ingredient_error,wrong_operation_for_ingredient,14,cook carrot in barbeque,carrot,grill,fry
cookingworld:test:52255,N,1,p8-t0210-arm_3-r01,environment_done,13,0,operation_to_ingredient_error,wrong_operation_for_ingredient,13,cook purple potato in stove,purple potato,fry,grill
cookingworld:test:52534,N,1,p8-t0510-arm_3-r01,environment_done,9,0,operation_to_ingredient_error,wrong_operation_for_ingredient,9,cook yellow bell pepper in stove,yellow bell pepper,fry,grill
cookingworld:test:53643,D,1,p8-t0398-arm_1-r01,environment_done,16,0,operation_to_ingredient_error,wrong_operation_for_ingredient,16,cook block of cheese in barbeque,block of cheese,grill,fry
cookingworld:test:53595,R,1,p8-t0669-arm_4-r01,environment_done,7,0,operation_to_ingredient_error,wrong_operation_for_ingredient,7,cook red onion in stove,red onion,fry,grill
cookingworld:test:53487,N,1,p8-t0036-arm_3-r01,environment_done,11,0,operation_to_ingredient_error,wrong_operation_for_ingredient,11,cook pork chop in stove,pork chop,fry,grill
cookingworld:test:52003,H,1,p8-t0239-arm_2-r01,environment_done,12,0,operation_to_ingredient_error,wrong_operation_for_ingredient,12,cook chicken wing in barbeque,chicken wing,grill,fry
cookingworld:test:52615,R,1,p8-t0373-arm_4-r01,environment_done,9,0,operation_to_ingredient_error,wrong_operation_for_ingredient,9,cook red apple in barbeque,red apple,grill,roast
cookingworld:test:52210,H,1,p8-t0263-arm_2-r01,environment_done,15,0,operation_to_ingredient_error,wrong_operation_for_ingredient,15,cook orange bell pepper in barbeque,orange bell pepper,grill,fry
cookingworld:test:52557,N,1,p8-t0316-arm_3-r01,environment_done,14,0,operation_to_ingredient_error,wrong_operation_for_ingredient,14,cook purple potato in barbeque,purple potato,grill,roast
cookingworld:test:52331,H,1,p8-t0391-arm_2-r01,environment_done,10,0,operation_to_ingredient_error,wrong_operation_for_ingredient,10,cook pork chop in stove,pork chop,fry,grill
cookingworld:test:52064,D,1,p8-t0502-arm_1-r01,environment_done,10,0,operation_to_ingredient_error,wrong_operation_for_ingredient,10,cook red onion in barbeque,red onion,grill,roast
cookingworld:test:52854,N,1,p8-t0024-arm_3-r01,environment_done,6,0,operation_to_ingredient_error,wrong_operation_for_ingredient,6,cook red onion in stove,red onion,fry,grill
cookingworld:test:52217,D,1,p8-t0470-arm_1-r01,environment_done,11,0,operation_to_ingredient_error,wrong_operation_for_ingredient,11,cook red apple in barbeque,red apple,grill,roast
cookingworld:test:52197,D,1,p8-t0650-arm_1-r01,environment_done,8,0,operation_to_ingredient_error,wrong_operation_for_ingredient,8,cook chicken wing in barbeque,chicken wing,grill,fry
cookingworld:test:52937,H,1,p8-t0539-arm_2-r01,environment_done,9,0,operation_to_ingredient_error,wrong_operation_for_ingredient,9,cook pork chop in stove,pork chop,fry,grill
cookingworld:test:53005,H,1,p8-t0015-arm_2-r01,environment_done,7,0,operation_to_ingredient_error,wrong_operation_for_ingredient,7,cook chicken leg in barbeque,chicken leg,grill,roast
cookingworld:test:53782,N,1,p8-t0428-arm_3-r01,environment_done,12,0,operation_to_ingredient_error,wrong_operation_for_ingredient,12,cook pork chop in stove,pork chop,fry,grill
cookingworld:test:53312,D,1,p8-t0230-arm_1-r01,environment_done,13,0,operation_to_ingredient_error,wrong_operation_for_ingredient,13,cook red hot pepper in barbeque,red hot pepper,grill,fry
cookingworld:test:53644,D,1,p8-t0010-arm_1-r01,environment_done,11,0,operation_to_ingredient_error,wrong_operation_for_ingredient,11,cook orange bell pepper in barbeque,orange bell pepper,grill,fry
cookingworld:test:53123,N,1,p8-t0260-arm_3-r01,environment_done,8,0,operation_to_ingredient_error,wrong_operation_for_ingredient,8,cook orange bell pepper in barbeque,orange bell pepper,grill,roast
cookingworld:test:53008,N,1,p8-t0520-arm_3-r01,max_steps,50,1,navigation_or_step_limit_failure,step_limit_without_irreversible_recipe_error,,,,,
cookingworld:test:52707,H,1,p8-t0547-arm_2-r01,environment_done,15,0,operation_to_ingredient_error,wrong_operation_for_ingredient,15,cook yellow potato in barbeque,yellow potato,grill,roast
cookingworld:test:52808,H,1,p8-t0043-arm_2-r01,environment_done,12,0,operation_to_ingredient_error,wrong_operation_for_ingredient,12,cook yellow potato in barbeque,yellow potato,grill,roast
cookingworld:test:52723,N,1,p8-t0552-arm_3-r01,environment_done,8,0,operation_to_ingredient_error,wrong_operation_for_ingredient,8,cook pork chop in stove,pork chop,fry,grill
cookingworld:test:52145,H,1,p8-t0227-arm_2-r01,environment_done,9,0,operation_to_ingredient_error,wrong_operation_for_ingredient,9,cook yellow potato in barbeque,yellow potato,grill,roast
cookingworld:test:53555,D,1,p8-t0026-arm_1-r01,environment_done,8,0,operation_to_ingredient_error,wrong_operation_for_ingredient,8,cook purple potato in barbeque,purple potato,grill,roast
cookingworld:test:53468,H,1,p8-t0055-arm_2-r01,environment_done,10,0,operation_to_ingredient_error,wrong_operation_for_ingredient,10,cook red hot pepper in oven,red hot pepper,roast,grill
cookingworld:test:53825,R,1,p8-t0457-arm_4-r01,environment_done,13,0,operation_to_ingredient_error,wrong_operation_for_ingredient,13,cook orange bell pepper in barbeque,orange bell pepper,grill,roast
cookingworld:test:52815,H,1,p8-t0091-arm_2-r01,environment_done,11,0,operation_to_ingredient_error,wrong_operation_for_ingredient,11,cook red potato in barbeque,red potato,grill,roast
cookingworld:test:53394,D,1,p8-t0566-arm_1-r01,environment_done,8,0,operation_to_ingredient_error,wrong_operation_for_ingredient,8,cook pork chop in stove,pork chop,fry,grill
cookingworld:test:53856,D,1,p8-t0314-arm_1-r01,environment_done,11,0,operation_to_ingredient_error,wrong_operation_for_ingredient,11,cook red apple in barbeque,red apple,grill,fry
cookingworld:test:53406,D,1,p8-t0066-arm_1-r01,environment_done,11,0,operation_to_ingredient_error,wrong_operation_for_ingredient,11,cook purple potato in barbeque,purple potato,grill,roast
cookingworld:test:52818,N,1,p8-t0040-arm_3-r01,environment_done,15,0,operation_to_ingredient_error,wrong_operation_for_ingredient,15,cook white onion in stove,white onion,fry,grill
cookingworld:test:52258,H,1,p8-t0455-arm_2-r01,environment_done,8,0,operation_to_ingredient_error,wrong_operation_for_ingredient,8,cook purple potato in barbeque,purple potato,grill,roast
cookingworld:test:53093,N,1,p8-t0240-arm_3-r01,max_steps,50,0,navigation_or_step_limit_failure,step_limit_without_irreversible_recipe_error,,,,,
cookingworld:test:53995,N,1,p8-t0160-arm_3-r01,environment_done,5,0,operation_to_ingredient_error,wrong_operation_for_ingredient,5,cook red potato in oven,red potato,roast,grill
cookingworld:test:53326,H,1,p8-t0595-arm_2-r01,environment_done,11,0,operation_to_ingredient_error,wrong_operation_for_ingredient,11,cook yellow potato in barbeque,yellow potato,grill,fry
cookingworld:test:52312,D,1,p8-t0298-arm_1-r01,environment_done,9,0,operation_to_ingredient_error,wrong_operation_for_ingredient,9,cook pork chop in oven,pork chop,roast,grill
cookingworld:test:53539,N,1,p8-t0600-arm_3-r01,environment_done,12,0,operation_to_ingredient_error,wrong_operation_for_ingredient,12,cook carrot in stove,carrot,fry,grill
cookingworld:test:52385,N,1,p8-t0372-arm_3-r01,environment_done,7,0,operation_to_ingredient_error,wrong_operation_for_ingredient,7,cook pork chop in stove,pork chop,fry,grill
cookingworld:test:53614,N,1,p8-t0148-arm_3-r01,environment_done,16,1,premature_ingredient_consumption,ingredient_eaten_before_meal_completion,16,eat yellow bell pepper,yellow bell pepper,,
cookingworld:test:52264,H,1,p8-t0387-arm_2-r01,environment_done,9,0,operation_to_ingredient_error,wrong_operation_for_ingredient,9,cook carrot in stove,carrot,fry,dice
cookingworld:test:52894,H,1,p8-t0199-arm_2-r01,environment_done,9,0,operation_to_ingredient_error,wrong_operation_for_ingredient,9,cook banana in barbeque,banana,grill,fry
cookingworld:test:53792,N,1,p8-t0204-arm_3-r01,environment_done,10,0,operation_to_ingredient_error,wrong_operation_for_ingredient,10,cook pork chop in stove,pork chop,fry,grill
cookingworld:test:52493,H,1,p8-t0235-arm_2-r01,environment_done,13,0,operation_to_ingredient_error,wrong_operation_for_ingredient,13,cook purple potato in barbeque,purple potato,grill,roast
cookingworld:test:53508,N,1,p8-t0488-arm_3-r01,environment_done,15,0,operation_to_ingredient_error,operation_on_nonrequired_or_completed_ingredient,15,chop yellow bell pepper,yellow bell pepper,chop,
cookingworld:test:53210,N,1,p8-t0268-arm_3-r01,environment_done,12,0,operation_to_ingredient_error,wrong_operation_for_ingredient,12,cook red onion in barbeque,red onion,grill,roast
cookingworld:test:52129,N,1,p8-t0188-arm_3-r01,environment_done,7,0,premature_ingredient_consumption,ingredient_eaten_before_meal_completion,7,eat block of cheese,block of cheese,,
cookingworld:test:52226,N,1,p8-t0508-arm_3-r01,environment_done,7,0,operation_to_ingredient_error,wrong_operation_for_ingredient,7,cook pork chop in stove,pork chop,fry,grill
cookingworld:test:52450,R,1,p8-t0501-arm_4-r01,environment_done,10,0,operation_to_ingredient_error,wrong_operation_for_ingredient,10,cook carrot in barbeque,carrot,grill,fry
cookingworld:test:52794,N,1,p8-t0432-arm_3-r01,environment_done,13,0,operation_to_ingredient_error,wrong_operation_for_ingredient,13,cook yellow bell pepper in stove,yellow bell pepper,fry,grill
cookingworld:test:53440,H,1,p8-t0143-arm_2-r01,environment_done,12,0,operation_to_ingredient_error,wrong_operation_for_ingredient,12,cook pork chop in stove,pork chop,fry,grill
cookingworld:test:53617,H,1,p8-t0647-arm_2-r01,environment_done,15,0,operation_to_ingredient_error,wrong_operation_for_ingredient,15,cook red hot pepper in barbeque,red hot pepper,grill,fry
cookingworld:test:53579,N,1,p8-t0140-arm_3-r01,environment_done,15,0,operation_to_ingredient_error,wrong_operation_for_ingredient,15,cook chicken leg in barbeque,chicken leg,grill,roast
cookingworld:test:53585,H,1,p8-t0139-arm_2-r01,environment_done,7,0,operation_to_ingredient_error,wrong_operation_for_ingredient,7,cook red onion in oven,red onion,roast,grill
cookingworld:test:52338,N,1,p8-t0504-arm_3-r01,environment_done,5,0,operation_to_ingredient_error,wrong_operation_for_ingredient,5,cook purple potato in stove,purple potato,fry,grill
cookingworld:test:53329,N,1,p8-t0296-arm_3-r01,environment_done,9,0,operation_to_ingredient_error,wrong_operation_for_ingredient,9,cook pork chop in stove,pork chop,fry,grill
cookingworld:test:53257,D,1,p8-t0286-arm_1-r01,environment_done,10,0,operation_to_ingredient_error,wrong_operation_for_ingredient,10,cook banana in barbeque,banana,grill,fry
cookingworld:test:52848,R,1,p8-t0213-arm_4-r01,environment_done,8,0,operation_to_ingredient_error,wrong_operation_for_ingredient,8,cook red apple in barbeque,red apple,grill,fry
cookingworld:test:53288,H,1,p8-t0663-arm_2-r01,environment_done,15,0,operation_to_ingredient_error,wrong_operation_for_ingredient,15,cook white onion in barbeque,white onion,grill,fry
cookingworld:test:53300,N,1,p8-t0100-arm_3-r01,environment_done,6,0,operation_to_ingredient_error,wrong_operation_for_ingredient,6,cook orange bell pepper in stove,orange bell pepper,fry,dice
cookingworld:test:53789,R,1,p8-t0469-arm_4-r01,environment_done,8,0,operation_to_ingredient_error,wrong_operation_for_ingredient,8,cook carrot in oven,carrot,roast,grill
cookingworld:test:53260,R,1,p8-t0545-arm_4-r01,environment_done,19,0,operation_to_ingredient_error,wrong_operation_for_ingredient,19,cook yellow potato in barbeque,yellow potato,grill,roast
cookingworld:test:53315,N,1,p8-t0328-arm_3-r01,environment_done,13,0,operation_to_ingredient_error,wrong_operation_for_ingredient,13,cook chicken leg in barbeque,chicken leg,grill,roast
cookingworld:test:52928,H,1,p8-t0375-arm_2-r01,environment_done,11,0,operation_to_ingredient_error,wrong_operation_for_ingredient,11,cook red potato in barbeque,red potato,grill,roast
cookingworld:test:52659,N,1,p8-t0608-arm_3-r01,environment_done,10,0,operation_to_ingredient_error,wrong_operation_for_ingredient,10,cook pork chop in stove,pork chop,fry,grill
cookingworld:test:53187,R,1,p8-t0021-arm_4-r01,environment_done,9,0,operation_to_ingredient_error,wrong_operation_for_ingredient,9,cook red apple in barbeque,red apple,grill,roast
cookingworld:test:53671,N,1,p8-t0408-arm_3-r01,environment_done,17,0,operation_to_ingredient_error,wrong_operation_for_ingredient,17,cook yellow potato in barbeque,yellow potato,grill,fry
cookingworld:test:53990,N,1,p8-t0580-arm_3-r01,environment_done,7,0,operation_to_ingredient_error,wrong_operation_for_ingredient,7,cook pork chop in stove,pork chop,fry,grill
cookingworld:test:53991,R,1,p8-t0293-arm_4-r01,max_steps,50,0,navigation_or_step_limit_failure,step_limit_without_irreversible_recipe_error,,,,,
cookingworld:test:53771,N,1,p8-t0480-arm_3-r01,environment_done,15,0,operation_to_ingredient_error,wrong_operation_for_ingredient,15,cook red onion in stove,red onion,fry,grill
cookingworld:test:52837,R,1,p8-t0337-arm_4-r01,environment_done,17,0,operation_to_ingredient_error,wrong_operation_for_ingredient,17,cook red hot pepper in barbeque,red hot pepper,grill,fry
cookingworld:test:52223,N,1,p8-t0256-arm_3-r01,environment_done,10,0,operation_to_ingredient_error,wrong_operation_for_ingredient,10,cook banana in barbeque,banana,grill,fry
cookingworld:test:53544,N,1,p8-t0252-arm_3-r01,environment_done,10,0,operation_to_ingredient_error,wrong_operation_for_ingredient,10,cook pork chop in stove,pork chop,fry,grill
cookingworld:test:52859,D,1,p8-t0246-arm_1-r01,environment_done,10,0,operation_to_ingredient_error,wrong_operation_for_ingredient,10,cook pork chop in stove,pork chop,fry,grill
cookingworld:test:53179,N,1,p8-t0636-arm_3-r01,environment_done,9,0,operation_to_ingredient_error,wrong_operation_for_ingredient,9,cook yellow potato in barbeque,yellow potato,grill,fry
cookingworld:test:53377,N,1,p8-t0396-arm_3-r01,environment_done,16,0,operation_to_ingredient_error,wrong_operation_for_ingredient,16,cook red onion in barbeque,red onion,grill,roast
cookingworld:test:53112,R,1,p8-t0309-arm_4-r01,environment_done,11,0,operation_to_ingredient_error,wrong_operation_for_ingredient,11,cook red potato in barbeque,red potato,grill,roast
cookingworld:test:52276,N,1,p8-t0168-arm_3-r01,environment_done,10,0,operation_to_ingredient_error,wrong_operation_for_ingredient,10,cook orange bell pepper in stove,orange bell pepper,fry,grill
cookingworld:test:52839,H,1,p8-t0047-arm_2-r01,environment_done,12,0,operation_to_ingredient_error,wrong_operation_for_ingredient,12,cook purple potato in barbeque,purple potato,grill,roast
cookingworld:test:52593,N,1,p8-t0176-arm_3-r01,environment_done,3,0,premature_ingredient_consumption,ingredient_eaten_before_meal_completion,3,eat red apple,red apple,,
cookingworld:test:53778,N,1,p8-t0236-arm_3-r01,environment_done,5,0,operation_to_ingredient_error,wrong_operation_for_ingredient,5,cook red hot pepper in oven,red hot pepper,roast,grill
cookingworld:test:53124,D,1,p8-t0574-arm_1-r01,environment_done,14,0,operation_to_ingredient_error,wrong_operation_for_ingredient,14,cook chicken wing in barbeque,chicken wing,grill,fry
cookingworld:test:53928,H,1,p8-t0403-arm_2-r01,environment_done,9,0,operation_to_ingredient_error,wrong_operation_for_ingredient,9,cook chicken leg in barbeque,chicken leg,grill,roast
cookingworld:test:53317,N,1,p8-t0344-arm_3-r01,environment_done,9,0,operation_to_ingredient_error,wrong_operation_for_ingredient,9,cook purple potato in oven,purple potato,roast,grill
cookingworld:test:52638,D,1,p8-t0622-arm_1-r01,environment_done,10,0,operation_to_ingredient_error,wrong_operation_for_ingredient,10,cook yellow potato in barbeque,yellow potato,grill,fry
cookingworld:test:52560,N,1,p8-t0524-arm_3-r01,environment_done,9,0,operation_to_ingredient_error,operation_on_nonrequired_or_completed_ingredient,9,cook red hot pepper in barbeque,red hot pepper,grill,
cookingworld:test:52267,N,1,p8-t0208-arm_3-r01,environment_done,7,0,premature_ingredient_consumption,ingredient_eaten_before_meal_completion,7,eat orange bell pepper,orange bell pepper,,
cookingworld:test:52473,N,1,p8-t0132-arm_3-r01,environment_done,6,0,premature_ingredient_consumption,ingredient_eaten_before_meal_completion,6,eat block of cheese,block of cheese,,
cookingworld:test:53089,D,1,p8-t0354-arm_1-r01,environment_done,12,0,operation_to_ingredient_error,wrong_operation_for_ingredient,12,cook chicken leg in barbeque,chicken leg,grill,roast
cookingworld:test:52846,N,1,p8-t0044-arm_3-r01,environment_done,6,0,operation_to_ingredient_error,wrong_operation_for_ingredient,6,cook purple potato in oven,purple potato,roast,grill
cookingworld:test:52965,H,1,p8-t0039-arm_2-r01,environment_done,10,0,operation_to_ingredient_error,wrong_operation_for_ingredient,10,cook carrot in oven,carrot,roast,grill
cookingworld:test:53450,D,1,p8-t0546-arm_1-r01,environment_done,11,0,operation_to_ingredient_error,wrong_operation_for_ingredient,11,cook chicken wing in barbeque,chicken wing,grill,fry
cookingworld:test:53501,H,1,p8-t0651-arm_2-r01,environment_done,9,0,operation_to_ingredient_error,wrong_operation_for_ingredient,9,cook red apple in barbeque,red apple,grill,roast
cookingworld:test:53351,R,1,p8-t0565-arm_4-r01,environment_done,8,0,operation_to_ingredient_error,wrong_operation_for_ingredient,8,cook yellow bell pepper in stove,yellow bell pepper,fry,chop
cookingworld:test:52380,N,1,p8-t0360-arm_3-r01,environment_done,9,0,operation_to_ingredient_error,wrong_operation_for_ingredient,9,cook orange bell pepper in stove,orange bell pepper,fry,grill
cookingworld:test:52556,R,1,p8-t0037-arm_4-r01,environment_done,12,0,operation_to_ingredient_error,wrong_operation_for_ingredient,12,cook white onion in barbeque,white onion,grill,fry
cookingworld:test:53447,R,1,p8-t0049-arm_4-r01,environment_done,10,0,operation_to_ingredient_error,wrong_operation_for_ingredient,10,cook white onion in stove,white onion,fry,grill
cookingworld:test:53427,R,1,p8-t0209-arm_4-r01,environment_done,14,0,operation_to_ingredient_error,wrong_operation_for_ingredient,14,cook orange bell pepper in barbeque,orange bell pepper,grill,fry
cookingworld:test:53522,N,1,p8-t0340-arm_3-r01,environment_done,10,0,operation_to_ingredient_error,wrong_operation_for_ingredient,10,cook white onion in stove,white onion,fry,grill
cookingworld:test:53786,D,1,p8-t0006-arm_1-r01,environment_done,12,0,operation_to_ingredient_error,wrong_operation_for_ingredient,12,cook red hot pepper in barbeque,red hot pepper,grill,fry
cookingworld:test:52728,N,1,p8-t0484-arm_3-r01,environment_done,3,0,premature_ingredient_consumption,ingredient_eaten_before_meal_completion,3,eat red apple,red apple,,
cookingworld:test:52890,D,1,p8-t0350-arm_1-r01,environment_done,8,0,operation_to_ingredient_error,wrong_operation_for_ingredient,8,cook red potato in barbeque,red potato,grill,roast
cookingworld:test:53132,D,1,p8-t0506-arm_1-r01,environment_done,10,0,operation_to_ingredient_error,wrong_operation_for_ingredient,10,cook yellow potato in barbeque,yellow potato,grill,roast
cookingworld:test:52745,N,1,p8-t0368-arm_3-r01,environment_done,8,0,premature_ingredient_consumption,ingredient_eaten_before_meal_completion,8,eat block of cheese,block of cheese,,
cookingworld:test:52601,H,1,p8-t0079-arm_2-r01,environment_done,8,0,operation_to_ingredient_error,wrong_operation_for_ingredient,8,cook red potato in oven,red potato,roast,grill
cookingworld:test:52342,N,1,p8-t0388-arm_3-r01,environment_done,7,0,operation_to_ingredient_error,wrong_operation_for_ingredient,7,cook pork chop in stove,pork chop,fry,grill
cookingworld:test:52457,N,1,p8-t0076-arm_3-r01,environment_done,15,0,operation_to_ingredient_error,wrong_operation_for_ingredient,15,cook purple potato in oven,purple potato,roast,grill
cookingworld:test:52195,H,1,p8-t0095-arm_2-r01,environment_done,14,0,operation_to_ingredient_error,wrong_operation_for_ingredient,14,cook orange bell pepper in barbeque,orange bell pepper,grill,roast
cookingworld:test:53722,N,1,p8-t0512-arm_3-r01,environment_done,7,0,premature_ingredient_consumption,ingredient_eaten_before_meal_completion,7,eat block of cheese,block of cheese,,
cookingworld:test:53405,R,1,p8-t0285-arm_4-r01,environment_done,13,0,premature_ingredient_consumption,ingredient_eaten_before_meal_completion,13,eat block of cheese,block of cheese,,
cookingworld:test:52578,N,1,p8-t0492-arm_3-r01,environment_done,9,0,operation_to_ingredient_error,wrong_operation_for_ingredient,9,cook red potato in barbeque,red potato,grill,roast
cookingworld:test:52674,D,1,p8-t0118-arm_1-r01,environment_done,4,0,operation_to_ingredient_error,wrong_operation_for_ingredient,4,cook red apple in oven,red apple,roast,grill
cookingworld:test:52671,R,1,p8-t0313-arm_4-r01,environment_done,13,0,operation_to_ingredient_error,wrong_operation_for_ingredient,13,cook yellow potato in barbeque,yellow potato,grill,fry
cookingworld:test:52571,D,1,p8-t0542-arm_1-r01,environment_done,11,0,operation_to_ingredient_error,wrong_operation_for_ingredient,11,cook pork chop in oven,pork chop,roast,grill
cookingworld:test:52893,R,1,p8-t0221-arm_4-r01,environment_done,6,0,operation_to_ingredient_error,wrong_operation_for_ingredient,6,cook red apple in stove,red apple,fry,grill
cookingworld:test:52079,H,1,p8-t0523-arm_2-r01,environment_done,11,0,operation_to_ingredient_error,wrong_operation_for_ingredient,11,cook yellow potato in barbeque,yellow potato,grill,fry
cookingworld:test:53993,R,1,p8-t0233-arm_4-r01,environment_done,15,0,operation_to_ingredient_error,wrong_operation_for_ingredient,15,cook orange bell pepper in barbeque,orange bell pepper,grill,fry
cookingworld:test:53845,N,1,p8-t0456-arm_3-r01,environment_done,11,0,operation_to_ingredient_error,wrong_operation_for_ingredient,11,cook pork chop in stove,pork chop,fry,grill
cookingworld:test:52773,R,1,p8-t0377-arm_4-r01,environment_done,12,0,operation_to_ingredient_error,wrong_operation_for_ingredient,12,cook red onion in barbeque,red onion,grill,roast
cookingworld:test:53872,R,1,p8-t0561-arm_4-r01,environment_done,16,0,operation_to_ingredient_error,wrong_operation_for_ingredient,16,cook red hot pepper in barbeque,red hot pepper,grill,fry
cookingworld:test:53628,N,1,p8-t0476-arm_3-r01,environment_done,11,0,operation_to_ingredient_error,wrong_operation_for_ingredient,11,cook red apple in oven,red apple,roast,grill
cookingworld:test:52960,N,1,p8-t0064-arm_3-r01,environment_done,7,0,operation_to_ingredient_error,wrong_operation_for_ingredient,7,cook pork chop in stove,pork chop,fry,grill
cookingworld:test:52030,N,1,p8-t0468-arm_3-r01,environment_done,9,0,operation_to_ingredient_error,wrong_operation_for_ingredient,9,cook pork chop in stove,pork chop,fry,grill
cookingworld:test:52730,D,1,p8-t0034-arm_1-r01,environment_done,12,0,operation_to_ingredient_error,wrong_operation_for_ingredient,12,cook orange bell pepper in barbeque,orange bell pepper,grill,fry
cookingworld:test:53497,N,1,p8-t0548-arm_3-r01,environment_done,26,0,premature_ingredient_consumption,ingredient_eaten_before_meal_completion,26,eat red hot pepper,red hot pepper,,
cookingworld:test:52119,N,1,p8-t0392-arm_3-r01,environment_done,17,1,premature_ingredient_consumption,ingredient_eaten_before_meal_completion,17,eat white onion,white onion,,
cookingworld:test:52738,H,1,p8-t0323-arm_2-r01,environment_done,13,0,operation_to_ingredient_error,wrong_operation_for_ingredient,13,cook carrot in barbeque,carrot,grill,fry
cookingworld:test:52368,R,1,p8-t0365-arm_4-r01,environment_done,11,0,operation_to_ingredient_error,wrong_operation_for_ingredient,11,cook red apple in barbeque,red apple,grill,fry
cookingworld:test:53324,N,1,p8-t0596-arm_3-r01,environment_done,10,0,operation_to_ingredient_error,wrong_operation_for_ingredient,10,cook banana in barbeque,banana,grill,fry
cookingworld:test:53240,H,1,p8-t0051-arm_2-r01,environment_done,6,0,operation_to_ingredient_error,wrong_operation_for_ingredient,6,cook pork chop in stove,pork chop,fry,grill
cookingworld:test:53734,H,1,p8-t0171-arm_2-r01,environment_done,12,0,operation_to_ingredient_error,wrong_operation_for_ingredient,12,cook carrot in barbeque,carrot,grill,fry
cookingworld:test:52899,D,1,p8-t0514-arm_1-r01,environment_done,9,0,operation_to_ingredient_error,wrong_operation_for_ingredient,9,cook yellow bell pepper in oven,yellow bell pepper,roast,grill
cookingworld:test:52389,D,1,p8-t0254-arm_1-r01,environment_done,18,0,operation_to_ingredient_error,wrong_operation_for_ingredient,18,cook orange bell pepper in barbeque,orange bell pepper,grill,fry
cookingworld:test:53851,N,1,p8-t0092-arm_3-r01,environment_done,10,0,operation_to_ingredient_error,wrong_operation_for_ingredient,10,cook red onion in barbeque,red onion,grill,slice
cookingworld:test:52547,N,1,p8-t0220-arm_3-r01,environment_done,11,0,operation_to_ingredient_error,wrong_operation_for_ingredient,11,cook purple potato in oven,purple potato,roast,grill
cookingworld:test:53454,H,1,p8-t0383-arm_2-r01,environment_done,11,0,operation_to_ingredient_error,wrong_operation_for_ingredient,11,cook purple potato in barbeque,purple potato,grill,roast
cookingworld:test:52424,N,1,p8-t0412-arm_3-r01,environment_done,9,0,operation_to_ingredient_error,wrong_operation_for_ingredient,9,cook red potato in barbeque,red potato,grill,roast
cookingworld:test:53078,N,1,p8-t0336-arm_3-r01,environment_done,7,0,operation_to_ingredient_error,wrong_operation_for_ingredient,7,cook pork chop in stove,pork chop,fry,grill
cookingworld:test:53800,H,1,p8-t0063-arm_2-r01,environment_done,15,0,operation_to_ingredient_error,wrong_operation_for_ingredient,15,cook white onion in barbeque,white onion,grill,fry
cookingworld:test:52835,D,1,p8-t0410-arm_1-r01,environment_done,14,0,operation_to_ingredient_error,wrong_operation_for_ingredient,14,cook yellow potato in barbeque,yellow potato,grill,roast
cookingworld:test:52902,R,1,p8-t0101-arm_4-r01,environment_done,12,0,operation_to_ingredient_error,wrong_operation_for_ingredient,12,cook red potato in barbeque,red potato,grill,roast
cookingworld:test:52275,R,1,p8-t0529-arm_4-r01,environment_done,14,0,operation_to_ingredient_error,wrong_operation_for_ingredient,14,cook yellow potato in barbeque,yellow potato,grill,roast
cookingworld:test:53085,R,1,p8-t0097-arm_4-r01,environment_done,10,0,operation_to_ingredient_error,wrong_operation_for_ingredient,10,cook white onion in barbeque,white onion,grill,fry
cookingworld:test:53384,H,1,p8-t0603-arm_2-r01,environment_done,15,0,operation_to_ingredient_error,wrong_operation_for_ingredient,15,cook orange bell pepper in barbeque,orange bell pepper,grill,fry
cookingworld:test:53786,R,1,p8-t0006-arm_4-r01,environment_done,10,0,operation_to_ingredient_error,wrong_operation_for_ingredient,10,cook red hot pepper in barbeque,red hot pepper,grill,fry
cookingworld:test:53683,N,1,p8-t0029-arm_3-r01,environment_done,2,0,operation_to_ingredient_error,wrong_operation_for_ingredient,2,cook red potato in stove,red potato,fry,grill
cookingworld:test:52052,D,1,p8-t0343-arm_1-r01,environment_done,13,0,operation_to_ingredient_error,wrong_operation_for_ingredient,13,cook red onion in barbeque,red onion,grill,roast
cookingworld:test:53322,N,1,p8-t0269-arm_3-r01,environment_done,20,0,operation_to_ingredient_error,wrong_operation_for_ingredient,20,cook white onion in barbeque,white onion,grill,fry
cookingworld:test:53327,N,1,p8-t0257-arm_3-r01,environment_done,10,0,operation_to_ingredient_error,wrong_operation_for_ingredient,10,cook pork chop in stove,pork chop,fry,grill
cookingworld:test:53602,N,1,p8-t0621-arm_3-r01,environment_done,13,0,operation_to_ingredient_error,wrong_operation_for_ingredient,13,cook orange bell pepper in barbeque,orange bell pepper,grill,roast
cookingworld:test:53440,D,1,p8-t0143-arm_1-r01,environment_done,12,0,operation_to_ingredient_error,wrong_operation_for_ingredient,12,cook pork chop in stove,pork chop,fry,grill
cookingworld:test:53248,N,1,p8-t0445-arm_3-r01,environment_done,12,0,operation_to_ingredient_error,wrong_operation_for_ingredient,12,cook pork chop in stove,pork chop,fry,grill
cookingworld:test:53194,N,1,p8-t0381-arm_3-r01,environment_done,6,0,operation_to_ingredient_error,wrong_operation_for_ingredient,6,cook red apple in stove,red apple,fry,grill
cookingworld:test:52181,N,1,p8-t0361-arm_3-r01,environment_done,17,0,premature_ingredient_consumption,ingredient_eaten_before_meal_completion,17,eat orange bell pepper,orange bell pepper,,
cookingworld:test:52380,H,1,p8-t0360-arm_2-r01,environment_done,10,0,operation_to_ingredient_error,wrong_operation_for_ingredient,10,cook orange bell pepper in oven,orange bell pepper,roast,grill
cookingworld:test:52578,H,1,p8-t0492-arm_2-r01,environment_done,8,0,operation_to_ingredient_error,wrong_operation_for_ingredient,8,cook red potato in barbeque,red potato,grill,roast
cookingworld:test:53079,N,1,p8-t0489-arm_3-r01,environment_done,6,0,operation_to_ingredient_error,wrong_operation_for_ingredient,6,cook red onion in stove,red onion,fry,grill
cookingworld:test:52195,D,1,p8-t0095-arm_1-r01,environment_done,14,0,operation_to_ingredient_error,wrong_operation_for_ingredient,14,cook orange bell pepper in barbeque,orange bell pepper,grill,roast
cookingworld:test:53631,N,1,p8-t0065-arm_3-r01,environment_done,4,0,premature_ingredient_consumption,ingredient_eaten_before_meal_completion,4,eat red apple,red apple,,
cookingworld:test:53943,H,1,p8-t0008-arm_2-r01,environment_done,10,0,operation_to_ingredient_error,wrong_operation_for_ingredient,10,cook block of cheese in barbeque,block of cheese,grill,roast
cookingworld:test:52524,R,1,p8-t0442-arm_4-r01,environment_done,7,0,operation_to_ingredient_error,wrong_operation_for_ingredient,7,cook chicken leg in barbeque,chicken leg,grill,roast
cookingworld:test:52639,N,1,p8-t0089-arm_3-r01,environment_done,10,0,operation_to_ingredient_error,wrong_operation_for_ingredient,10,cook pork chop in stove,pork chop,fry,grill
cookingworld:test:53351,N,1,p8-t0565-arm_3-r01,environment_done,8,0,operation_to_ingredient_error,wrong_operation_for_ingredient,8,cook yellow bell pepper in stove,yellow bell pepper,fry,chop
cookingworld:test:52041,N,1,p8-t0073-arm_3-r01,environment_done,10,0,operation_to_ingredient_error,wrong_operation_for_ingredient,10,cook red potato in barbeque,red potato,grill,roast
cookingworld:test:53447,N,1,p8-t0049-arm_3-r01,environment_done,11,0,operation_to_ingredient_error,wrong_operation_for_ingredient,11,cook white onion in stove,white onion,fry,grill
cookingworld:test:53427,N,1,p8-t0209-arm_3-r01,environment_done,13,0,operation_to_ingredient_error,wrong_operation_for_ingredient,13,cook orange bell pepper in barbeque,orange bell pepper,grill,fry
cookingworld:test:52707,D,1,p8-t0547-arm_1-r01,environment_done,16,0,operation_to_ingredient_error,wrong_operation_for_ingredient,16,cook yellow potato in barbeque,yellow potato,grill,roast
cookingworld:test:53789,N,1,p8-t0469-arm_3-r01,environment_done,10,0,operation_to_ingredient_error,wrong_operation_for_ingredient,10,cook carrot in stove,carrot,fry,grill
cookingworld:test:52815,D,1,p8-t0091-arm_1-r01,environment_done,11,0,operation_to_ingredient_error,wrong_operation_for_ingredient,11,cook red potato in barbeque,red potato,grill,roast
cookingworld:test:52905,N,1,p8-t0133-arm_3-r01,environment_done,10,0,operation_to_ingredient_error,wrong_operation_for_ingredient,10,cook yellow bell pepper in stove,yellow bell pepper,fry,grill
cookingworld:test:53018,H,1,p8-t0308-arm_2-r01,environment_done,8,0,operation_to_ingredient_error,wrong_operation_for_ingredient,8,cook pork chop in oven,pork chop,roast,grill
cookingworld:test:52000,N,1,p8-t0093-arm_3-r01,environment_done,2,0,operation_to_ingredient_error,wrong_operation_for_ingredient,2,cook red potato in stove,red potato,fry,grill
cookingworld:test:52893,N,1,p8-t0221-arm_3-r01,environment_done,4,0,operation_to_ingredient_error,wrong_operation_for_ingredient,4,cook red apple in stove,red apple,fry,grill
cookingworld:test:53937,N,1,p8-t0153-arm_3-r01,environment_done,9,0,operation_to_ingredient_error,wrong_operation_for_ingredient,9,cook pork chop in oven,pork chop,roast,grill
cookingworld:test:52054,N,1,p8-t0201-arm_3-r01,environment_done,14,0,premature_ingredient_consumption,ingredient_eaten_before_meal_completion,14,eat block of cheese,block of cheese,,
cookingworld:test:52306,H,1,p8-t0096-arm_2-r01,environment_done,12,0,operation_to_ingredient_error,wrong_operation_for_ingredient,12,cook red potato in barbeque,red potato,grill,roast
cookingworld:test:52584,N,1,p8-t0593-arm_3-r01,environment_done,11,0,operation_to_ingredient_error,wrong_operation_for_ingredient,11,cook chicken leg in barbeque,chicken leg,grill,roast
cookingworld:test:53562,N,1,p8-t0157-arm_3-r01,environment_done,8,0,operation_to_ingredient_error,wrong_operation_for_ingredient,8,cook red onion in stove,red onion,fry,grill
cookingworld:test:53770,H,1,p8-t0352-arm_2-r01,environment_done,20,0,operation_to_ingredient_error,wrong_operation_for_ingredient,20,cook orange bell pepper in barbeque,orange bell pepper,grill,fry
cookingworld:test:52389,R,1,p8-t0254-arm_4-r01,environment_done,12,0,operation_to_ingredient_error,wrong_operation_for_ingredient,12,cook orange bell pepper in barbeque,orange bell pepper,grill,fry
cookingworld:test:52064,R,1,p8-t0502-arm_4-r01,environment_done,13,0,operation_to_ingredient_error,wrong_operation_for_ingredient,13,cook red onion in barbeque,red onion,grill,roast
cookingworld:test:53644,R,1,p8-t0010-arm_4-r01,environment_done,11,0,operation_to_ingredient_error,wrong_operation_for_ingredient,11,cook orange bell pepper in barbeque,orange bell pepper,grill,fry
cookingworld:test:53132,R,1,p8-t0506-arm_4-r01,environment_done,16,0,operation_to_ingredient_error,wrong_operation_for_ingredient,16,cook yellow potato in barbeque,yellow potato,grill,roast
cookingworld:test:53210,H,1,p8-t0268-arm_2-r01,environment_done,15,0,operation_to_ingredient_error,wrong_operation_for_ingredient,15,cook red onion in barbeque,red onion,grill,roast
cookingworld:test:53698,H,1,p8-t0312-arm_2-r01,environment_done,15,0,operation_to_ingredient_error,wrong_operation_for_ingredient,15,cook red hot pepper in barbeque,red hot pepper,grill,fry
cookingworld:test:52613,H,1,p8-t0004-arm_2-r01,environment_done,13,0,operation_to_ingredient_error,wrong_operation_for_ingredient,13,cook red hot pepper in barbeque,red hot pepper,grill,fry
cookingworld:test:52312,R,1,p8-t0298-arm_4-r01,environment_done,9,0,operation_to_ingredient_error,wrong_operation_for_ingredient,9,cook pork chop in oven,pork chop,roast,grill
cookingworld:test:53708,N,1,p8-t0185-arm_3-r01,environment_done,13,0,premature_ingredient_consumption,ingredient_eaten_before_meal_completion,13,eat orange bell pepper,orange bell pepper,,
cookingworld:test:52276,H,1,p8-t0168-arm_2-r01,environment_done,14,0,operation_to_ingredient_error,operation_on_nonrequired_or_completed_ingredient,14,dice banana,banana,dice,
cookingworld:test:52330,N,1,p8-t0497-arm_3-r01,environment_done,9,0,operation_to_ingredient_error,wrong_operation_for_ingredient,9,cook pork chop in stove,pork chop,fry,grill
cookingworld:test:53186,N,1,p8-t0437-arm_3-r01,environment_done,10,0,operation_to_ingredient_error,wrong_operation_for_ingredient,10,cook orange bell pepper in barbeque,orange bell pepper,grill,roast
cookingworld:test:53454,D,1,p8-t0383-arm_1-r01,environment_done,11,0,operation_to_ingredient_error,wrong_operation_for_ingredient,11,cook purple potato in barbeque,purple potato,grill,roast
cookingworld:test:52989,N,1,p8-t0113-arm_3-r01,environment_done,10,0,operation_to_ingredient_error,wrong_operation_for_ingredient,10,cook orange bell pepper in barbeque,orange bell pepper,grill,roast
cookingworld:test:52773,N,1,p8-t0377-arm_3-r01,environment_done,12,0,operation_to_ingredient_error,wrong_operation_for_ingredient,12,cook red onion in barbeque,red onion,grill,roast
cookingworld:test:52724,H,1,p8-t0052-arm_2-r01,environment_done,12,0,operation_to_ingredient_error,wrong_operation_for_ingredient,12,cook yellow potato in barbeque,yellow potato,grill,roast
cookingworld:test:53063,N,1,p8-t0585-arm_3-r01,environment_done,9,0,operation_to_ingredient_error,operation_on_nonrequired_or_completed_ingredient,9,cook yellow bell pepper in barbeque,yellow bell pepper,grill,
cookingworld:test:52808,D,1,p8-t0043-arm_1-r01,environment_done,10,0,operation_to_ingredient_error,wrong_operation_for_ingredient,10,cook yellow potato in barbeque,yellow potato,grill,roast
cookingworld:test:53595,N,1,p8-t0669-arm_3-r01,environment_done,6,0,operation_to_ingredient_error,wrong_operation_for_ingredient,6,cook red onion in stove,red onion,fry,grill
cookingworld:test:52314,N,1,p8-t0413-arm_3-r01,environment_done,9,0,operation_to_ingredient_error,wrong_operation_for_ingredient,9,cook chicken wing in barbeque,chicken wing,grill,fry
cookingworld:test:52246,D,1,p8-t0579-arm_1-r01,environment_done,17,0,operation_to_ingredient_error,wrong_operation_for_ingredient,17,cook yellow potato in barbeque,yellow potato,grill,fry
cookingworld:test:53519,N,1,p8-t0349-arm_3-r01,environment_done,8,0,premature_ingredient_consumption,ingredient_eaten_before_meal_completion,8,eat orange bell pepper,orange bell pepper,,
cookingworld:test:52894,D,1,p8-t0199-arm_1-r01,environment_done,9,0,operation_to_ingredient_error,wrong_operation_for_ingredient,9,cook banana in barbeque,banana,grill,fry
cookingworld:test:53895,R,1,p8-t0266-arm_4-r01,environment_done,16,0,operation_to_ingredient_error,wrong_operation_for_ingredient,16,cook red hot pepper in barbeque,red hot pepper,grill,fry
cookingworld:test:52962,H,1,p8-t0184-arm_2-r01,environment_done,13,0,operation_to_ingredient_error,wrong_operation_for_ingredient,13,cook red potato in barbeque,red potato,grill,roast
cookingworld:test:52003,D,1,p8-t0239-arm_1-r01,environment_done,12,0,operation_to_ingredient_error,wrong_operation_for_ingredient,12,cook chicken wing in barbeque,chicken wing,grill,fry
cookingworld:test:52572,N,1,p8-t0653-arm_3-r01,max_steps,50,0,navigation_or_step_limit_failure,step_limit_without_irreversible_recipe_error,,,,,
cookingworld:test:53099,N,1,p8-t0505-arm_3-r01,environment_done,9,0,operation_to_ingredient_error,wrong_operation_for_ingredient,9,cook banana in barbeque,banana,grill,fry
cookingworld:test:52431,R,1,p8-t0302-arm_4-r01,environment_done,9,0,operation_to_ingredient_error,wrong_operation_for_ingredient,9,cook pork chop in oven,pork chop,roast,grill
cookingworld:test:53671,H,1,p8-t0408-arm_2-r01,environment_done,11,0,operation_to_ingredient_error,wrong_operation_for_ingredient,11,cook yellow potato in barbeque,yellow potato,grill,fry
cookingworld:test:52258,D,1,p8-t0455-arm_1-r01,environment_done,8,0,operation_to_ingredient_error,wrong_operation_for_ingredient,8,cook purple potato in barbeque,purple potato,grill,roast
cookingworld:test:52488,N,1,p8-t0333-arm_3-r01,environment_done,12,0,premature_ingredient_consumption,ingredient_eaten_before_meal_completion,12,eat orange bell pepper,orange bell pepper,,
cookingworld:test:52493,D,1,p8-t0235-arm_1-r01,environment_done,13,0,operation_to_ingredient_error,wrong_operation_for_ingredient,13,cook purple potato in barbeque,purple potato,grill,roast
cookingworld:test:53579,H,1,p8-t0140-arm_2-r01,environment_done,11,0,operation_to_ingredient_error,wrong_operation_for_ingredient,11,cook chicken leg in barbeque,chicken leg,grill,roast
cookingworld:test:52806,R,1,p8-t0030-arm_4-r01,environment_done,9,0,operation_to_ingredient_error,wrong_operation_for_ingredient,9,cook pork chop in oven,pork chop,roast,grill
cookingworld:test:53577,N,1,p8-t0461-arm_3-r01,environment_done,9,0,operation_to_ingredient_error,wrong_operation_for_ingredient,9,cook red hot pepper in oven,red hot pepper,roast,grill
cookingworld:test:53308,N,1,p8-t0353-arm_3-r01,environment_done,10,1,operation_to_ingredient_error,wrong_operation_for_ingredient,10,cook red onion in stove,red onion,fry,grill
cookingworld:test:53796,N,1,p8-t0193-arm_3-r01,environment_done,9,0,premature_ingredient_consumption,ingredient_eaten_before_meal_completion,9,eat block of cheese,block of cheese,,
cookingworld:test:53345,N,1,p8-t0085-arm_3-r01,environment_done,21,0,premature_ingredient_consumption,ingredient_eaten_before_meal_completion,21,eat red onion,red onion,,
cookingworld:test:53448,N,1,p8-t0181-arm_3-r01,environment_done,10,0,operation_to_ingredient_error,wrong_operation_for_ingredient,10,cook pork chop in stove,pork chop,fry,grill
cookingworld:test:52155,N,1,p8-t0517-arm_3-r01,environment_done,5,0,premature_ingredient_consumption,ingredient_eaten_before_meal_completion,5,eat red hot pepper,red hot pepper,,
cookingworld:test:53179,H,1,p8-t0636-arm_2-r01,environment_done,11,0,operation_to_ingredient_error,wrong_operation_for_ingredient,11,cook yellow potato in barbeque,yellow potato,grill,fry
cookingworld:test:53752,N,1,p8-t0317-arm_3-r01,environment_done,10,0,operation_to_ingredient_error,wrong_operation_for_ingredient,10,cook yellow bell pepper in stove,yellow bell pepper,fry,grill
cookingworld:test:52748,D,1,p8-t0483-arm_1-r01,environment_done,11,0,operation_to_ingredient_error,wrong_operation_for_ingredient,11,cook carrot in barbeque,carrot,grill,fry
cookingworld:test:53664,R,1,p8-t0054-arm_4-r01,environment_done,10,0,operation_to_ingredient_error,wrong_operation_for_ingredient,10,cook pork chop in oven,pork chop,roast,grill
cookingworld:test:53667,N,1,p8-t0661-arm_3-r01,environment_done,7,0,operation_to_ingredient_error,wrong_operation_for_ingredient,7,cook pork chop in stove,pork chop,fry,grill
cookingworld:test:53661,R,1,p8-t0002-arm_4-r01,environment_done,13,0,premature_ingredient_consumption,ingredient_eaten_before_meal_completion,13,eat block of cheese,block of cheese,,
cookingworld:test:52217,R,1,p8-t0470-arm_4-r01,environment_done,9,0,operation_to_ingredient_error,wrong_operation_for_ingredient,9,cook red apple in barbeque,red apple,grill,roast
cookingworld:test:52476,N,1,p8-t0057-arm_3-r01,environment_done,8,0,operation_to_ingredient_error,wrong_operation_for_ingredient,8,cook pork chop in stove,pork chop,fry,grill
cookingworld:test:52487,N,1,p8-t0281-arm_3-r01,environment_done,13,0,operation_to_ingredient_error,wrong_operation_for_ingredient,13,cook orange bell pepper in barbeque,orange bell pepper,grill,roast
cookingworld:test:53190,N,1,p8-t0601-arm_3-r01,environment_done,8,0,operation_to_ingredient_error,wrong_operation_for_ingredient,8,cook orange bell pepper in stove,orange bell pepper,fry,grill
cookingworld:test:53163,D,1,p8-t0187-arm_1-r01,environment_done,8,0,operation_to_ingredient_error,wrong_operation_for_ingredient,8,cook red potato in oven,red potato,roast,grill
cookingworld:test:53928,D,1,p8-t0403-arm_1-r01,environment_done,9,0,operation_to_ingredient_error,wrong_operation_for_ingredient,9,cook chicken leg in barbeque,chicken leg,grill,roast
cookingworld:test:53766,N,1,p8-t0217-arm_3-r01,environment_done,12,0,operation_to_ingredient_error,wrong_operation_for_ingredient,12,cook red potato in barbeque,red potato,grill,roast
cookingworld:test:52080,H,1,p8-t0584-arm_2-r01,environment_done,14,0,operation_to_ingredient_error,wrong_operation_for_ingredient,14,cook carrot in barbeque,carrot,grill,fry
cookingworld:test:53192,N,1,p8-t0553-arm_3-r01,environment_done,6,0,operation_to_ingredient_error,wrong_operation_for_ingredient,6,cook pork chop in stove,pork chop,fry,grill
cookingworld:test:52353,N,1,p8-t0017-arm_3-r01,environment_done,3,0,premature_ingredient_consumption,ingredient_eaten_before_meal_completion,3,eat red apple,red apple,,
cookingworld:test:52424,H,1,p8-t0412-arm_2-r01,environment_done,11,0,operation_to_ingredient_error,wrong_operation_for_ingredient,11,cook red potato in barbeque,red potato,grill,roast
cookingworld:test:53458,N,1,p8-t0189-arm_3-r01,environment_done,8,0,operation_to_ingredient_error,wrong_operation_for_ingredient,8,cook carrot in stove,carrot,fry,grill
cookingworld:test:52171,N,1,p8-t0061-arm_3-r01,environment_done,12,0,premature_ingredient_consumption,ingredient_eaten_before_meal_completion,12,eat carrot,carrot,,
cookingworld:test:53096,N,1,p8-t0605-arm_3-r01,environment_done,12,0,operation_to_ingredient_error,wrong_operation_for_ingredient,12,cook yellow bell pepper in stove,yellow bell pepper,fry,grill
cookingworld:test:52615,N,1,p8-t0373-arm_3-r01,environment_done,9,0,operation_to_ingredient_error,wrong_operation_for_ingredient,9,cook red apple in barbeque,red apple,grill,roast
cookingworld:test:52799,D,1,p8-t0395-arm_1-r01,environment_done,9,0,operation_to_ingredient_error,wrong_operation_for_ingredient,9,cook red potato in oven,red potato,roast,grill
cookingworld:test:53005,D,1,p8-t0015-arm_1-r01,environment_done,7,0,operation_to_ingredient_error,wrong_operation_for_ingredient,7,cook chicken leg in barbeque,chicken leg,grill,roast
cookingworld:test:52004,R,1,p8-t0642-arm_4-r01,environment_done,19,0,operation_to_ingredient_error,wrong_operation_for_ingredient,19,cook orange bell pepper in barbeque,orange bell pepper,grill,roast
cookingworld:test:53187,N,1,p8-t0021-arm_3-r01,environment_done,10,0,operation_to_ingredient_error,wrong_operation_for_ingredient,10,cook red apple in barbeque,red apple,grill,roast
cookingworld:test:52928,D,1,p8-t0375-arm_1-r01,environment_done,10,0,operation_to_ingredient_error,wrong_operation_for_ingredient,10,cook red potato in barbeque,red potato,grill,roast
cookingworld:test:53404,R,1,p8-t0090-arm_4-r01,environment_done,9,0,operation_to_ingredient_error,wrong_operation_for_ingredient,9,cook red onion in barbeque,red onion,grill,roast
cookingworld:test:53869,N,1,p8-t0537-arm_3-r01,environment_done,13,0,operation_to_ingredient_error,operation_on_nonrequired_or_completed_ingredient,13,cook yellow bell pepper in barbeque,yellow bell pepper,grill,
cookingworld:test:53800,D,1,p8-t0063-arm_1-r01,environment_done,15,0,operation_to_ingredient_error,wrong_operation_for_ingredient,15,cook white onion in barbeque,white onion,grill,fry
cookingworld:test:52210,D,1,p8-t0263-arm_1-r01,environment_done,16,0,operation_to_ingredient_error,wrong_operation_for_ingredient,16,cook orange bell pepper in barbeque,orange bell pepper,grill,fry
cookingworld:test:52429,H,1,p8-t0660-arm_2-r01,environment_done,7,0,operation_to_ingredient_error,wrong_operation_for_ingredient,7,cook banana in barbeque,banana,grill,fry
cookingworld:test:53312,R,1,p8-t0230-arm_4-r01,environment_done,14,0,operation_to_ingredient_error,wrong_operation_for_ingredient,14,cook red hot pepper in barbeque,red hot pepper,grill,fry
cookingworld:test:52915,N,1,p8-t0041-arm_3-r01,environment_done,11,0,premature_ingredient_consumption,ingredient_eaten_before_meal_completion,11,eat carrot,carrot,,
cookingworld:test:53648,H,1,p8-t0496-arm_2-r01,environment_done,13,0,operation_to_ingredient_error,wrong_operation_for_ingredient,13,cook chicken leg in barbeque,chicken leg,grill,roast
cookingworld:test:52681,D,1,p8-t0179-arm_1-r01,environment_done,8,0,operation_to_ingredient_error,wrong_operation_for_ingredient,8,cook orange bell pepper in oven,orange bell pepper,roast,grill
cookingworld:test:53585,D,1,p8-t0139-arm_1-r01,environment_done,7,0,operation_to_ingredient_error,wrong_operation_for_ingredient,7,cook red onion in oven,red onion,roast,grill
cookingworld:test:52859,R,1,p8-t0246-arm_4-r01,environment_done,10,0,operation_to_ingredient_error,wrong_operation_for_ingredient,10,cook pork chop in stove,pork chop,fry,grill
cookingworld:test:53555,R,1,p8-t0026-arm_4-r01,environment_done,14,0,operation_to_ingredient_error,wrong_operation_for_ingredient,14,cook purple potato in barbeque,purple potato,grill,roast
cookingworld:test:52344,R,1,p8-t0130-arm_4-r01,environment_done,7,0,operation_to_ingredient_error,wrong_operation_for_ingredient,7,cook red onion in oven,red onion,roast,grill
cookingworld:test:52331,D,1,p8-t0391-arm_1-r01,environment_done,9,0,operation_to_ingredient_error,wrong_operation_for_ingredient,9,cook pork chop in stove,pork chop,fry,grill
cookingworld:test:53293,R,1,p8-t0646-arm_4-r01,environment_done,12,0,operation_to_ingredient_error,wrong_operation_for_ingredient,12,cook purple potato in barbeque,purple potato,grill,roast
cookingworld:test:52145,D,1,p8-t0227-arm_1-r01,environment_done,11,0,operation_to_ingredient_error,wrong_operation_for_ingredient,11,cook yellow potato in barbeque,yellow potato,grill,roast
cookingworld:test:53123,H,1,p8-t0260-arm_2-r01,environment_done,13,0,operation_to_ingredient_error,wrong_operation_for_ingredient,13,cook orange bell pepper in barbeque,orange bell pepper,grill,roast
cookingworld:test:53728,H,1,p8-t0128-arm_2-r01,environment_done,11,0,operation_to_ingredient_error,wrong_operation_for_ingredient,11,cook banana in barbeque,banana,grill,fry
cookingworld:test:53319,R,1,p8-t0178-arm_4-r01,environment_done,5,0,operation_to_ingredient_error,wrong_operation_for_ingredient,5,cook red hot pepper in oven,red hot pepper,roast,grill
cookingworld:test:53734,D,1,p8-t0171-arm_1-r01,environment_done,16,0,operation_to_ingredient_error,wrong_operation_for_ingredient,16,cook carrot in barbeque,carrot,grill,fry
cookingworld:test:53035,D,1,p8-t0347-arm_1-r01,environment_done,9,0,operation_to_ingredient_error,wrong_operation_for_ingredient,9,cook yellow bell pepper in oven,yellow bell pepper,roast,grill
cookingworld:test:52937,D,1,p8-t0539-arm_1-r01,environment_done,9,0,operation_to_ingredient_error,wrong_operation_for_ingredient,9,cook pork chop in stove,pork chop,fry,grill
cookingworld:test:53189,N,1,p8-t0581-arm_3-r01,environment_done,10,0,premature_ingredient_consumption,ingredient_eaten_before_meal_completion,10,eat red onion,red onion,,
cookingworld:test:53329,H,1,p8-t0296-arm_2-r01,environment_done,11,0,operation_to_ingredient_error,wrong_operation_for_ingredient,11,cook pork chop in oven,pork chop,roast,grill
cookingworld:test:52839,D,1,p8-t0047-arm_1-r01,environment_done,12,0,operation_to_ingredient_error,wrong_operation_for_ingredient,12,cook purple potato in barbeque,purple potato,grill,roast
cookingworld:test:53501,D,1,p8-t0651-arm_1-r01,environment_done,12,0,operation_to_ingredient_error,wrong_operation_for_ingredient,12,cook red apple in barbeque,red apple,grill,roast
cookingworld:test:53490,N,1,p8-t0657-arm_3-r01,environment_done,8,0,operation_to_ingredient_error,wrong_operation_for_ingredient,8,cook white onion in stove,white onion,fry,grill
cookingworld:test:53675,N,1,p8-t0417-arm_3-r01,environment_done,5,0,operation_to_ingredient_error,wrong_operation_for_ingredient,5,cook purple potato in stove,purple potato,fry,grill
cookingworld:test:52902,N,1,p8-t0101-arm_3-r01,environment_done,9,0,operation_to_ingredient_error,wrong_operation_for_ingredient,9,cook red potato in barbeque,red potato,grill,roast
cookingworld:test:52093,D,1,p8-t0411-arm_1-r01,environment_done,10,0,operation_to_ingredient_error,wrong_operation_for_ingredient,10,cook red apple in barbeque,red apple,grill,fry
cookingworld:test:53102,R,1,p8-t0058-arm_4-r01,environment_done,17,0,operation_to_ingredient_error,wrong_operation_for_ingredient,17,cook purple potato in barbeque,purple potato,grill,roast
cookingworld:test:53836,N,1,p8-t0577-arm_3-r01,environment_done,14,0,operation_to_ingredient_error,operation_on_nonrequired_or_completed_ingredient,14,chop red hot pepper,red hot pepper,chop,
cookingworld:test:52403,N,1,p8-t0393-arm_3-r01,environment_done,12,0,premature_ingredient_consumption,ingredient_eaten_before_meal_completion,12,eat yellow bell pepper,yellow bell pepper,,
cookingworld:test:53825,N,1,p8-t0457-arm_3-r01,environment_done,16,0,operation_to_ingredient_error,wrong_operation_for_ingredient,16,cook orange bell pepper in barbeque,orange bell pepper,grill,roast
cookingworld:test:53856,R,1,p8-t0314-arm_4-r01,environment_done,8,0,operation_to_ingredient_error,wrong_operation_for_ingredient,8,cook red apple in barbeque,red apple,grill,fry
cookingworld:test:53315,H,1,p8-t0328-arm_2-r01,environment_done,13,0,operation_to_ingredient_error,wrong_operation_for_ingredient,13,cook chicken leg in barbeque,chicken leg,grill,roast
cookingworld:test:52890,R,1,p8-t0350-arm_4-r01,environment_done,11,0,operation_to_ingredient_error,wrong_operation_for_ingredient,11,cook red potato in barbeque,red potato,grill,roast
cookingworld:test:52376,N,1,p8-t0673-arm_3-r01,max_steps,50,0,navigation_or_step_limit_failure,step_limit_without_irreversible_recipe_error,,,,,
cookingworld:test:53634,N,1,p8-t0129-arm_3-r01,environment_done,15,1,premature_ingredient_consumption,ingredient_eaten_before_meal_completion,15,eat orange bell pepper,orange bell pepper,,
cookingworld:test:52676,H,1,p8-t0120-arm_2-r01,environment_done,11,0,operation_to_ingredient_error,wrong_operation_for_ingredient,11,cook red onion in barbeque,red onion,grill,roast
cookingworld:test:53617,D,1,p8-t0647-arm_1-r01,environment_done,15,0,operation_to_ingredient_error,wrong_operation_for_ingredient,15,cook red hot pepper in barbeque,red hot pepper,grill,fry
cookingworld:test:53349,N,1,p8-t0137-arm_3-r01,environment_done,12,0,premature_ingredient_consumption,ingredient_eaten_before_meal_completion,12,eat block of cheese,block of cheese,,
cookingworld:test:52076,N,2,p8-t0177-arm_3-r02,environment_done,11,0,operation_to_ingredient_error,operation_on_nonrequired_or_completed_ingredient,11,cook white onion in barbeque,white onion,grill,
cookingworld:test:53760,R,2,p8-t0462-arm_4-r02,environment_done,4,0,operation_to_ingredient_error,wrong_operation_for_ingredient,4,cook red hot pepper in stove,red hot pepper,fry,grill
cookingworld:test:52840,N,2,p8-t0665-arm_3-r02,environment_done,10,0,operation_to_ingredient_error,operation_on_nonrequired_or_completed_ingredient,10,cook banana in barbeque,banana,grill,
cookingworld:test:52339,H,2,p8-t0324-arm_2-r02,environment_done,15,0,operation_to_ingredient_error,wrong_operation_for_ingredient,15,cook white onion in barbeque,white onion,grill,fry
cookingworld:test:52330,N,2,p8-t0497-arm_3-r02,environment_done,9,0,operation_to_ingredient_error,wrong_operation_for_ingredient,9,cook pork chop in stove,pork chop,fry,grill
cookingworld:test:52155,N,2,p8-t0517-arm_3-r02,environment_done,7,0,premature_ingredient_consumption,ingredient_eaten_before_meal_completion,7,eat red hot pepper,red hot pepper,,
cookingworld:test:53190,N,2,p8-t0601-arm_3-r02,environment_done,7,0,operation_to_ingredient_error,wrong_operation_for_ingredient,7,cook orange bell pepper in stove,orange bell pepper,fry,grill
cookingworld:test:52217,R,2,p8-t0470-arm_4-r02,environment_done,6,0,operation_to_ingredient_error,wrong_operation_for_ingredient,6,cook red apple in barbeque,red apple,grill,roast
cookingworld:test:52989,N,2,p8-t0113-arm_3-r02,environment_done,9,0,operation_to_ingredient_error,wrong_operation_for_ingredient,9,cook orange bell pepper in barbeque,orange bell pepper,grill,roast
cookingworld:test:53664,R,2,p8-t0054-arm_4-r02,environment_done,11,0,operation_to_ingredient_error,wrong_operation_for_ingredient,11,cook pork chop in oven,pork chop,roast,grill
cookingworld:test:52041,N,2,p8-t0073-arm_3-r02,environment_done,11,1,operation_to_ingredient_error,wrong_operation_for_ingredient,11,cook red potato in barbeque,red potato,grill,roast
cookingworld:test:52469,N,2,p8-t0357-arm_3-r02,environment_done,12,0,operation_to_ingredient_error,wrong_operation_for_ingredient,12,cook orange bell pepper in stove,orange bell pepper,fry,grill
cookingworld:test:53306,D,2,p8-t0463-arm_1-r02,environment_done,9,0,premature_ingredient_consumption,ingredient_eaten_before_meal_completion,9,eat red hot pepper,red hot pepper,,
cookingworld:test:52563,R,2,p8-t0222-arm_4-r02,environment_done,10,0,operation_to_ingredient_error,wrong_operation_for_ingredient,10,cook pork chop in stove,pork chop,fry,grill
cookingworld:test:52928,D,2,p8-t0375-arm_1-r02,environment_done,10,0,operation_to_ingredient_error,wrong_operation_for_ingredient,10,cook red potato in barbeque,red potato,grill,roast
cookingworld:test:53308,N,2,p8-t0353-arm_3-r02,environment_done,9,0,operation_to_ingredient_error,wrong_operation_for_ingredient,9,cook red onion in stove,red onion,fry,grill
cookingworld:test:52306,H,2,p8-t0096-arm_2-r02,environment_done,11,0,operation_to_ingredient_error,wrong_operation_for_ingredient,11,cook red potato in barbeque,red potato,grill,roast
cookingworld:test:53187,N,2,p8-t0021-arm_3-r02,environment_done,9,0,operation_to_ingredient_error,wrong_operation_for_ingredient,9,cook red apple in barbeque,red apple,grill,roast
cookingworld:test:52331,D,2,p8-t0391-arm_1-r02,environment_done,9,0,operation_to_ingredient_error,wrong_operation_for_ingredient,9,cook pork chop in oven,pork chop,roast,grill
cookingworld:test:53602,N,2,p8-t0621-arm_3-r02,environment_done,14,0,operation_to_ingredient_error,wrong_operation_for_ingredient,14,cook orange bell pepper in barbeque,orange bell pepper,grill,roast
cookingworld:test:53940,D,2,p8-t0535-arm_1-r02,environment_done,15,0,operation_to_ingredient_error,wrong_operation_for_ingredient,15,cook block of cheese in barbeque,block of cheese,grill,fry
cookingworld:test:52676,H,2,p8-t0120-arm_2-r02,environment_done,11,0,operation_to_ingredient_error,wrong_operation_for_ingredient,11,cook red onion in barbeque,red onion,grill,roast
cookingworld:test:53192,N,2,p8-t0553-arm_3-r02,environment_done,9,0,operation_to_ingredient_error,wrong_operation_for_ingredient,9,cook pork chop in stove,pork chop,fry,grill
cookingworld:test:52207,H,2,p8-t0588-arm_2-r02,environment_done,12,0,operation_to_ingredient_error,wrong_operation_for_ingredient,12,cook red hot pepper in barbeque,red hot pepper,grill,fry
cookingworld:test:52314,N,2,p8-t0413-arm_3-r02,environment_done,9,0,operation_to_ingredient_error,wrong_operation_for_ingredient,9,cook chicken wing in barbeque,chicken wing,grill,fry
cookingworld:test:53595,N,2,p8-t0669-arm_3-r02,environment_done,5,0,operation_to_ingredient_error,wrong_operation_for_ingredient,5,cook red onion in stove,red onion,fry,grill
cookingworld:test:53752,N,2,p8-t0317-arm_3-r02,environment_done,11,0,operation_to_ingredient_error,wrong_operation_for_ingredient,11,cook yellow bell pepper in oven,yellow bell pepper,roast,grill
cookingworld:test:52594,H,2,p8-t0116-arm_2-r02,environment_done,19,0,operation_to_ingredient_error,operation_on_nonrequired_or_completed_ingredient,19,chop white onion,white onion,chop,
cookingworld:test:53035,D,2,p8-t0347-arm_1-r02,environment_done,8,0,operation_to_ingredient_error,wrong_operation_for_ingredient,8,cook yellow bell pepper in oven,yellow bell pepper,roast,grill
cookingworld:test:53327,N,2,p8-t0257-arm_3-r02,environment_done,10,0,operation_to_ingredient_error,wrong_operation_for_ingredient,10,cook pork chop in stove,pork chop,fry,grill
cookingworld:test:53186,N,2,p8-t0437-arm_3-r02,environment_done,9,0,operation_to_ingredient_error,wrong_operation_for_ingredient,9,cook orange bell pepper in barbeque,orange bell pepper,grill,roast
cookingworld:test:52431,R,2,p8-t0302-arm_4-r02,environment_done,9,0,operation_to_ingredient_error,wrong_operation_for_ingredient,9,cook pork chop in oven,pork chop,roast,grill
cookingworld:test:53404,R,2,p8-t0090-arm_4-r02,environment_done,9,0,operation_to_ingredient_error,wrong_operation_for_ingredient,9,cook red onion in barbeque,red onion,grill,roast
cookingworld:test:52802,R,2,p8-t0242-arm_4-r02,environment_done,13,0,operation_to_ingredient_error,wrong_operation_for_ingredient,13,cook red potato in barbeque,red potato,grill,roast
cookingworld:test:52487,N,2,p8-t0281-arm_3-r02,environment_done,12,0,operation_to_ingredient_error,wrong_operation_for_ingredient,12,cook orange bell pepper in barbeque,orange bell pepper,grill,roast
cookingworld:test:53698,H,2,p8-t0312-arm_2-r02,environment_done,13,0,operation_to_ingredient_error,wrong_operation_for_ingredient,13,cook red hot pepper in barbeque,red hot pepper,grill,fry
cookingworld:test:53001,D,2,p8-t0011-arm_1-r02,environment_done,11,0,operation_to_ingredient_error,wrong_operation_for_ingredient,11,cook chicken wing in barbeque,chicken wing,grill,fry
cookingworld:test:53123,H,2,p8-t0260-arm_2-r02,environment_done,6,0,operation_to_ingredient_error,wrong_operation_for_ingredient,6,cook orange bell pepper in barbeque,orange bell pepper,grill,roast
cookingworld:test:53584,D,2,p8-t0447-arm_1-r02,environment_done,16,0,operation_to_ingredient_error,wrong_operation_for_ingredient,16,cook red onion in barbeque,red onion,grill,roast
cookingworld:test:53631,N,2,p8-t0065-arm_3-r02,environment_done,4,0,premature_ingredient_consumption,ingredient_eaten_before_meal_completion,4,eat red apple,red apple,,
cookingworld:test:52436,N,2,p8-t0397-arm_3-r02,environment_done,11,0,operation_to_ingredient_error,wrong_operation_for_ingredient,11,cook pork chop in stove,pork chop,fry,grill
cookingworld:test:52403,N,2,p8-t0393-arm_3-r02,environment_done,12,0,premature_ingredient_consumption,ingredient_eaten_before_meal_completion,12,eat yellow bell pepper,yellow bell pepper,,
cookingworld:test:52000,N,2,p8-t0093-arm_3-r02,environment_done,7,0,operation_to_ingredient_error,wrong_operation_for_ingredient,7,cook red potato in stove,red potato,fry,grill
cookingworld:test:52826,N,2,p8-t0125-arm_3-r02,environment_done,12,0,premature_ingredient_consumption,ingredient_eaten_before_meal_completion,12,eat cilantro,cilantro,,
cookingworld:test:53617,D,2,p8-t0647-arm_1-r02,environment_done,15,0,operation_to_ingredient_error,wrong_operation_for_ingredient,15,cook red hot pepper in barbeque,red hot pepper,grill,fry
cookingworld:test:53210,H,2,p8-t0268-arm_2-r02,environment_done,13,0,operation_to_ingredient_error,wrong_operation_for_ingredient,13,cook red onion in barbeque,red onion,grill,roast
cookingworld:test:52639,N,2,p8-t0089-arm_3-r02,environment_done,7,0,operation_to_ingredient_error,wrong_operation_for_ingredient,7,cook pork chop in stove,pork chop,fry,grill
cookingworld:test:53208,D,2,p8-t0215-arm_1-r02,environment_done,13,0,operation_to_ingredient_error,wrong_operation_for_ingredient,13,cook block of cheese in barbeque,block of cheese,grill,fry
cookingworld:test:53194,N,2,p8-t0381-arm_3-r02,environment_done,4,0,operation_to_ingredient_error,wrong_operation_for_ingredient,4,cook red apple in stove,red apple,fry,grill
cookingworld:test:52894,D,2,p8-t0199-arm_1-r02,environment_done,9,0,operation_to_ingredient_error,wrong_operation_for_ingredient,9,cook banana in barbeque,banana,grill,fry
cookingworld:test:53063,N,2,p8-t0585-arm_3-r02,environment_done,9,0,operation_to_ingredient_error,operation_on_nonrequired_or_completed_ingredient,9,cook yellow bell pepper in barbeque,yellow bell pepper,grill,
cookingworld:test:53448,N,2,p8-t0181-arm_3-r02,environment_done,9,0,operation_to_ingredient_error,wrong_operation_for_ingredient,9,cook pork chop in stove,pork chop,fry,grill
cookingworld:test:53132,R,2,p8-t0506-arm_4-r02,environment_done,15,0,operation_to_ingredient_error,wrong_operation_for_ingredient,15,cook yellow potato in barbeque,yellow potato,grill,roast
cookingworld:test:53440,D,2,p8-t0143-arm_1-r02,environment_done,11,0,operation_to_ingredient_error,wrong_operation_for_ingredient,11,cook pork chop in stove,pork chop,fry,grill
cookingworld:test:53329,H,2,p8-t0296-arm_2-r02,environment_done,11,0,operation_to_ingredient_error,wrong_operation_for_ingredient,11,cook pork chop in stove,pork chop,fry,grill
cookingworld:test:53248,N,2,p8-t0445-arm_3-r02,environment_done,10,0,operation_to_ingredient_error,wrong_operation_for_ingredient,10,cook pork chop in stove,pork chop,fry,grill
cookingworld:test:52602,R,2,p8-t0274-arm_4-r02,environment_done,14,0,operation_to_ingredient_error,wrong_operation_for_ingredient,14,cook yellow potato in barbeque,yellow potato,grill,roast
cookingworld:test:53326,D,2,p8-t0595-arm_1-r02,environment_done,12,0,operation_to_ingredient_error,wrong_operation_for_ingredient,12,cook yellow potato in barbeque,yellow potato,grill,fry
cookingworld:test:52195,D,2,p8-t0095-arm_1-r02,environment_done,13,0,operation_to_ingredient_error,wrong_operation_for_ingredient,13,cook orange bell pepper in barbeque,orange bell pepper,grill,roast
cookingworld:test:52728,H,2,p8-t0484-arm_2-r02,environment_done,3,0,premature_ingredient_consumption,ingredient_eaten_before_meal_completion,3,eat red apple,red apple,,
cookingworld:test:52064,R,2,p8-t0502-arm_4-r02,environment_done,13,0,operation_to_ingredient_error,wrong_operation_for_ingredient,13,cook red onion in barbeque,red onion,grill,roast
cookingworld:test:53667,N,2,p8-t0661-arm_3-r02,environment_done,8,0,operation_to_ingredient_error,wrong_operation_for_ingredient,8,cook pork chop in stove,pork chop,fry,grill
cookingworld:test:53665,R,2,p8-t0402-arm_4-r02,environment_done,18,0,operation_to_ingredient_error,operation_on_nonrequired_or_completed_ingredient,18,chop red hot pepper,red hot pepper,chop,
cookingworld:test:52080,H,2,p8-t0584-arm_2-r02,environment_done,14,0,operation_to_ingredient_error,wrong_operation_for_ingredient,14,cook carrot in barbeque,carrot,grill,fry
cookingworld:test:53836,N,2,p8-t0577-arm_3-r02,environment_done,12,0,operation_to_ingredient_error,operation_on_nonrequired_or_completed_ingredient,12,chop red hot pepper,red hot pepper,chop,
cookingworld:test:52424,H,2,p8-t0412-arm_2-r02,environment_done,10,0,operation_to_ingredient_error,wrong_operation_for_ingredient,10,cook red potato in barbeque,red potato,grill,roast
cookingworld:test:53634,N,2,p8-t0129-arm_3-r02,environment_done,12,0,premature_ingredient_consumption,ingredient_eaten_before_meal_completion,12,eat orange bell pepper,orange bell pepper,,
cookingworld:test:52615,N,2,p8-t0373-arm_3-r02,environment_done,9,0,operation_to_ingredient_error,wrong_operation_for_ingredient,9,cook red apple in barbeque,red apple,grill,roast
cookingworld:test:52493,D,2,p8-t0235-arm_1-r02,environment_done,14,0,operation_to_ingredient_error,wrong_operation_for_ingredient,14,cook purple potato in barbeque,purple potato,grill,roast
cookingworld:test:52246,D,2,p8-t0579-arm_1-r02,environment_done,19,0,operation_to_ingredient_error,wrong_operation_for_ingredient,19,cook yellow potato in barbeque,yellow potato,grill,fry
cookingworld:test:52601,D,2,p8-t0079-arm_1-r02,environment_done,8,0,operation_to_ingredient_error,wrong_operation_for_ingredient,8,cook red potato in oven,red potato,roast,grill
cookingworld:test:52773,N,2,p8-t0377-arm_3-r02,environment_done,12,0,operation_to_ingredient_error,wrong_operation_for_ingredient,12,cook red onion in barbeque,red onion,grill,roast
cookingworld:test:52210,D,2,p8-t0263-arm_1-r02,environment_done,16,0,operation_to_ingredient_error,wrong_operation_for_ingredient,16,cook orange bell pepper in barbeque,orange bell pepper,grill,fry
cookingworld:test:52380,H,2,p8-t0360-arm_2-r02,environment_done,10,0,operation_to_ingredient_error,wrong_operation_for_ingredient,10,cook orange bell pepper in stove,orange bell pepper,fry,grill
cookingworld:test:52054,N,2,p8-t0201-arm_3-r02,environment_done,12,0,operation_to_ingredient_error,wrong_operation_for_ingredient,12,cook block of cheese in barbeque,block of cheese,grill,fry
cookingworld:test:53540,R,2,p8-t0278-arm_4-r02,environment_done,8,0,premature_ingredient_consumption,ingredient_eaten_before_meal_completion,8,eat banana,banana,,
cookingworld:test:52353,N,2,p8-t0017-arm_3-r02,environment_done,3,0,premature_ingredient_consumption,ingredient_eaten_before_meal_completion,3,eat red apple,red apple,,
cookingworld:test:52806,R,2,p8-t0030-arm_4-r02,environment_done,9,0,operation_to_ingredient_error,wrong_operation_for_ingredient,9,cook pork chop in oven,pork chop,roast,grill
cookingworld:test:53592,D,2,p8-t0211-arm_1-r02,environment_done,12,0,operation_to_ingredient_error,wrong_operation_for_ingredient,12,cook orange bell pepper in barbeque,orange bell pepper,grill,fry
cookingworld:test:53648,H,2,p8-t0496-arm_2-r02,environment_done,12,0,operation_to_ingredient_error,wrong_operation_for_ingredient,12,cook chicken leg in barbeque,chicken leg,grill,roast
cookingworld:test:53770,H,2,p8-t0352-arm_2-r02,environment_done,10,0,operation_to_ingredient_error,wrong_operation_for_ingredient,10,cook orange bell pepper in barbeque,orange bell pepper,grill,fry
cookingworld:test:53865,R,2,p8-t0626-arm_4-r02,environment_done,9,0,operation_to_ingredient_error,wrong_operation_for_ingredient,9,cook yellow bell pepper in stove,yellow bell pepper,fry,grill
cookingworld:test:52312,R,2,p8-t0298-arm_4-r02,environment_done,9,0,operation_to_ingredient_error,wrong_operation_for_ingredient,9,cook pork chop in stove,pork chop,fry,grill
cookingworld:test:53856,R,2,p8-t0314-arm_4-r02,environment_done,8,0,operation_to_ingredient_error,wrong_operation_for_ingredient,8,cook red apple in barbeque,red apple,grill,fry
cookingworld:test:53501,D,2,p8-t0651-arm_1-r02,environment_done,15,0,operation_to_ingredient_error,wrong_operation_for_ingredient,15,cook red apple in barbeque,red apple,grill,roast
cookingworld:test:53845,H,2,p8-t0456-arm_2-r02,environment_done,11,0,operation_to_ingredient_error,wrong_operation_for_ingredient,11,cook pork chop in stove,pork chop,fry,grill
cookingworld:test:53562,N,2,p8-t0157-arm_3-r02,environment_done,8,0,operation_to_ingredient_error,wrong_operation_for_ingredient,8,cook red onion in stove,red onion,fry,grill
cookingworld:test:53189,N,2,p8-t0581-arm_3-r02,environment_done,10,0,premature_ingredient_consumption,ingredient_eaten_before_meal_completion,10,eat red onion,red onion,,
cookingworld:test:52093,D,2,p8-t0411-arm_1-r02,environment_done,11,0,operation_to_ingredient_error,wrong_operation_for_ingredient,11,cook red apple in barbeque,red apple,grill,fry
cookingworld:test:53018,H,2,p8-t0308-arm_2-r02,environment_done,8,0,operation_to_ingredient_error,wrong_operation_for_ingredient,8,cook pork chop in stove,pork chop,fry,grill
cookingworld:test:53675,N,2,p8-t0417-arm_3-r02,environment_done,5,0,operation_to_ingredient_error,wrong_operation_for_ingredient,5,cook purple potato in stove,purple potato,fry,grill
cookingworld:test:53315,H,2,p8-t0328-arm_2-r02,environment_done,13,0,operation_to_ingredient_error,wrong_operation_for_ingredient,13,cook chicken leg in barbeque,chicken leg,grill,roast
cookingworld:test:53577,N,2,p8-t0461-arm_3-r02,environment_done,5,0,operation_to_ingredient_error,wrong_operation_for_ingredient,5,cook red hot pepper in oven,red hot pepper,roast,grill
cookingworld:test:53099,N,2,p8-t0505-arm_3-r02,environment_done,9,0,operation_to_ingredient_error,wrong_operation_for_ingredient,9,cook banana in barbeque,banana,grill,fry
cookingworld:test:53384,D,2,p8-t0603-arm_1-r02,environment_done,16,0,operation_to_ingredient_error,wrong_operation_for_ingredient,16,cook orange bell pepper in barbeque,orange bell pepper,grill,fry
cookingworld:test:53800,D,2,p8-t0063-arm_1-r02,environment_done,14,0,operation_to_ingredient_error,wrong_operation_for_ingredient,14,cook white onion in barbeque,white onion,grill,fry
cookingworld:test:52488,N,2,p8-t0333-arm_3-r02,environment_done,15,0,premature_ingredient_consumption,ingredient_eaten_before_meal_completion,15,eat orange bell pepper,orange bell pepper,,
cookingworld:test:52587,N,2,p8-t0465-arm_3-r02,environment_done,12,0,operation_to_ingredient_error,wrong_operation_for_ingredient,12,cook white onion in stove,white onion,fry,grill
cookingworld:test:53037,N,2,p8-t0369-arm_3-r02,environment_done,13,1,operation_to_ingredient_error,wrong_operation_for_ingredient,13,slice cilantro,cilantro,slice,chop
cookingworld:test:53695,R,2,p8-t0422-arm_4-r02,environment_done,9,0,operation_to_ingredient_error,wrong_operation_for_ingredient,9,cook red apple in oven,red apple,roast,grill
cookingworld:test:53825,N,2,p8-t0457-arm_3-r02,environment_done,15,0,operation_to_ingredient_error,wrong_operation_for_ingredient,15,cook orange bell pepper in barbeque,orange bell pepper,grill,roast
cookingworld:test:52181,N,2,p8-t0361-arm_3-r02,environment_done,11,0,operation_to_ingredient_error,wrong_operation_for_ingredient,11,cook yellow bell pepper in stove,yellow bell pepper,fry,grill
cookingworld:test:53458,N,2,p8-t0189-arm_3-r02,environment_done,10,0,operation_to_ingredient_error,wrong_operation_for_ingredient,10,cook carrot in stove,carrot,fry,grill
cookingworld:test:53708,N,2,p8-t0185-arm_3-r02,environment_done,13,0,premature_ingredient_consumption,ingredient_eaten_before_meal_completion,13,eat orange bell pepper,orange bell pepper,,
cookingworld:test:52707,D,2,p8-t0547-arm_1-r02,environment_done,14,0,operation_to_ingredient_error,wrong_operation_for_ingredient,14,cook yellow potato in barbeque,yellow potato,grill,roast
cookingworld:test:53895,R,2,p8-t0266-arm_4-r02,environment_done,14,0,operation_to_ingredient_error,wrong_operation_for_ingredient,14,cook red hot pepper in barbeque,red hot pepper,grill,fry
cookingworld:test:52325,N,2,p8-t0421-arm_3-r02,environment_done,13,0,premature_ingredient_consumption,ingredient_eaten_before_meal_completion,13,eat block of cheese,block of cheese,,
cookingworld:test:53454,D,2,p8-t0383-arm_1-r02,environment_done,16,0,operation_to_ingredient_error,wrong_operation_for_ingredient,16,cook purple potato in barbeque,purple potato,grill,roast
cookingworld:test:52905,N,2,p8-t0133-arm_3-r02,environment_done,9,0,operation_to_ingredient_error,wrong_operation_for_ingredient,9,cook yellow bell pepper in stove,yellow bell pepper,fry,grill
cookingworld:test:53818,N,2,p8-t0045-arm_3-r02,environment_done,17,0,operation_to_ingredient_error,operation_on_nonrequired_or_completed_ingredient,17,cook red onion in barbeque,red onion,grill,
cookingworld:test:52965,D,2,p8-t0039-arm_1-r02,environment_done,10,0,operation_to_ingredient_error,wrong_operation_for_ingredient,10,cook carrot in oven,carrot,roast,grill
cookingworld:test:52815,D,2,p8-t0091-arm_1-r02,environment_done,11,0,operation_to_ingredient_error,wrong_operation_for_ingredient,11,cook red potato in barbeque,red potato,grill,roast
cookingworld:test:53796,N,2,p8-t0193-arm_3-r02,environment_done,9,0,premature_ingredient_consumption,ingredient_eaten_before_meal_completion,9,eat block of cheese,block of cheese,,
cookingworld:test:53102,R,2,p8-t0058-arm_4-r02,environment_done,18,0,operation_to_ingredient_error,wrong_operation_for_ingredient,18,cook purple potato in barbeque,purple potato,grill,roast
cookingworld:test:53937,N,2,p8-t0153-arm_3-r02,environment_done,9,0,operation_to_ingredient_error,wrong_operation_for_ingredient,9,cook pork chop in oven,pork chop,roast,grill
cookingworld:test:53319,R,2,p8-t0178-arm_4-r02,environment_done,5,0,operation_to_ingredient_error,wrong_operation_for_ingredient,5,cook red hot pepper in oven,red hot pepper,roast,grill
cookingworld:test:52335,R,2,p8-t0446-arm_4-r02,environment_done,12,0,operation_to_ingredient_error,wrong_operation_for_ingredient,12,cook orange bell pepper in barbeque,orange bell pepper,grill,fry
cookingworld:test:52839,D,2,p8-t0047-arm_1-r02,environment_done,13,0,operation_to_ingredient_error,wrong_operation_for_ingredient,13,cook purple potato in barbeque,purple potato,grill,roast
cookingworld:test:53931,D,2,p8-t0023-arm_1-r02,environment_done,10,0,operation_to_ingredient_error,wrong_operation_for_ingredient,10,cook banana in barbeque,banana,grill,fry
cookingworld:test:52430,N,2,p8-t0197-arm_3-r02,environment_done,11,0,operation_to_ingredient_error,wrong_operation_for_ingredient,11,cook yellow potato in barbeque,yellow potato,grill,fry
cookingworld:test:52258,D,2,p8-t0455-arm_1-r02,environment_done,11,0,operation_to_ingredient_error,wrong_operation_for_ingredient,11,cook purple potato in barbeque,purple potato,grill,roast
cookingworld:test:53312,R,2,p8-t0230-arm_4-r02,environment_done,14,0,operation_to_ingredient_error,wrong_operation_for_ingredient,14,cook red hot pepper in barbeque,red hot pepper,grill,fry
cookingworld:test:53005,D,2,p8-t0015-arm_1-r02,environment_done,7,0,operation_to_ingredient_error,wrong_operation_for_ingredient,7,cook chicken leg in barbeque,chicken leg,grill,roast
cookingworld:test:52890,R,2,p8-t0350-arm_4-r02,environment_done,15,0,operation_to_ingredient_error,wrong_operation_for_ingredient,15,cook red potato in barbeque,red potato,grill,roast
cookingworld:test:53555,R,2,p8-t0026-arm_4-r02,environment_done,15,0,operation_to_ingredient_error,wrong_operation_for_ingredient,15,cook purple potato in barbeque,purple potato,grill,roast
cookingworld:test:52584,N,2,p8-t0593-arm_3-r02,environment_done,11,0,operation_to_ingredient_error,wrong_operation_for_ingredient,11,cook chicken leg in barbeque,chicken leg,grill,roast
cookingworld:test:53179,H,2,p8-t0636-arm_2-r02,environment_done,13,0,operation_to_ingredient_error,wrong_operation_for_ingredient,13,cook yellow potato in barbeque,yellow potato,grill,fry
cookingworld:test:52003,D,2,p8-t0239-arm_1-r02,environment_done,12,0,operation_to_ingredient_error,wrong_operation_for_ingredient,12,cook chicken wing in barbeque,chicken wing,grill,fry
cookingworld:test:52958,R,2,p8-t0426-arm_4-r02,environment_done,23,0,operation_to_ingredient_error,operation_on_nonrequired_or_completed_ingredient,23,slice banana,banana,slice,
cookingworld:test:52450,N,2,p8-t0501-arm_3-r02,environment_done,12,0,operation_to_ingredient_error,wrong_operation_for_ingredient,12,cook carrot in barbeque,carrot,grill,fry
cookingworld:test:52738,D,2,p8-t0323-arm_1-r02,environment_done,10,0,operation_to_ingredient_error,wrong_operation_for_ingredient,10,cook carrot in barbeque,carrot,grill,fry
cookingworld:test:53728,H,2,p8-t0128-arm_2-r02,environment_done,12,0,operation_to_ingredient_error,wrong_operation_for_ingredient,12,cook banana in barbeque,banana,grill,fry
cookingworld:test:52556,N,2,p8-t0037-arm_3-r02,environment_done,13,0,operation_to_ingredient_error,wrong_operation_for_ingredient,13,cook white onion in barbeque,white onion,grill,fry
cookingworld:test:53447,N,2,p8-t0049-arm_3-r02,environment_done,10,0,operation_to_ingredient_error,wrong_operation_for_ingredient,10,cook white onion in stove,white onion,fry,grill
cookingworld:test:53851,H,2,p8-t0092-arm_2-r02,environment_done,10,0,operation_to_ingredient_error,wrong_operation_for_ingredient,10,cook red onion in barbeque,red onion,grill,roast
cookingworld:test:52848,N,2,p8-t0213-arm_3-r02,environment_done,9,0,operation_to_ingredient_error,wrong_operation_for_ingredient,9,cook red apple in barbeque,red apple,grill,fry
cookingworld:test:53351,N,2,p8-t0565-arm_3-r02,environment_done,14,0,operation_to_ingredient_error,wrong_operation_for_ingredient,14,cook yellow bell pepper in stove,yellow bell pepper,fry,grill
cookingworld:test:53079,N,2,p8-t0489-arm_3-r02,environment_done,6,0,operation_to_ingredient_error,wrong_operation_for_ingredient,6,cook red onion in stove,red onion,fry,grill
cookingworld:test:53293,R,2,p8-t0646-arm_4-r02,environment_done,12,0,operation_to_ingredient_error,wrong_operation_for_ingredient,12,cook purple potato in barbeque,purple potato,grill,roast
cookingworld:test:53789,N,2,p8-t0469-arm_3-r02,environment_done,10,0,operation_to_ingredient_error,wrong_operation_for_ingredient,10,cook carrot in stove,carrot,fry,grill
cookingworld:test:53579,H,2,p8-t0140-arm_2-r02,environment_done,11,0,operation_to_ingredient_error,wrong_operation_for_ingredient,11,cook chicken leg in barbeque,chicken leg,grill,roast
cookingworld:test:52613,H,2,p8-t0004-arm_2-r02,environment_done,13,0,operation_to_ingredient_error,wrong_operation_for_ingredient,13,cook red hot pepper in barbeque,red hot pepper,grill,fry
cookingworld:test:52893,N,2,p8-t0221-arm_3-r02,environment_done,4,0,operation_to_ingredient_error,wrong_operation_for_ingredient,4,cook red apple in stove,red apple,fry,grill
cookingworld:test:53490,N,2,p8-t0657-arm_3-r02--p8rec001,environment_done,8,0,operation_to_ingredient_error,wrong_operation_for_ingredient,8,cook white onion in stove,white onion,fry,grill
cookingworld:test:53683,N,2,p8-t0029-arm_3-r02--p8rec001,environment_done,3,0,operation_to_ingredient_error,wrong_operation_for_ingredient,3,cook red potato in stove,red potato,fry,grill
cookingworld:test:53685,N,2,p8-t0521-arm_3-r02--p8rec001,environment_done,15,0,premature_ingredient_consumption,ingredient_eaten_before_meal_completion,15,eat yellow bell pepper,yellow bell pepper,,
cookingworld:test:53970,N,2,p8-t0649-arm_3-r02--p8rec001,environment_done,9,0,premature_ingredient_consumption,ingredient_eaten_before_meal_completion,9,eat parsley,parsley,,
cookingworld:test:53519,N,2,p8-t0349-arm_3-r02--p8rec001,environment_done,8,0,premature_ingredient_consumption,ingredient_eaten_before_meal_completion,8,eat orange bell pepper,orange bell pepper,,
cookingworld:test:52389,R,2,p8-t0254-arm_4-r02--p8rec001,environment_done,11,0,operation_to_ingredient_error,wrong_operation_for_ingredient,11,cook orange bell pepper in barbeque,orange bell pepper,grill,fry
cookingworld:test:52902,N,2,p8-t0101-arm_3-r02--p8rec001,environment_done,9,0,operation_to_ingredient_error,wrong_operation_for_ingredient,9,cook red potato in barbeque,red potato,grill,roast
cookingworld:test:53456,N,2,p8-t0384-arm_3-r02--p8rec001,environment_done,15,0,premature_ingredient_consumption,ingredient_eaten_before_meal_completion,15,eat red apple,red apple,,
cookingworld:test:52385,N,2,p8-t0372-arm_3-r02--p8rec001,environment_done,7,0,operation_to_ingredient_error,wrong_operation_for_ingredient,7,cook pork chop in stove,pork chop,fry,grill
cookingworld:test:52424,N,2,p8-t0412-arm_3-r02--p8rec001,environment_done,9,0,operation_to_ingredient_error,wrong_operation_for_ingredient,9,cook red potato in barbeque,red potato,grill,roast
cookingworld:test:53675,R,2,p8-t0417-arm_4-r02--p8rec001,environment_done,12,0,operation_to_ingredient_error,wrong_operation_for_ingredient,12,cook purple potato in stove,purple potato,fry,grill
cookingworld:test:53089,D,2,p8-t0354-arm_1-r02--p8rec001,environment_done,12,0,operation_to_ingredient_error,wrong_operation_for_ingredient,12,cook chicken leg in barbeque,chicken leg,grill,roast
cookingworld:test:52223,N,2,p8-t0256-arm_3-r02--p8rec001,environment_done,9,0,operation_to_ingredient_error,wrong_operation_for_ingredient,9,cook banana in barbeque,banana,grill,fry
cookingworld:test:52839,H,2,p8-t0047-arm_2-r02--p8rec001,environment_done,12,0,operation_to_ingredient_error,wrong_operation_for_ingredient,12,cook purple potato in barbeque,purple potato,grill,roast
cookingworld:test:53209,D,2,p8-t0114-arm_1-r02--p8rec001,environment_done,12,0,operation_to_ingredient_error,wrong_operation_for_ingredient,12,cook orange bell pepper in oven,orange bell pepper,roast,grill
cookingworld:test:53351,R,2,p8-t0565-arm_4-r02--p8rec001,environment_done,8,0,operation_to_ingredient_error,wrong_operation_for_ingredient,8,cook yellow bell pepper in stove,yellow bell pepper,fry,chop
cookingworld:test:53008,N,2,p8-t0520-arm_3-r02--p8rec001,environment_done,14,0,operation_to_ingredient_error,wrong_operation_for_ingredient,14,cook white onion in stove,white onion,fry,grill
cookingworld:test:52890,D,2,p8-t0350-arm_1-r02--p8rec001,environment_done,8,0,operation_to_ingredient_error,wrong_operation_for_ingredient,8,cook red potato in barbeque,red potato,grill,roast
cookingworld:test:52831,R,2,p8-t0433-arm_4-r02--p8rec001,environment_done,11,0,premature_ingredient_consumption,ingredient_eaten_before_meal_completion,11,eat red apple,red apple,,
cookingworld:test:52745,N,2,p8-t0368-arm_3-r02--p8rec001,environment_done,6,0,premature_ingredient_consumption,ingredient_eaten_before_meal_completion,6,eat block of cheese,block of cheese,,
cookingworld:test:52267,N,2,p8-t0208-arm_3-r02,environment_done,9,0,premature_ingredient_consumption,ingredient_eaten_before_meal_completion,9,eat orange bell pepper,orange bell pepper,,
cookingworld:test:52052,H,2,p8-t0343-arm_2-r02,environment_done,15,0,operation_to_ingredient_error,wrong_operation_for_ingredient,15,cook red onion in barbeque,red onion,grill,roast
cookingworld:test:53329,N,2,p8-t0296-arm_3-r02,environment_done,9,0,operation_to_ingredient_error,wrong_operation_for_ingredient,9,cook pork chop in stove,pork chop,fry,grill
cookingworld:test:53851,N,2,p8-t0092-arm_3-r02,environment_done,13,0,operation_to_ingredient_error,wrong_operation_for_ingredient,13,cook red onion in barbeque,red onion,grill,roast
cookingworld:test:52695,N,2,p8-t0544-arm_3-r02,environment_done,12,0,operation_to_ingredient_error,operation_on_nonrequired_or_completed_ingredient,12,cook carrot in barbeque,carrot,grill,
cookingworld:test:52571,D,2,p8-t0542-arm_1-r02,environment_done,11,0,operation_to_ingredient_error,wrong_operation_for_ingredient,11,cook pork chop in oven,pork chop,roast,grill
cookingworld:test:53710,D,2,p8-t0206-arm_1-r02,environment_done,15,0,premature_ingredient_consumption,ingredient_eaten_before_meal_completion,15,eat block of cheese,block of cheese,,
cookingworld:test:52835,D,2,p8-t0410-arm_1-r02,environment_done,13,0,operation_to_ingredient_error,wrong_operation_for_ingredient,13,cook yellow potato in barbeque,yellow potato,grill,roast
cookingworld:test:53179,N,2,p8-t0636-arm_3-r02,environment_done,9,0,operation_to_ingredient_error,wrong_operation_for_ingredient,9,cook yellow potato in barbeque,yellow potato,grill,fry
cookingworld:test:53487,N,2,p8-t0036-arm_3-r02,environment_done,13,0,operation_to_ingredient_error,wrong_operation_for_ingredient,13,cook pork chop in stove,pork chop,fry,grill
cookingworld:test:52380,N,2,p8-t0360-arm_3-r02,environment_done,12,0,operation_to_ingredient_error,wrong_operation_for_ingredient,12,cook orange bell pepper in oven,orange bell pepper,roast,grill
cookingworld:test:52338,N,2,p8-t0504-arm_3-r02,environment_done,4,0,operation_to_ingredient_error,wrong_operation_for_ingredient,4,cook purple potato in stove,purple potato,fry,grill
cookingworld:test:53210,N,2,p8-t0268-arm_3-r02,environment_done,12,0,operation_to_ingredient_error,wrong_operation_for_ingredient,12,cook red onion in barbeque,red onion,grill,roast
cookingworld:test:53447,R,2,p8-t0049-arm_4-r02,environment_done,11,0,operation_to_ingredient_error,wrong_operation_for_ingredient,11,cook white onion in stove,white onion,fry,grill
cookingworld:test:52275,R,2,p8-t0529-arm_4-r02,environment_done,14,0,operation_to_ingredient_error,wrong_operation_for_ingredient,14,cook yellow potato in barbeque,yellow potato,grill,roast
cookingworld:test:52773,R,2,p8-t0377-arm_4-r02,environment_done,12,0,operation_to_ingredient_error,wrong_operation_for_ingredient,12,cook red onion in barbeque,red onion,grill,roast
cookingworld:test:52493,H,2,p8-t0235-arm_2-r02,environment_done,12,0,operation_to_ingredient_error,wrong_operation_for_ingredient,12,cook purple potato in barbeque,purple potato,grill,roast
cookingworld:test:53085,R,2,p8-t0097-arm_4-r02,environment_done,10,0,operation_to_ingredient_error,wrong_operation_for_ingredient,10,cook white onion in barbeque,white onion,grill,fry
cookingworld:test:52560,N,2,p8-t0524-arm_3-r02,environment_done,10,0,operation_to_ingredient_error,operation_on_nonrequired_or_completed_ingredient,10,cook red hot pepper in barbeque,red hot pepper,grill,
cookingworld:test:53317,N,2,p8-t0344-arm_3-r02,environment_done,9,0,operation_to_ingredient_error,wrong_operation_for_ingredient,9,cook purple potato in oven,purple potato,roast,grill
cookingworld:test:52799,H,2,p8-t0395-arm_2-r02,environment_done,9,0,operation_to_ingredient_error,wrong_operation_for_ingredient,9,cook red potato in oven,red potato,roast,grill
cookingworld:test:53946,D,2,p8-t0406-arm_1-r02,environment_done,11,0,operation_to_ingredient_error,wrong_operation_for_ingredient,11,cook red onion in oven,red onion,roast,grill
cookingworld:test:53187,R,2,p8-t0021-arm_4-r02,environment_done,9,0,operation_to_ingredient_error,wrong_operation_for_ingredient,9,cook red apple in barbeque,red apple,grill,roast
cookingworld:test:52429,N,2,p8-t0660-arm_3-r02,environment_done,9,0,operation_to_ingredient_error,wrong_operation_for_ingredient,9,cook banana in barbeque,banana,grill,fry
cookingworld:test:53208,H,2,p8-t0215-arm_2-r02,environment_done,13,0,operation_to_ingredient_error,wrong_operation_for_ingredient,13,cook block of cheese in barbeque,block of cheese,grill,fry
cookingworld:test:52556,R,2,p8-t0037-arm_4-r02,environment_done,13,0,operation_to_ingredient_error,wrong_operation_for_ingredient,13,cook white onion in barbeque,white onion,grill,fry
cookingworld:test:52965,H,2,p8-t0039-arm_2-r02,environment_done,10,0,operation_to_ingredient_error,wrong_operation_for_ingredient,10,cook carrot in oven,carrot,roast,grill
cookingworld:test:52601,H,2,p8-t0079-arm_2-r02,environment_done,8,0,operation_to_ingredient_error,wrong_operation_for_ingredient,8,cook red potato in oven,red potato,roast,grill
cookingworld:test:53450,D,2,p8-t0546-arm_1-r02,environment_done,10,0,operation_to_ingredient_error,wrong_operation_for_ingredient,10,cook chicken wing in barbeque,chicken wing,grill,fry
cookingworld:test:52261,N,2,p8-t0400-arm_3-r02,environment_done,18,0,premature_ingredient_consumption,ingredient_eaten_before_meal_completion,18,eat red onion,red onion,,
cookingworld:test:53579,N,2,p8-t0140-arm_3-r02,environment_done,13,0,operation_to_ingredient_error,wrong_operation_for_ingredient,13,cook chicken leg in barbeque,chicken leg,grill,roast
cookingworld:test:53845,N,2,p8-t0456-arm_3-r02,environment_done,7,0,operation_to_ingredient_error,wrong_operation_for_ingredient,7,cook pork chop in stove,pork chop,fry,grill
cookingworld:test:53522,N,2,p8-t0340-arm_3-r02,environment_done,12,0,premature_ingredient_consumption,ingredient_eaten_before_meal_completion,12,eat white onion,white onion,,
cookingworld:test:53555,D,2,p8-t0026-arm_1-r02,environment_done,8,0,operation_to_ingredient_error,wrong_operation_for_ingredient,8,cook purple potato in barbeque,purple potato,grill,roast
cookingworld:test:52027,D,2,p8-t0142-arm_1-r02,environment_done,11,0,operation_to_ingredient_error,wrong_operation_for_ingredient,11,cook chicken wing in barbeque,chicken wing,grill,fry
cookingworld:test:53789,R,2,p8-t0469-arm_4-r02,environment_done,8,0,operation_to_ingredient_error,wrong_operation_for_ingredient,8,cook carrot in stove,carrot,fry,grill
cookingworld:test:53661,D,2,p8-t0002-arm_1-r02,environment_done,13,0,premature_ingredient_consumption,ingredient_eaten_before_meal_completion,13,eat block of cheese,block of cheese,,
cookingworld:test:52615,R,2,p8-t0373-arm_4-r02,environment_done,9,0,operation_to_ingredient_error,wrong_operation_for_ingredient,9,cook red apple in barbeque,red apple,grill,roast
cookingworld:test:52818,N,2,p8-t0040-arm_3-r02,environment_done,9,0,operation_to_ingredient_error,wrong_operation_for_ingredient,9,cook red apple in barbeque,red apple,grill,roast
cookingworld:test:53260,R,2,p8-t0545-arm_4-r02,environment_done,22,0,operation_to_ingredient_error,wrong_operation_for_ingredient,22,cook yellow potato in barbeque,yellow potato,grill,roast
cookingworld:test:53792,N,2,p8-t0204-arm_3-r02,environment_done,9,0,operation_to_ingredient_error,wrong_operation_for_ingredient,9,cook pork chop in stove,pork chop,fry,grill
cookingworld:test:53005,H,2,p8-t0015-arm_2-r02,environment_done,8,0,operation_to_ingredient_error,wrong_operation_for_ingredient,8,cook chicken leg in barbeque,chicken leg,grill,roast
cookingworld:test:53825,R,2,p8-t0457-arm_4-r02,environment_done,13,0,operation_to_ingredient_error,wrong_operation_for_ingredient,13,cook orange bell pepper in barbeque,orange bell pepper,grill,roast
cookingworld:test:52893,R,2,p8-t0221-arm_4-r02,environment_done,8,0,operation_to_ingredient_error,wrong_operation_for_ingredient,8,cook red apple in stove,red apple,fry,grill
cookingworld:test:52331,H,2,p8-t0391-arm_2-r02,environment_done,9,0,operation_to_ingredient_error,wrong_operation_for_ingredient,9,cook pork chop in stove,pork chop,fry,grill
cookingworld:test:52430,R,2,p8-t0197-arm_4-r02,environment_done,8,0,operation_to_ingredient_error,wrong_operation_for_ingredient,8,cook yellow potato in barbeque,yellow potato,grill,fry
cookingworld:test:53585,H,2,p8-t0139-arm_2-r02,environment_done,7,0,operation_to_ingredient_error,wrong_operation_for_ingredient,7,cook red onion in stove,red onion,fry,grill
cookingworld:test:52937,H,2,p8-t0539-arm_2-r02,environment_done,9,0,operation_to_ingredient_error,wrong_operation_for_ingredient,9,cook pork chop in oven,pork chop,roast,grill
cookingworld:test:52960,N,2,p8-t0064-arm_3-r02,environment_done,8,0,operation_to_ingredient_error,wrong_operation_for_ingredient,8,cook pork chop in stove,pork chop,fry,grill
cookingworld:test:53377,N,2,p8-t0396-arm_3-r02,environment_done,17,0,operation_to_ingredient_error,wrong_operation_for_ingredient,17,cook red onion in barbeque,red onion,grill,roast
cookingworld:test:53406,D,2,p8-t0066-arm_1-r02,environment_done,11,0,operation_to_ingredient_error,wrong_operation_for_ingredient,11,cook purple potato in barbeque,purple potato,grill,roast
cookingworld:test:52802,D,2,p8-t0242-arm_1-r02,environment_done,5,0,operation_to_ingredient_error,wrong_operation_for_ingredient,5,cook red potato in barbeque,red potato,grill,roast
cookingworld:test:53405,R,2,p8-t0285-arm_4-r02,environment_done,17,0,premature_ingredient_consumption,ingredient_eaten_before_meal_completion,17,eat block of cheese,block of cheese,,
cookingworld:test:52730,D,2,p8-t0034-arm_1-r02,environment_done,12,0,operation_to_ingredient_error,wrong_operation_for_ingredient,12,cook orange bell pepper in barbeque,orange bell pepper,grill,fry
cookingworld:test:53800,H,2,p8-t0063-arm_2-r02,environment_done,16,0,operation_to_ingredient_error,wrong_operation_for_ingredient,16,cook white onion in barbeque,white onion,grill,fry
cookingworld:test:53786,D,2,p8-t0006-arm_1-r02,environment_done,15,0,operation_to_ingredient_error,wrong_operation_for_ingredient,15,cook red hot pepper in barbeque,red hot pepper,grill,fry
cookingworld:test:53508,N,2,p8-t0488-arm_3-r02,environment_done,14,0,operation_to_ingredient_error,operation_on_nonrequired_or_completed_ingredient,14,chop yellow bell pepper,yellow bell pepper,chop,
cookingworld:test:53671,N,2,p8-t0408-arm_3-r02,environment_done,13,0,operation_to_ingredient_error,wrong_operation_for_ingredient,13,cook yellow potato in barbeque,yellow potato,grill,fry
cookingworld:test:52054,R,2,p8-t0201-arm_4-r02,environment_done,12,0,operation_to_ingredient_error,wrong_operation_for_ingredient,12,cook block of cheese in barbeque,block of cheese,grill,fry
cookingworld:test:53315,N,2,p8-t0328-arm_3-r02,environment_done,15,0,operation_to_ingredient_error,wrong_operation_for_ingredient,15,cook chicken leg in barbeque,chicken leg,grill,roast
cookingworld:test:52815,H,2,p8-t0091-arm_2-r02,environment_done,11,0,operation_to_ingredient_error,wrong_operation_for_ingredient,11,cook red potato in barbeque,red potato,grill,roast
cookingworld:test:52129,N,2,p8-t0188-arm_3-r02,environment_done,9,0,premature_ingredient_consumption,ingredient_eaten_before_meal_completion,9,eat block of cheese,block of cheese,,
cookingworld:test:52064,D,2,p8-t0502-arm_1-r02,environment_done,10,0,operation_to_ingredient_error,wrong_operation_for_ingredient,10,cook red onion in barbeque,red onion,grill,roast
cookingworld:test:52854,N,2,p8-t0024-arm_3-r02,environment_done,6,0,operation_to_ingredient_error,wrong_operation_for_ingredient,6,cook red onion in stove,red onion,fry,grill
cookingworld:test:52905,R,2,p8-t0133-arm_4-r02,environment_done,8,0,operation_to_ingredient_error,wrong_operation_for_ingredient,8,cook yellow bell pepper in stove,yellow bell pepper,fry,grill
cookingworld:test:53293,D,2,p8-t0646-arm_1-r02,environment_done,16,0,operation_to_ingredient_error,wrong_operation_for_ingredient,16,cook purple potato in barbeque,purple potato,grill,roast
cookingworld:test:52093,H,2,p8-t0411-arm_2-r02,environment_done,10,0,operation_to_ingredient_error,wrong_operation_for_ingredient,10,cook red apple in barbeque,red apple,grill,fry
cookingworld:test:52846,N,2,p8-t0044-arm_3-r02,environment_done,7,0,operation_to_ingredient_error,wrong_operation_for_ingredient,7,cook purple potato in stove,purple potato,fry,grill
cookingworld:test:53132,D,2,p8-t0506-arm_1-r02,environment_done,10,0,operation_to_ingredient_error,wrong_operation_for_ingredient,10,cook yellow potato in barbeque,yellow potato,grill,roast
cookingworld:test:53312,D,2,p8-t0230-arm_1-r02,environment_done,15,0,operation_to_ingredient_error,wrong_operation_for_ingredient,15,cook red hot pepper in barbeque,red hot pepper,grill,fry
cookingworld:test:52894,H,2,p8-t0199-arm_2-r02,environment_done,10,0,operation_to_ingredient_error,wrong_operation_for_ingredient,10,cook banana in barbeque,banana,grill,fry
cookingworld:test:52197,D,2,p8-t0650-arm_1-r02,environment_done,11,0,operation_to_ingredient_error,wrong_operation_for_ingredient,11,cook chicken wing in barbeque,chicken wing,grill,fry
cookingworld:test:52581,R,2,p8-t0205-arm_4-r02,environment_done,10,0,operation_to_ingredient_error,wrong_operation_for_ingredient,10,cook red hot pepper in barbeque,red hot pepper,grill,fry
cookingworld:test:52003,H,2,p8-t0239-arm_2-r02,environment_done,13,0,operation_to_ingredient_error,wrong_operation_for_ingredient,13,cook chicken wing in barbeque,chicken wing,grill,fry
cookingworld:test:53778,N,2,p8-t0236-arm_3-r02,environment_done,7,0,operation_to_ingredient_error,wrong_operation_for_ingredient,7,cook red hot pepper in oven,red hot pepper,roast,grill
cookingworld:test:52389,D,2,p8-t0254-arm_1-r02,environment_done,15,0,operation_to_ingredient_error,wrong_operation_for_ingredient,15,cook orange bell pepper in barbeque,orange bell pepper,grill,fry
cookingworld:test:52540,N,2,p8-t0072-arm_3-r02,environment_done,12,0,operation_to_ingredient_error,operation_on_nonrequired_or_completed_ingredient,12,cook red onion in barbeque,red onion,grill,
cookingworld:test:52246,H,2,p8-t0579-arm_2-r02,environment_done,15,0,operation_to_ingredient_error,wrong_operation_for_ingredient,15,cook yellow potato in barbeque,yellow potato,grill,fry
cookingworld:test:53288,H,2,p8-t0663-arm_2-r02,environment_done,15,0,operation_to_ingredient_error,wrong_operation_for_ingredient,15,cook white onion in barbeque,white onion,grill,fry
cookingworld:test:53595,R,2,p8-t0669-arm_4-r02,environment_done,6,0,operation_to_ingredient_error,wrong_operation_for_ingredient,6,cook red onion in stove,red onion,fry,grill
cookingworld:test:52723,N,2,p8-t0552-arm_3-r02,environment_done,8,0,operation_to_ingredient_error,wrong_operation_for_ingredient,8,cook pork chop in stove,pork chop,fry,grill
cookingworld:test:52728,N,2,p8-t0484-arm_3-r02,environment_done,3,0,premature_ingredient_consumption,ingredient_eaten_before_meal_completion,3,eat red apple,red apple,,
cookingworld:test:52342,N,2,p8-t0388-arm_3-r02,environment_done,7,0,operation_to_ingredient_error,wrong_operation_for_ingredient,7,cook pork chop in stove,pork chop,fry,grill
cookingworld:test:53442,N,2,p8-t0264-arm_3-r02,environment_done,17,0,operation_to_ingredient_error,wrong_operation_for_ingredient,17,cook white onion in stove,white onion,fry,grill
cookingworld:test:52774,D,2,p8-t0258-arm_1-r02,environment_done,14,0,operation_to_ingredient_error,wrong_operation_for_ingredient,14,cook yellow potato in barbeque,yellow potato,grill,fry
cookingworld:test:52674,D,2,p8-t0118-arm_1-r02,environment_done,4,0,operation_to_ingredient_error,wrong_operation_for_ingredient,4,cook red apple in stove,red apple,fry,grill
cookingworld:test:52217,D,2,p8-t0470-arm_1-r02,environment_done,11,0,operation_to_ingredient_error,wrong_operation_for_ingredient,11,cook red apple in barbeque,red apple,grill,roast
cookingworld:test:53123,N,2,p8-t0260-arm_3-r02,environment_done,9,0,operation_to_ingredient_error,wrong_operation_for_ingredient,9,cook orange bell pepper in barbeque,orange bell pepper,grill,roast
cookingworld:test:53324,N,2,p8-t0596-arm_3-r02,environment_done,13,0,operation_to_ingredient_error,wrong_operation_for_ingredient,13,cook chicken wing in barbeque,chicken wing,grill,fry
cookingworld:test:52808,H,2,p8-t0043-arm_2-r02,environment_done,12,0,operation_to_ingredient_error,wrong_operation_for_ingredient,12,cook yellow potato in barbeque,yellow potato,grill,roast
cookingworld:test:52681,H,2,p8-t0179-arm_2-r02,environment_done,9,0,operation_to_ingredient_error,wrong_operation_for_ingredient,9,cook orange bell pepper in stove,orange bell pepper,fry,grill
cookingworld:test:52594,N,2,p8-t0116-arm_3-r02,environment_done,14,0,premature_ingredient_consumption,ingredient_eaten_before_meal_completion,14,eat red apple,red apple,,
cookingworld:test:53001,H,2,p8-t0011-arm_2-r02,environment_done,11,0,operation_to_ingredient_error,wrong_operation_for_ingredient,11,cook chicken wing in barbeque,chicken wing,grill,fry
cookingworld:test:53614,N,2,p8-t0148-arm_3-r02,environment_done,16,0,premature_ingredient_consumption,ingredient_eaten_before_meal_completion,16,eat yellow bell pepper,yellow bell pepper,,
cookingworld:test:53186,R,2,p8-t0437-arm_4-r02,environment_done,7,0,operation_to_ingredient_error,wrong_operation_for_ingredient,7,cook orange bell pepper in barbeque,orange bell pepper,grill,roast
cookingworld:test:52547,N,2,p8-t0220-arm_3-r02,environment_done,9,0,operation_to_ingredient_error,wrong_operation_for_ingredient,9,cook purple potato in oven,purple potato,roast,grill
cookingworld:test:53078,N,2,p8-t0336-arm_3-r02,environment_done,7,0,operation_to_ingredient_error,wrong_operation_for_ingredient,7,cook pork chop in stove,pork chop,fry,grill
cookingworld:test:52450,R,2,p8-t0501-arm_4-r02,environment_done,10,0,operation_to_ingredient_error,wrong_operation_for_ingredient,10,cook carrot in barbeque,carrot,grill,fry
cookingworld:test:53771,N,2,p8-t0480-arm_3-r02,environment_done,11,0,operation_to_ingredient_error,wrong_operation_for_ingredient,11,cook red onion in stove,red onion,fry,grill
cookingworld:test:53943,N,2,p8-t0008-arm_3-r02,environment_done,14,0,operation_to_ingredient_error,wrong_operation_for_ingredient,14,cook block of cheese in barbeque,block of cheese,grill,roast
cookingworld:test:52707,H,2,p8-t0547-arm_2-r02,environment_done,14,0,operation_to_ingredient_error,wrong_operation_for_ingredient,14,cook yellow potato in barbeque,yellow potato,grill,roast
cookingworld:test:53427,R,2,p8-t0209-arm_4-r02,environment_done,14,0,operation_to_ingredient_error,wrong_operation_for_ingredient,14,cook orange bell pepper in barbeque,orange bell pepper,grill,fry
cookingworld:test:52888,N,2,p8-t0196-arm_3-r02,environment_done,9,0,operation_to_ingredient_error,wrong_operation_for_ingredient,9,cook white onion in stove,white onion,fry,grill
cookingworld:test:53099,R,2,p8-t0505-arm_4-r02,environment_done,11,0,operation_to_ingredient_error,wrong_operation_for_ingredient,11,cook banana in barbeque,banana,grill,fry
cookingworld:test:53628,N,2,p8-t0476-arm_3-r02,environment_done,10,0,operation_to_ingredient_error,wrong_operation_for_ingredient,10,cook red apple in oven,red apple,roast,grill
cookingworld:test:52748,H,2,p8-t0483-arm_2-r02,environment_done,11,0,operation_to_ingredient_error,wrong_operation_for_ingredient,11,cook carrot in barbeque,carrot,grill,fry
cookingworld:test:53544,N,2,p8-t0252-arm_3-r02,environment_done,13,0,operation_to_ingredient_error,wrong_operation_for_ingredient,13,cook pork chop in stove,pork chop,fry,grill
cookingworld:test:52195,H,2,p8-t0095-arm_2-r02,environment_done,15,0,operation_to_ingredient_error,wrong_operation_for_ingredient,15,cook orange bell pepper in barbeque,orange bell pepper,grill,roast
cookingworld:test:53856,D,2,p8-t0314-arm_1-r02,environment_done,7,0,operation_to_ingredient_error,wrong_operation_for_ingredient,7,cook red apple in barbeque,red apple,grill,fry
cookingworld:test:53995,N,2,p8-t0160-arm_3-r02,environment_done,6,0,operation_to_ingredient_error,wrong_operation_for_ingredient,6,cook red potato in oven,red potato,roast,grill
cookingworld:test:52226,N,2,p8-t0508-arm_3-r02,environment_done,7,0,operation_to_ingredient_error,wrong_operation_for_ingredient,7,cook pork chop in stove,pork chop,fry,grill
cookingworld:test:53643,D,2,p8-t0398-arm_1-r02,environment_done,15,0,operation_to_ingredient_error,wrong_operation_for_ingredient,15,cook block of cheese in barbeque,block of cheese,grill,fry
cookingworld:test:53728,N,2,p8-t0128-arm_3-r02,environment_done,13,0,operation_to_ingredient_error,wrong_operation_for_ingredient,13,cook banana in barbeque,banana,grill,fry
cookingworld:test:53497,N,2,p8-t0548-arm_3-r02,environment_done,27,0,premature_ingredient_consumption,ingredient_eaten_before_meal_completion,27,eat red hot pepper,red hot pepper,,
cookingworld:test:53782,N,2,p8-t0428-arm_3-r02,environment_done,13,0,operation_to_ingredient_error,wrong_operation_for_ingredient,13,cook pork chop in stove,pork chop,fry,grill
cookingworld:test:52928,H,2,p8-t0375-arm_2-r02,environment_done,10,0,operation_to_ingredient_error,wrong_operation_for_ingredient,10,cook red potato in barbeque,red potato,grill,roast
cookingworld:test:53539,N,2,p8-t0600-arm_3-r02,environment_done,9,1,operation_to_ingredient_error,wrong_operation_for_ingredient,9,slice carrot,carrot,slice,dice
cookingworld:test:53086,N,2,p8-t0244-arm_3-r02,environment_done,12,0,operation_to_ingredient_error,operation_on_nonrequired_or_completed_ingredient,12,cook yellow bell pepper in barbeque,yellow bell pepper,grill,
cookingworld:test:53257,D,2,p8-t0286-arm_1-r02,environment_done,10,0,operation_to_ingredient_error,wrong_operation_for_ingredient,10,cook banana in barbeque,banana,grill,fry
cookingworld:test:53895,D,2,p8-t0266-arm_1-r02,environment_done,16,0,operation_to_ingredient_error,wrong_operation_for_ingredient,16,cook red hot pepper in barbeque,red hot pepper,grill,fry
cookingworld:test:53454,H,2,p8-t0383-arm_2-r02,environment_done,16,0,operation_to_ingredient_error,wrong_operation_for_ingredient,16,cook purple potato in barbeque,purple potato,grill,roast
cookingworld:test:53079,R,2,p8-t0489-arm_4-r02,environment_done,11,0,operation_to_ingredient_error,wrong_operation_for_ingredient,11,cook red onion in oven,red onion,roast,grill
cookingworld:test:53501,H,2,p8-t0651-arm_2-r02,environment_done,13,0,operation_to_ingredient_error,wrong_operation_for_ingredient,13,cook red apple in barbeque,red apple,grill,roast
cookingworld:test:53690,R,2,p8-t0485-arm_4-r02,environment_done,17,0,operation_to_ingredient_error,wrong_operation_for_ingredient,17,cook yellow potato in barbeque,yellow potato,grill,roast
cookingworld:test:53133,R,2,p8-t0405-arm_4-r02,environment_done,12,0,operation_to_ingredient_error,wrong_operation_for_ingredient,12,cook white onion in barbeque,white onion,grill,fry
cookingworld:test:52578,N,2,p8-t0492-arm_3-r02,environment_done,8,0,operation_to_ingredient_error,wrong_operation_for_ingredient,8,cook red potato in barbeque,red potato,grill,roast
cookingworld:test:53500,N,2,p8-t0364-arm_3-r02,environment_done,8,0,premature_ingredient_consumption,ingredient_eaten_before_meal_completion,8,eat block of cheese,block of cheese,,
cookingworld:test:52276,N,2,p8-t0168-arm_3-r02,environment_done,12,0,operation_to_ingredient_error,wrong_operation_for_ingredient,12,cook orange bell pepper in stove,orange bell pepper,fry,grill
cookingworld:test:53463,N,2,p8-t0136-arm_3-r02,environment_done,35,0,operation_to_ingredient_error,operation_on_nonrequired_or_completed_ingredient,35,slice yellow potato,yellow potato,slice,
cookingworld:test:52030,N,2,p8-t0468-arm_3-r02,environment_done,7,0,operation_to_ingredient_error,wrong_operation_for_ingredient,7,cook pork chop in stove,pork chop,fry,grill
cookingworld:test:53300,N,2,p8-t0100-arm_3-r02,environment_done,10,0,operation_to_ingredient_error,wrong_operation_for_ingredient,10,cook orange bell pepper in stove,orange bell pepper,fry,grill
cookingworld:test:53427,H,2,p8-t0209-arm_2-r02,environment_done,13,0,operation_to_ingredient_error,wrong_operation_for_ingredient,13,cook orange bell pepper in barbeque,orange bell pepper,grill,fry
cookingworld:test:53661,N,2,p8-t0002-arm_3-r02,environment_done,11,0,premature_ingredient_consumption,ingredient_eaten_before_meal_completion,11,eat block of cheese,block of cheese,,
cookingworld:test:52285,N,2,p8-t0270-arm_3-r02,environment_done,5,0,premature_ingredient_consumption,ingredient_eaten_before_meal_completion,5,eat red hot pepper,red hot pepper,,
cookingworld:test:52450,H,2,p8-t0501-arm_2-r02,environment_done,13,0,operation_to_ingredient_error,wrong_operation_for_ingredient,13,cook carrot in barbeque,carrot,grill,fry
cookingworld:test:52197,N,2,p8-t0650-arm_3-r02,environment_done,10,0,operation_to_ingredient_error,wrong_operation_for_ingredient,10,cook chicken wing in barbeque,chicken wing,grill,fry
cookingworld:test:53319,N,2,p8-t0178-arm_3-r02,environment_done,3,0,operation_to_ingredient_error,wrong_operation_for_ingredient,3,cook red hot pepper in oven,red hot pepper,roast,grill
cookingworld:test:53227,N,2,p8-t0014-arm_3-r02,environment_done,11,0,operation_to_ingredient_error,wrong_operation_for_ingredient,11,cook pork chop in oven,pork chop,roast,grill
cookingworld:test:53690,H,2,p8-t0485-arm_2-r02,environment_done,14,0,operation_to_ingredient_error,wrong_operation_for_ingredient,14,cook yellow potato in barbeque,yellow potato,grill,roast
cookingworld:test:52806,N,2,p8-t0030-arm_3-r02,environment_done,8,0,operation_to_ingredient_error,wrong_operation_for_ingredient,8,cook pork chop in oven,pork chop,roast,grill
cookingworld:test:52080,D,2,p8-t0584-arm_1-r02,environment_done,14,0,operation_to_ingredient_error,wrong_operation_for_ingredient,14,cook carrot in barbeque,carrot,grill,fry
cookingworld:test:52025,N,2,p8-t0294-arm_3-r02,environment_done,9,0,operation_to_ingredient_error,wrong_operation_for_ingredient,9,cook pork chop in stove,pork chop,fry,grill
cookingworld:test:52770,N,2,p8-t0674-arm_3-r02,environment_done,13,0,premature_ingredient_consumption,ingredient_eaten_before_meal_completion,13,eat yellow bell pepper,yellow bell pepper,,
cookingworld:test:52682,R,2,p8-t0191-arm_4-r02,environment_done,7,0,operation_to_ingredient_error,wrong_operation_for_ingredient,7,cook chicken leg in barbeque,chicken leg,grill,roast
cookingworld:test:53632,R,2,p8-t0407-arm_4-r02,environment_done,10,0,operation_to_ingredient_error,wrong_operation_for_ingredient,10,cook pork chop in stove,pork chop,fry,grill
cookingworld:test:52859,N,2,p8-t0246-arm_3-r02,environment_done,10,1,operation_to_ingredient_error,wrong_operation_for_ingredient,10,cook pork chop in stove,pork chop,fry,grill
cookingworld:test:53079,H,2,p8-t0489-arm_2-r02,environment_done,10,0,operation_to_ingredient_error,wrong_operation_for_ingredient,10,cook red onion in stove,red onion,fry,grill
cookingworld:test:52328,R,2,p8-t0103-arm_4-r02,environment_done,9,0,operation_to_ingredient_error,wrong_operation_for_ingredient,9,cook pork chop in oven,pork chop,roast,grill
cookingworld:test:52314,H,2,p8-t0413-arm_2-r02,environment_done,13,0,operation_to_ingredient_error,wrong_operation_for_ingredient,13,cook chicken wing in barbeque,chicken wing,grill,fry
cookingworld:test:52534,N,2,p8-t0510-arm_3-r02,environment_done,8,0,operation_to_ingredient_error,wrong_operation_for_ingredient,8,cook yellow bell pepper in stove,yellow bell pepper,fry,grill
cookingworld:test:53067,N,2,p8-t0346-arm_3-r02,environment_done,6,0,operation_to_ingredient_error,wrong_operation_for_ingredient,6,cook red potato in oven,red potato,roast,grill
cookingworld:test:52802,N,2,p8-t0242-arm_3-r02,environment_done,9,0,operation_to_ingredient_error,wrong_operation_for_ingredient,9,cook red potato in barbeque,red potato,grill,roast
cookingworld:test:53602,H,2,p8-t0621-arm_2-r02,environment_done,14,0,operation_to_ingredient_error,wrong_operation_for_ingredient,14,cook orange bell pepper in barbeque,orange bell pepper,grill,roast
cookingworld:test:52707,R,2,p8-t0547-arm_4-r02,environment_done,22,0,operation_to_ingredient_error,wrong_operation_for_ingredient,22,cook yellow potato in barbeque,yellow potato,grill,roast
cookingworld:test:52373,N,2,p8-t0434-arm_3-r02,environment_done,9,0,operation_to_ingredient_error,operation_on_nonrequired_or_completed_ingredient,9,cook white onion in barbeque,white onion,grill,
cookingworld:test:52571,N,2,p8-t0542-arm_3-r02,environment_done,10,0,operation_to_ingredient_error,wrong_operation_for_ingredient,10,cook pork chop in oven,pork chop,roast,grill
cookingworld:test:53800,R,2,p8-t0063-arm_4-r02,environment_done,10,0,operation_to_ingredient_error,wrong_operation_for_ingredient,10,cook white onion in barbeque,white onion,grill,fry
cookingworld:test:52067,H,2,p8-t0261-arm_2-r02,environment_done,11,0,operation_to_ingredient_error,wrong_operation_for_ingredient,11,cook orange bell pepper in barbeque,orange bell pepper,grill,fry
cookingworld:test:53804,R,2,p8-t0247-arm_4-r02,environment_done,17,0,operation_to_ingredient_error,wrong_operation_for_ingredient,17,cook red apple in barbeque,red apple,grill,roast
cookingworld:test:53865,N,2,p8-t0626-arm_3-r02,environment_done,8,0,operation_to_ingredient_error,wrong_operation_for_ingredient,8,cook yellow bell pepper in stove,yellow bell pepper,fry,grill
cookingworld:test:52965,R,2,p8-t0039-arm_4-r02,environment_done,10,0,operation_to_ingredient_error,wrong_operation_for_ingredient,10,cook carrot in oven,carrot,roast,dice
cookingworld:test:53288,R,2,p8-t0663-arm_4-r02,environment_done,14,0,operation_to_ingredient_error,wrong_operation_for_ingredient,14,cook white onion in barbeque,white onion,grill,fry
cookingworld:test:52278,N,2,p8-t0318-arm_3-r02,environment_done,17,0,premature_ingredient_consumption,ingredient_eaten_before_meal_completion,17,eat carrot,carrot,,
cookingworld:test:52613,D,2,p8-t0004-arm_1-r02,environment_done,13,0,operation_to_ingredient_error,wrong_operation_for_ingredient,13,cook red hot pepper in barbeque,red hot pepper,grill,fry
cookingworld:test:52921,N,2,p8-t0098-arm_3-r02,max_steps,50,1,navigation_or_step_limit_failure,step_limit_without_irreversible_recipe_error,,,,,
cookingworld:test:52052,R,2,p8-t0343-arm_4-r02,environment_done,20,0,operation_to_ingredient_error,wrong_operation_for_ingredient,20,cook red onion in barbeque,red onion,grill,roast
cookingworld:test:52808,R,2,p8-t0043-arm_4-r02,environment_done,23,0,operation_to_ingredient_error,wrong_operation_for_ingredient,23,cook yellow potato in barbeque,yellow potato,grill,roast
cookingworld:test:52844,N,2,p8-t0174-arm_3-r02,environment_done,11,0,operation_to_ingredient_error,wrong_operation_for_ingredient,11,cook carrot in oven,carrot,roast,grill
cookingworld:test:52054,H,2,p8-t0201-arm_2-r02,environment_done,13,0,operation_to_ingredient_error,wrong_operation_for_ingredient,13,cook block of cheese in barbeque,block of cheese,grill,fry
cookingworld:test:53349,H,2,p8-t0137-arm_2-r02,environment_done,14,0,operation_to_ingredient_error,wrong_operation_for_ingredient,14,cook block of cheese in barbeque,block of cheese,grill,fry
cookingworld:test:52750,N,2,p8-t0134-arm_3-r02,environment_done,8,0,operation_to_ingredient_error,wrong_operation_for_ingredient,8,cook red onion in stove,red onion,fry,grill
cookingworld:test:52759,R,2,p8-t0359-arm_4-r02,environment_done,9,0,operation_to_ingredient_error,wrong_operation_for_ingredient,9,cook carrot in oven,carrot,roast,grill
cookingworld:test:53384,R,2,p8-t0603-arm_4-r02,environment_done,15,0,operation_to_ingredient_error,wrong_operation_for_ingredient,15,cook orange bell pepper in barbeque,orange bell pepper,grill,fry
cookingworld:test:53753,R,2,p8-t0515-arm_4-r02,environment_done,10,0,operation_to_ingredient_error,wrong_operation_for_ingredient,10,cook carrot in stove,carrot,fry,grill
cookingworld:test:52615,H,2,p8-t0373-arm_2-r02,environment_done,12,0,operation_to_ingredient_error,wrong_operation_for_ingredient,12,cook red apple in barbeque,red apple,grill,roast
cookingworld:test:53994,N,2,p8-t0450-arm_3-r02,environment_done,6,0,operation_to_ingredient_error,wrong_operation_for_ingredient,6,cook purple potato in stove,purple potato,fry,grill
cookingworld:test:53710,N,2,p8-t0206-arm_3-r02,environment_done,8,0,premature_ingredient_consumption,ingredient_eaten_before_meal_completion,8,eat block of cheese,block of cheese,,
cookingworld:test:52563,N,2,p8-t0222-arm_3-r02,environment_done,8,0,operation_to_ingredient_error,wrong_operation_for_ingredient,8,cook pork chop in stove,pork chop,fry,grill
cookingworld:test:52424,D,2,p8-t0412-arm_1-r02,environment_done,11,0,operation_to_ingredient_error,wrong_operation_for_ingredient,11,cook red potato in barbeque,red potato,grill,roast
cookingworld:test:52493,R,2,p8-t0235-arm_4-r02,environment_done,13,0,operation_to_ingredient_error,wrong_operation_for_ingredient,13,cook purple potato in barbeque,purple potato,grill,roast
cookingworld:test:53695,N,2,p8-t0422-arm_3-r02,environment_done,4,0,operation_to_ingredient_error,wrong_operation_for_ingredient,4,cook red apple in stove,red apple,fry,grill
cookingworld:test:53671,D,2,p8-t0408-arm_1-r02,environment_done,10,0,operation_to_ingredient_error,wrong_operation_for_ingredient,10,cook yellow potato in barbeque,yellow potato,grill,fry
cookingworld:test:52312,N,2,p8-t0298-arm_3-r02,environment_done,8,0,operation_to_ingredient_error,wrong_operation_for_ingredient,8,cook pork chop in stove,pork chop,fry,grill
cookingworld:test:53257,N,2,p8-t0286-arm_3-r02,environment_done,14,0,operation_to_ingredient_error,wrong_operation_for_ingredient,14,cook banana in barbeque,banana,grill,fry
cookingworld:test:53585,R,2,p8-t0139-arm_4-r02,environment_done,6,0,operation_to_ingredient_error,wrong_operation_for_ingredient,6,cook red onion in stove,red onion,fry,grill
cookingworld:test:53209,N,2,p8-t0114-arm_3-r02,environment_done,8,0,operation_to_ingredient_error,wrong_operation_for_ingredient,8,cook orange bell pepper in stove,orange bell pepper,fry,grill
cookingworld:test:52429,D,2,p8-t0660-arm_1-r02,environment_done,7,0,operation_to_ingredient_error,wrong_operation_for_ingredient,7,cook banana in barbeque,banana,grill,fry
cookingworld:test:52064,N,2,p8-t0502-arm_3-r02,environment_done,11,0,operation_to_ingredient_error,wrong_operation_for_ingredient,11,cook red onion in barbeque,red onion,grill,roast
cookingworld:test:53856,N,2,p8-t0314-arm_3-r02,environment_done,11,0,operation_to_ingredient_error,wrong_operation_for_ingredient,11,cook red apple in barbeque,red apple,grill,fry
cookingworld:test:53271,N,2,p8-t0038-arm_3-r02,environment_done,15,0,premature_ingredient_consumption,ingredient_eaten_before_meal_completion,15,eat cilantro,cilantro,,
cookingworld:test:53772,H,2,p8-t0245-arm_2-r02,environment_done,11,0,operation_to_ingredient_error,wrong_operation_for_ingredient,11,cook chicken wing in barbeque,chicken wing,grill,fry
cookingworld:test:52068,R,2,p8-t0331-arm_4-r02,environment_done,11,0,operation_to_ingredient_error,wrong_operation_for_ingredient,11,cook red apple in barbeque,red apple,grill,roast
cookingworld:test:53664,N,2,p8-t0054-arm_3-r02,environment_done,13,0,operation_to_ingredient_error,wrong_operation_for_ingredient,13,cook pork chop in stove,pork chop,fry,grill
cookingworld:test:52738,R,2,p8-t0323-arm_4-r02,environment_done,14,0,operation_to_ingredient_error,wrong_operation_for_ingredient,14,cook carrot in barbeque,carrot,grill,fry
cookingworld:test:52195,R,2,p8-t0095-arm_4-r02,environment_done,9,0,operation_to_ingredient_error,wrong_operation_for_ingredient,9,cook orange bell pepper in barbeque,orange bell pepper,grill,roast
cookingworld:test:53099,H,2,p8-t0505-arm_2-r02,environment_done,9,0,operation_to_ingredient_error,wrong_operation_for_ingredient,9,cook banana in barbeque,banana,grill,fry
cookingworld:test:52674,N,2,p8-t0118-arm_3-r02,environment_done,6,0,operation_to_ingredient_error,wrong_operation_for_ingredient,6,cook red apple in stove,red apple,fry,grill
cookingworld:test:53440,R,2,p8-t0143-arm_4-r02,environment_done,8,0,operation_to_ingredient_error,wrong_operation_for_ingredient,8,cook pork chop in stove,pork chop,fry,chop
cookingworld:test:53365,R,2,p8-t0279-arm_4-r02,environment_done,9,0,operation_to_ingredient_error,wrong_operation_for_ingredient,9,cook pork chop in oven,pork chop,roast,grill
cookingworld:test:52380,D,2,p8-t0360-arm_1-r02,environment_done,10,0,operation_to_ingredient_error,wrong_operation_for_ingredient,10,cook orange bell pepper in oven,orange bell pepper,roast,grill
cookingworld:test:52676,D,2,p8-t0120-arm_1-r02,environment_done,11,0,operation_to_ingredient_error,wrong_operation_for_ingredient,11,cook red onion in barbeque,red onion,grill,roast
cookingworld:test:52063,N,2,p8-t0042-arm_3-r02,environment_done,8,0,operation_to_ingredient_error,wrong_operation_for_ingredient,8,cook orange bell pepper in stove,orange bell pepper,fry,grill
cookingworld:test:53324,D,2,p8-t0596-arm_1-r02,environment_done,10,0,operation_to_ingredient_error,wrong_operation_for_ingredient,10,cook banana in barbeque,banana,grill,fry
cookingworld:test:52962,D,2,p8-t0184-arm_1-r02,environment_done,14,0,operation_to_ingredient_error,wrong_operation_for_ingredient,14,cook red potato in barbeque,red potato,grill,roast
cookingworld:test:53123,D,2,p8-t0260-arm_1-r02,environment_done,9,0,operation_to_ingredient_error,wrong_operation_for_ingredient,9,cook orange bell pepper in barbeque,orange bell pepper,grill,roast
cookingworld:test:53210,D,2,p8-t0268-arm_1-r02,environment_done,15,0,operation_to_ingredient_error,wrong_operation_for_ingredient,15,cook red onion in barbeque,red onion,grill,roast
cookingworld:test:52688,N,2,p8-t0078-arm_3-r02,environment_done,11,0,operation_to_ingredient_error,wrong_operation_for_ingredient,11,cook yellow bell pepper in stove,yellow bell pepper,fry,grill
cookingworld:test:52207,D,2,p8-t0588-arm_1-r02,environment_done,13,0,operation_to_ingredient_error,wrong_operation_for_ingredient,13,cook red hot pepper in barbeque,red hot pepper,grill,fry
cookingworld:test:53312,N,2,p8-t0230-arm_3-r02,environment_done,15,0,operation_to_ingredient_error,wrong_operation_for_ingredient,15,cook red hot pepper in barbeque,red hot pepper,grill,fry
cookingworld:test:53579,D,2,p8-t0140-arm_1-r02,environment_done,10,0,operation_to_ingredient_error,wrong_operation_for_ingredient,10,cook chicken leg in barbeque,chicken leg,grill,roast
cookingworld:test:53194,H,2,p8-t0381-arm_2-r02,environment_done,6,0,operation_to_ingredient_error,wrong_operation_for_ingredient,6,cook red apple in oven,red apple,roast,grill
cookingworld:test:53665,N,2,p8-t0402-arm_3-r02,environment_done,11,0,operation_to_ingredient_error,operation_on_nonrequired_or_completed_ingredient,11,cook banana in barbeque,banana,grill,
cookingworld:test:53501,R,2,p8-t0651-arm_4-r02,environment_done,12,0,operation_to_ingredient_error,wrong_operation_for_ingredient,12,cook red apple in barbeque,red apple,grill,roast
cookingworld:test:52201,N,2,p8-t0526-arm_3-r02,environment_done,15,1,operation_to_ingredient_error,wrong_operation_for_ingredient,15,cook yellow bell pepper in stove,yellow bell pepper,fry,grill
cookingworld:test:53327,H,2,p8-t0257-arm_2-r02,environment_done,11,0,operation_to_ingredient_error,wrong_operation_for_ingredient,11,cook pork chop in oven,pork chop,roast,grill
cookingworld:test:53133,H,2,p8-t0405-arm_2-r02,environment_done,13,0,operation_to_ingredient_error,wrong_operation_for_ingredient,13,cook white onion in barbeque,white onion,grill,fry
cookingworld:test:53396,H,2,p8-t0173-arm_2-r02,environment_done,16,0,operation_to_ingredient_error,wrong_operation_for_ingredient,16,cook carrot in barbeque,carrot,grill,fry
cookingworld:test:52027,N,2,p8-t0142-arm_3-r02,environment_done,11,0,operation_to_ingredient_error,wrong_operation_for_ingredient,11,cook chicken wing in barbeque,chicken wing,grill,fry
cookingworld:test:52708,N,2,p8-t0598-arm_3-r02,environment_done,11,0,operation_to_ingredient_error,operation_on_nonrequired_or_completed_ingredient,11,cook yellow bell pepper in barbeque,yellow bell pepper,grill,
cookingworld:test:53592,R,2,p8-t0211-arm_4-r02,environment_done,12,0,operation_to_ingredient_error,wrong_operation_for_ingredient,12,cook orange bell pepper in barbeque,orange bell pepper,grill,fry
cookingworld:test:53315,D,2,p8-t0328-arm_1-r02,environment_done,13,0,operation_to_ingredient_error,wrong_operation_for_ingredient,13,cook chicken leg in barbeque,chicken leg,grill,roast
cookingworld:test:53905,R,2,p8-t0099-arm_4-r02,environment_done,9,0,premature_ingredient_consumption,ingredient_eaten_before_meal_completion,9,eat block of cheese,block of cheese,,
cookingworld:test:52145,R,2,p8-t0227-arm_4-r02,environment_done,12,0,operation_to_ingredient_error,wrong_operation_for_ingredient,12,cook yellow potato in barbeque,yellow potato,grill,roast
cookingworld:test:52255,N,2,p8-t0210-arm_3-r02,max_steps,50,2,navigation_or_step_limit_failure,step_limit_without_irreversible_recipe_error,,,,,
cookingworld:test:52037,N,2,p8-t0326-arm_3-r02,environment_done,14,0,premature_ingredient_consumption,ingredient_eaten_before_meal_completion,14,eat yellow bell pepper,yellow bell pepper,,
cookingworld:test:52748,R,2,p8-t0483-arm_4-r02,environment_done,10,0,operation_to_ingredient_error,wrong_operation_for_ingredient,10,cook carrot in barbeque,carrot,grill,fry
cookingworld:test:52853,N,2,p8-t0158-arm_3-r02,environment_done,9,0,operation_to_ingredient_error,wrong_operation_for_ingredient,9,cook purple potato in stove,purple potato,fry,grill
cookingworld:test:53102,N,2,p8-t0058-arm_3-r02,environment_done,11,0,operation_to_ingredient_error,wrong_operation_for_ingredient,11,cook purple potato in barbeque,purple potato,grill,roast
cookingworld:test:52578,D,2,p8-t0492-arm_1-r02,environment_done,9,0,operation_to_ingredient_error,wrong_operation_for_ingredient,9,cook red potato in barbeque,red potato,grill,roast
cookingworld:test:52928,R,2,p8-t0375-arm_4-r02,environment_done,8,0,operation_to_ingredient_error,wrong_operation_for_ingredient,8,cook red potato in barbeque,red potato,grill,roast
cookingworld:test:52773,H,2,p8-t0377-arm_2-r02,environment_done,15,0,operation_to_ingredient_error,wrong_operation_for_ingredient,15,cook red onion in barbeque,red onion,grill,roast
cookingworld:test:52275,H,2,p8-t0529-arm_2-r02,environment_done,11,0,operation_to_ingredient_error,wrong_operation_for_ingredient,11,cook yellow potato in barbeque,yellow potato,grill,roast
cookingworld:test:53698,D,2,p8-t0312-arm_1-r02,environment_done,14,0,operation_to_ingredient_error,wrong_operation_for_ingredient,14,cook red hot pepper in barbeque,red hot pepper,grill,fry
cookingworld:test:53642,N,2,p8-t0586-arm_3-r02,environment_done,17,0,operation_to_ingredient_error,operation_allocated_to_wrong_ingredient_role,17,cook red onion in barbeque,red onion,grill,roast
cookingworld:test:52041,H,2,p8-t0073-arm_2-r02,environment_done,8,0,operation_to_ingredient_error,wrong_operation_for_ingredient,8,cook red potato in barbeque,red potato,grill,roast
cookingworld:test:52339,D,2,p8-t0324-arm_1-r02,environment_done,11,0,operation_to_ingredient_error,wrong_operation_for_ingredient,11,cook white onion in barbeque,white onion,grill,fry
cookingworld:test:52344,N,2,p8-t0130-arm_3-r02,environment_done,8,0,operation_to_ingredient_error,wrong_operation_for_ingredient,8,cook red onion in stove,red onion,fry,grill
cookingworld:test:53499,N,2,p8-t0534-arm_3-r02,environment_done,9,1,operation_to_ingredient_error,wrong_operation_for_ingredient,9,cook red potato in stove,red potato,fry,grill
cookingworld:test:53260,H,2,p8-t0545-arm_2-r02,environment_done,17,0,operation_to_ingredient_error,wrong_operation_for_ingredient,17,cook yellow potato in barbeque,yellow potato,grill,roast
cookingworld:test:52217,N,2,p8-t0470-arm_3-r02,environment_done,9,0,operation_to_ingredient_error,wrong_operation_for_ingredient,9,cook red apple in barbeque,red apple,grill,roast
cookingworld:test:53825,H,2,p8-t0457-arm_2-r02,environment_done,11,0,operation_to_ingredient_error,wrong_operation_for_ingredient,11,cook orange bell pepper in barbeque,orange bell pepper,grill,roast
cookingworld:test:53187,H,2,p8-t0021-arm_2-r02,environment_done,11,0,operation_to_ingredient_error,wrong_operation_for_ingredient,11,cook red apple in barbeque,red apple,grill,roast
cookingworld:test:53112,H,2,p8-t0309-arm_2-r02,environment_done,10,0,operation_to_ingredient_error,wrong_operation_for_ingredient,10,cook red potato in barbeque,red potato,grill,roast
cookingworld:test:52004,N,2,p8-t0642-arm_3-r02,environment_done,21,3,premature_ingredient_consumption,ingredient_eaten_before_meal_completion,21,eat orange bell pepper,orange bell pepper,,
cookingworld:test:52810,R,2,p8-t0499-arm_4-r02,environment_done,9,0,operation_to_ingredient_error,operation_on_nonrequired_or_completed_ingredient,9,chop red hot pepper,red hot pepper,chop,
cookingworld:test:52890,N,2,p8-t0350-arm_3-r02,environment_done,9,0,operation_to_ingredient_error,wrong_operation_for_ingredient,9,cook red potato in barbeque,red potato,grill,roast
cookingworld:test:52109,R,2,p8-t0151-arm_4-r02,environment_done,9,0,operation_to_ingredient_error,wrong_operation_for_ingredient,9,cook purple potato in barbeque,purple potato,grill,roast
cookingworld:test:53770,D,2,p8-t0352-arm_1-r02,environment_done,14,0,operation_to_ingredient_error,wrong_operation_for_ingredient,14,cook orange bell pepper in barbeque,orange bell pepper,grill,fry
cookingworld:test:52306,D,2,p8-t0096-arm_1-r02,environment_done,11,0,operation_to_ingredient_error,wrong_operation_for_ingredient,11,cook red potato in barbeque,red potato,grill,roast
cookingworld:test:53452,R,2,p8-t0655-arm_4-r02,max_steps,50,0,navigation_or_step_limit_failure,step_limit_without_irreversible_recipe_error,,,,,
cookingworld:test:52894,R,2,p8-t0199-arm_4-r02,environment_done,10,0,operation_to_ingredient_error,wrong_operation_for_ingredient,10,cook banana in barbeque,banana,grill,fry
cookingworld:test:52917,R,2,p8-t0231-arm_4-r02,environment_done,13,0,operation_to_ingredient_error,wrong_operation_for_ingredient,13,cook carrot in stove,carrot,fry,grill
cookingworld:test:52815,R,2,p8-t0091-arm_4-r02,environment_done,10,0,operation_to_ingredient_error,wrong_operation_for_ingredient,10,cook red potato in barbeque,red potato,grill,roast
cookingworld:test:53565,N,2,p8-t0194-arm_3-r02,environment_done,11,0,operation_to_ingredient_error,wrong_operation_for_ingredient,11,cook purple potato in stove,purple potato,fry,grill
cookingworld:test:52581,H,2,p8-t0205-arm_2-r02,environment_done,10,0,operation_to_ingredient_error,wrong_operation_for_ingredient,10,cook red hot pepper in barbeque,red hot pepper,grill,fry
cookingworld:test:53037,H,2,p8-t0369-arm_2-r02,environment_done,11,0,operation_to_ingredient_error,wrong_operation_for_ingredient,11,cook chicken wing in barbeque,chicken wing,grill,fry
cookingworld:test:52730,N,2,p8-t0034-arm_3-r02,environment_done,9,0,operation_to_ingredient_error,wrong_operation_for_ingredient,9,cook chicken wing in barbeque,chicken wing,grill,fry
cookingworld:test:53648,D,2,p8-t0496-arm_1-r02,environment_done,13,0,operation_to_ingredient_error,wrong_operation_for_ingredient,13,cook chicken leg in barbeque,chicken leg,grill,roast
cookingworld:test:53728,D,2,p8-t0128-arm_1-r02,environment_done,10,0,operation_to_ingredient_error,wrong_operation_for_ingredient,10,cook banana in barbeque,banana,grill,fry
cookingworld:test:52237,N,2,p8-t0482-arm_3-r02,environment_done,4,0,operation_to_ingredient_error,wrong_operation_for_ingredient,4,cook purple potato in stove,purple potato,fry,grill
cookingworld:test:52413,N,2,p8-t0086-arm_3-r02,environment_done,7,0,operation_to_ingredient_error,wrong_operation_for_ingredient,7,cook pork chop in stove,pork chop,fry,grill
cookingworld:test:53676,N,2,p8-t0474-arm_3-r02,environment_done,15,0,premature_ingredient_consumption,ingredient_eaten_before_meal_completion,15,eat white onion,white onion,,
cookingworld:test:53085,H,2,p8-t0097-arm_2-r02,environment_done,13,0,operation_to_ingredient_error,wrong_operation_for_ingredient,13,cook white onion in barbeque,white onion,grill,fry
cookingworld:test:53186,H,2,p8-t0437-arm_2-r02,environment_done,13,0,operation_to_ingredient_error,wrong_operation_for_ingredient,13,cook orange bell pepper in barbeque,orange bell pepper,grill,roast
cookingworld:test:53394,N,2,p8-t0566-arm_3-r02,environment_done,10,0,operation_to_ingredient_error,wrong_operation_for_ingredient,10,cook pork chop in stove,pork chop,fry,grill
cookingworld:test:53946,N,2,p8-t0406-arm_3-r02,environment_done,6,0,operation_to_ingredient_error,wrong_operation_for_ingredient,6,cook red onion in stove,red onion,fry,grill
cookingworld:test:53035,N,2,p8-t0347-arm_3-r02,environment_done,8,0,operation_to_ingredient_error,wrong_operation_for_ingredient,8,cook yellow bell pepper in stove,yellow bell pepper,fry,grill
cookingworld:test:53317,R,2,p8-t0344-arm_4-r02,environment_done,12,0,operation_to_ingredient_error,wrong_operation_for_ingredient,12,cook purple potato in oven,purple potato,roast,grill
cookingworld:test:53427,D,2,p8-t0209-arm_1-r02,environment_done,12,0,operation_to_ingredient_error,wrong_operation_for_ingredient,12,cook orange bell pepper in barbeque,orange bell pepper,grill,fry
cookingworld:test:52676,R,2,p8-t0120-arm_4-r02,environment_done,9,0,operation_to_ingredient_error,wrong_operation_for_ingredient,9,cook red onion in barbeque,red onion,grill,roast
cookingworld:test:52730,H,2,p8-t0034-arm_2-r02,environment_done,12,0,operation_to_ingredient_error,wrong_operation_for_ingredient,12,cook orange bell pepper in barbeque,orange bell pepper,grill,fry
cookingworld:test:52328,N,2,p8-t0103-arm_3-r02,environment_done,9,0,operation_to_ingredient_error,wrong_operation_for_ingredient,9,cook pork chop in oven,pork chop,roast,grill
cookingworld:test:53123,R,2,p8-t0260-arm_4-r02,environment_done,9,0,operation_to_ingredient_error,wrong_operation_for_ingredient,9,cook orange bell pepper in barbeque,orange bell pepper,grill,roast
cookingworld:test:53690,D,2,p8-t0485-arm_1-r02,environment_done,13,0,operation_to_ingredient_error,wrong_operation_for_ingredient,13,cook yellow potato in barbeque,yellow potato,grill,roast
cookingworld:test:52681,N,2,p8-t0179-arm_3-r02,environment_done,11,0,operation_to_ingredient_error,wrong_operation_for_ingredient,11,cook orange bell pepper in stove,orange bell pepper,fry,grill
cookingworld:test:53186,D,2,p8-t0437-arm_1-r02,environment_done,11,0,operation_to_ingredient_error,wrong_operation_for_ingredient,11,cook orange bell pepper in barbeque,orange bell pepper,grill,roast
cookingworld:test:52799,N,2,p8-t0395-arm_3-r02,environment_done,5,0,operation_to_ingredient_error,wrong_operation_for_ingredient,5,cook red potato in oven,red potato,roast,grill
cookingworld:test:52338,R,2,p8-t0504-arm_4-r02,environment_done,6,0,operation_to_ingredient_error,wrong_operation_for_ingredient,6,cook purple potato in stove,purple potato,fry,grill
cookingworld:test:53079,D,2,p8-t0489-arm_1-r02,environment_done,10,0,operation_to_ingredient_error,wrong_operation_for_ingredient,10,cook red onion in oven,red onion,roast,grill
cookingworld:test:52410,N,2,p8-t0007-arm_3-r02,environment_done,6,0,operation_to_ingredient_error,wrong_operation_for_ingredient,6,cook red apple in stove,red apple,fry,grill
cookingworld:test:53187,D,2,p8-t0021-arm_1-r02,environment_done,10,0,operation_to_ingredient_error,wrong_operation_for_ingredient,10,cook red apple in barbeque,red apple,grill,roast
cookingworld:test:53786,H,2,p8-t0006-arm_2-r02,environment_done,10,0,operation_to_ingredient_error,wrong_operation_for_ingredient,10,cook red hot pepper in barbeque,red hot pepper,grill,fry
cookingworld:test:53585,N,2,p8-t0139-arm_3-r02,environment_done,6,0,operation_to_ingredient_error,wrong_operation_for_ingredient,6,cook red onion in oven,red onion,roast,grill
cookingworld:test:53406,H,2,p8-t0066-arm_2-r02,environment_done,11,0,operation_to_ingredient_error,wrong_operation_for_ingredient,11,cook purple potato in barbeque,purple potato,grill,roast
cookingworld:test:52890,H,2,p8-t0350-arm_2-r02,environment_done,8,0,operation_to_ingredient_error,wrong_operation_for_ingredient,8,cook red potato in barbeque,red potato,grill,roast
cookingworld:test:52473,R,2,p8-t0132-arm_4-r02,environment_done,6,0,operation_to_ingredient_error,wrong_operation_for_ingredient,6,cook block of cheese in barbeque,block of cheese,grill,roast
cookingworld:test:53468,N,2,p8-t0055-arm_3-r02,environment_done,9,0,operation_to_ingredient_error,wrong_operation_for_ingredient,9,cook red hot pepper in stove,red hot pepper,fry,grill
cookingworld:test:52835,H,2,p8-t0410-arm_2-r02,environment_done,13,0,operation_to_ingredient_error,wrong_operation_for_ingredient,13,cook yellow potato in barbeque,yellow potato,grill,roast
cookingworld:test:53210,R,2,p8-t0268-arm_4-r02,environment_done,12,0,operation_to_ingredient_error,wrong_operation_for_ingredient,12,cook red onion in barbeque,red onion,grill,roast
cookingworld:test:53366,N,2,p8-t0575-arm_3-r02,environment_done,7,0,operation_to_ingredient_error,wrong_operation_for_ingredient,7,cook red potato in stove,red potato,fry,grill
cookingworld:test:52645,N,2,p8-t0443-arm_3-r02,environment_done,14,0,premature_ingredient_consumption,ingredient_eaten_before_meal_completion,14,eat orange bell pepper,orange bell pepper,,
cookingworld:test:53772,D,2,p8-t0245-arm_1-r02,environment_done,13,0,operation_to_ingredient_error,wrong_operation_for_ingredient,13,cook chicken wing in barbeque,chicken wing,grill,fry
cookingworld:test:52581,D,2,p8-t0205-arm_1-r02,environment_done,10,0,operation_to_ingredient_error,wrong_operation_for_ingredient,10,cook red hot pepper in barbeque,red hot pepper,grill,fry
cookingworld:test:52603,R,2,p8-t0424-arm_4-r02,environment_done,13,0,operation_to_ingredient_error,wrong_operation_for_ingredient,13,cook yellow potato in barbeque,yellow potato,grill,fry
cookingworld:test:53299,N,2,p8-t0451-arm_3-r02,environment_done,12,0,operation_to_ingredient_error,wrong_operation_for_ingredient,12,cook pork chop in stove,pork chop,fry,grill
cookingworld:test:53312,H,2,p8-t0230-arm_2-r02,environment_done,13,0,operation_to_ingredient_error,wrong_operation_for_ingredient,13,cook red hot pepper in barbeque,red hot pepper,grill,fry
cookingworld:test:53632,N,2,p8-t0407-arm_3-r02,environment_done,8,0,operation_to_ingredient_error,wrong_operation_for_ingredient,8,cook pork chop in stove,pork chop,fry,grill
cookingworld:test:52962,R,2,p8-t0184-arm_4-r02,environment_done,9,0,operation_to_ingredient_error,wrong_operation_for_ingredient,9,cook red potato in barbeque,red potato,grill,roast
cookingworld:test:53940,N,2,p8-t0535-arm_3-r02,environment_done,14,0,operation_to_ingredient_error,wrong_operation_for_ingredient,14,cook block of cheese in barbeque,block of cheese,grill,fry
cookingworld:test:52615,D,2,p8-t0373-arm_1-r02,environment_done,12,0,operation_to_ingredient_error,wrong_operation_for_ingredient,12,cook red apple in barbeque,red apple,grill,roast
cookingworld:test:53939,N,2,p8-t0583-arm_3-r02,environment_done,15,0,operation_to_ingredient_error,operation_on_nonrequired_or_completed_ingredient,15,cook red onion in barbeque,red onion,grill,
cookingworld:test:53984,N,2,p8-t0567-arm_3-r02,environment_done,17,0,premature_ingredient_consumption,ingredient_eaten_before_meal_completion,17,eat white onion,white onion,,
cookingworld:test:53326,N,2,p8-t0595-arm_3-r02,environment_done,11,0,operation_to_ingredient_error,wrong_operation_for_ingredient,11,cook yellow potato in barbeque,yellow potato,grill,fry
cookingworld:test:53163,N,2,p8-t0187-arm_3-r02,environment_done,4,0,operation_to_ingredient_error,wrong_operation_for_ingredient,4,cook red potato in oven,red potato,roast,grill
cookingworld:test:52306,R,2,p8-t0096-arm_4-r02,environment_done,10,0,operation_to_ingredient_error,wrong_operation_for_ingredient,10,cook red potato in barbeque,red potato,grill,roast
cookingworld:test:52217,H,2,p8-t0470-arm_2-r02,environment_done,11,0,operation_to_ingredient_error,wrong_operation_for_ingredient,11,cook red apple in barbeque,red apple,grill,roast
cookingworld:test:53872,D,2,p8-t0561-arm_1-r02,environment_done,14,0,operation_to_ingredient_error,wrong_operation_for_ingredient,14,cook red hot pepper in barbeque,red hot pepper,grill,fry
cookingworld:test:52184,N,2,p8-t0319-arm_3-r02,environment_done,10,0,operation_to_ingredient_error,wrong_operation_for_ingredient,10,cook pork chop in stove,pork chop,fry,grill
cookingworld:test:53124,H,2,p8-t0574-arm_2-r02,environment_done,14,0,operation_to_ingredient_error,wrong_operation_for_ingredient,14,cook chicken wing in barbeque,chicken wing,grill,fry
cookingworld:test:53792,R,2,p8-t0204-arm_4-r02,environment_done,11,0,operation_to_ingredient_error,wrong_operation_for_ingredient,11,cook pork chop in stove,pork chop,fry,grill
cookingworld:test:53018,R,2,p8-t0308-arm_4-r02,environment_done,8,0,operation_to_ingredient_error,wrong_operation_for_ingredient,8,cook pork chop in oven,pork chop,roast,grill
cookingworld:test:53388,N,2,p8-t0163-arm_3-r02,environment_done,12,0,operation_to_ingredient_error,wrong_operation_for_ingredient,12,cook yellow bell pepper in stove,yellow bell pepper,fry,grill
cookingworld:test:53643,H,2,p8-t0398-arm_2-r02,environment_done,15,0,operation_to_ingredient_error,wrong_operation_for_ingredient,15,cook block of cheese in barbeque,block of cheese,grill,fry
cookingworld:test:52195,N,2,p8-t0095-arm_3-r02,environment_done,10,0,operation_to_ingredient_error,wrong_operation_for_ingredient,10,cook orange bell pepper in barbeque,orange bell pepper,grill,roast
cookingworld:test:52928,N,2,p8-t0375-arm_3-r02,environment_done,9,0,operation_to_ingredient_error,wrong_operation_for_ingredient,9,cook red potato in barbeque,red potato,grill,roast
cookingworld:test:53487,R,2,p8-t0036-arm_4-r02,environment_done,11,0,operation_to_ingredient_error,wrong_operation_for_ingredient,11,cook pork chop in oven,pork chop,roast,grill
cookingworld:test:53753,N,2,p8-t0515-arm_3-r02,environment_done,12,0,operation_to_ingredient_error,wrong_operation_for_ingredient,12,cook carrot in stove,carrot,fry,grill
cookingworld:test:53365,N,2,p8-t0279-arm_3-r02,environment_done,11,1,operation_to_ingredient_error,wrong_operation_for_ingredient,11,cook pork chop in stove,pork chop,fry,grill
cookingworld:test:52937,N,2,p8-t0539-arm_3-r02,environment_done,7,0,operation_to_ingredient_error,wrong_operation_for_ingredient,7,cook pork chop in stove,pork chop,fry,grill
cookingworld:test:52487,D,2,p8-t0281-arm_1-r02,environment_done,10,0,operation_to_ingredient_error,wrong_operation_for_ingredient,10,cook orange bell pepper in barbeque,orange bell pepper,grill,roast
cookingworld:test:52054,D,2,p8-t0201-arm_1-r02,environment_done,14,0,operation_to_ingredient_error,wrong_operation_for_ingredient,14,cook block of cheese in barbeque,block of cheese,grill,fry
cookingworld:test:53495,N,2,p8-t0611-arm_3-r02,environment_done,9,0,operation_to_ingredient_error,wrong_operation_for_ingredient,9,cook white onion in stove,white onion,fry,grill
cookingworld:test:52411,N,2,p8-t0367-arm_3-r02,environment_done,10,0,operation_to_ingredient_error,wrong_operation_for_ingredient,10,cook orange bell pepper in stove,orange bell pepper,fry,grill
cookingworld:test:52207,R,2,p8-t0588-arm_4-r02,environment_done,10,0,operation_to_ingredient_error,wrong_operation_for_ingredient,10,cook red hot pepper in barbeque,red hot pepper,grill,fry
cookingworld:test:53327,D,2,p8-t0257-arm_1-r02,environment_done,12,0,operation_to_ingredient_error,wrong_operation_for_ingredient,12,cook pork chop in oven,pork chop,roast,grill
cookingworld:test:53376,R,2,p8-t0632-arm_4-r02,environment_done,26,0,premature_ingredient_consumption,ingredient_eaten_before_meal_completion,26,eat red apple,red apple,,
cookingworld:test:52601,N,2,p8-t0079-arm_3-r02,environment_done,5,0,operation_to_ingredient_error,wrong_operation_for_ingredient,5,cook red potato in oven,red potato,roast,grill
cookingworld:test:53288,N,2,p8-t0663-arm_3-r02,environment_done,15,0,operation_to_ingredient_error,wrong_operation_for_ingredient,15,cook white onion in barbeque,white onion,grill,fry
cookingworld:test:53194,D,2,p8-t0381-arm_1-r02,environment_done,6,0,operation_to_ingredient_error,wrong_operation_for_ingredient,6,cook red apple in oven,red apple,roast,grill
cookingworld:test:53132,H,2,p8-t0506-arm_2-r02,environment_done,11,0,operation_to_ingredient_error,wrong_operation_for_ingredient,11,cook yellow potato in barbeque,yellow potato,grill,roast
cookingworld:test:53835,N,2,p8-t0131-arm_3-r02,environment_done,11,0,operation_to_ingredient_error,wrong_operation_for_ingredient,11,cook white onion in stove,white onion,fry,grill
cookingworld:test:53005,N,2,p8-t0015-arm_3-r02,environment_done,9,0,operation_to_ingredient_error,wrong_operation_for_ingredient,9,cook chicken leg in barbeque,chicken leg,grill,roast
cookingworld:test:52474,D,2,p8-t0645-arm_1-r02,environment_done,9,0,operation_to_ingredient_error,wrong_operation_for_ingredient,9,cook carrot in barbeque,carrot,grill,fry
cookingworld:test:53077,N,2,p8-t0431-arm_3-r02,environment_done,10,0,operation_to_ingredient_error,wrong_operation_for_ingredient,10,cook red onion in oven,red onion,roast,grill
cookingworld:test:53698,R,2,p8-t0312-arm_4-r02,environment_done,10,0,operation_to_ingredient_error,wrong_operation_for_ingredient,10,cook red hot pepper in barbeque,red hot pepper,grill,fry
cookingworld:test:52773,D,2,p8-t0377-arm_1-r02,environment_done,14,0,operation_to_ingredient_error,wrong_operation_for_ingredient,14,cook red onion in barbeque,red onion,grill,roast
cookingworld:test:53133,D,2,p8-t0405-arm_1-r02,environment_done,13,0,operation_to_ingredient_error,wrong_operation_for_ingredient,13,cook white onion in barbeque,white onion,grill,fry
cookingworld:test:53208,N,2,p8-t0215-arm_3-r02,environment_done,13,0,operation_to_ingredient_error,wrong_operation_for_ingredient,13,cook block of cheese in barbeque,block of cheese,grill,fry
cookingworld:test:52989,D,2,p8-t0113-arm_1-r02,environment_done,6,0,operation_to_ingredient_error,wrong_operation_for_ingredient,6,cook orange bell pepper in barbeque,orange bell pepper,grill,roast
cookingworld:test:52275,D,2,p8-t0529-arm_1-r02,environment_done,11,0,operation_to_ingredient_error,wrong_operation_for_ingredient,11,cook yellow potato in barbeque,yellow potato,grill,roast
cookingworld:test:53804,N,2,p8-t0247-arm_3-r02,environment_done,11,0,operation_to_ingredient_error,wrong_operation_for_ingredient,11,cook carrot in stove,carrot,fry,grill
cookingworld:test:52844,H,2,p8-t0174-arm_2-r02,environment_done,11,0,operation_to_ingredient_error,wrong_operation_for_ingredient,11,cook carrot in oven,carrot,roast,grill
cookingworld:test:52854,R,2,p8-t0024-arm_4-r02,environment_done,11,0,operation_to_ingredient_error,wrong_operation_for_ingredient,11,cook red onion in oven,red onion,roast,grill
cookingworld:test:53173,N,2,p8-t0623-arm_3-r02,environment_done,10,0,operation_to_ingredient_error,wrong_operation_for_ingredient,10,cook pork chop in oven,pork chop,roast,grill
cookingworld:test:53001,N,2,p8-t0011-arm_3-r02,environment_done,10,0,operation_to_ingredient_error,wrong_operation_for_ingredient,10,cook chicken wing in barbeque,chicken wing,grill,fry
cookingworld:test:52774,H,2,p8-t0258-arm_2-r02,environment_done,10,0,operation_to_ingredient_error,wrong_operation_for_ingredient,10,cook yellow potato in barbeque,yellow potato,grill,fry
cookingworld:test:52759,N,2,p8-t0359-arm_3-r02,environment_done,13,0,operation_to_ingredient_error,operation_allocated_to_wrong_ingredient_role,13,cook carrot in stove,carrot,fry,grill
cookingworld:test:52093,N,2,p8-t0411-arm_3-r02,environment_done,9,0,operation_to_ingredient_error,wrong_operation_for_ingredient,9,cook red apple in barbeque,red apple,grill,fry
cookingworld:test:52083,N,2,p8-t0371-arm_3-r02,environment_done,12,0,premature_ingredient_consumption,ingredient_eaten_before_meal_completion,12,eat red hot pepper,red hot pepper,,
cookingworld:test:52707,N,2,p8-t0547-arm_3-r02,environment_done,17,0,operation_to_ingredient_error,wrong_operation_for_ingredient,17,cook yellow potato in barbeque,yellow potato,grill,roast
cookingworld:test:52556,D,2,p8-t0037-arm_1-r02,environment_done,14,0,operation_to_ingredient_error,wrong_operation_for_ingredient,14,cook white onion in barbeque,white onion,grill,fry
cookingworld:test:52331,N,2,p8-t0391-arm_3-r02,environment_done,7,0,operation_to_ingredient_error,wrong_operation_for_ingredient,7,cook pork chop in stove,pork chop,fry,grill
cookingworld:test:53993,D,2,p8-t0233-arm_1-r02,environment_done,16,0,operation_to_ingredient_error,wrong_operation_for_ingredient,16,cook orange bell pepper in barbeque,orange bell pepper,grill,fry
cookingworld:test:52450,D,2,p8-t0501-arm_1-r02,environment_done,11,0,operation_to_ingredient_error,wrong_operation_for_ingredient,11,cook carrot in barbeque,carrot,grill,fry
cookingworld:test:53216,D,2,p8-t0549-arm_1-r02,environment_done,11,0,operation_to_ingredient_error,wrong_operation_for_ingredient,11,cook red potato in barbeque,red potato,grill,roast
cookingworld:test:53420,N,2,p8-t0335-arm_3-r02,environment_done,11,1,operation_to_ingredient_error,wrong_operation_for_ingredient,11,cook chicken leg in barbeque,chicken leg,grill,roast
cookingworld:test:52965,N,2,p8-t0039-arm_3-r02,environment_done,9,0,operation_to_ingredient_error,wrong_operation_for_ingredient,9,cook carrot in oven,carrot,roast,grill
cookingworld:test:53349,D,2,p8-t0137-arm_1-r02,environment_done,16,0,operation_to_ingredient_error,wrong_operation_for_ingredient,16,cook block of cheese in barbeque,block of cheese,grill,fry
cookingworld:test:53257,H,2,p8-t0286-arm_2-r02,environment_done,12,0,operation_to_ingredient_error,wrong_operation_for_ingredient,12,cook banana in barbeque,banana,grill,fry
cookingworld:test:52041,D,2,p8-t0073-arm_1-r02,environment_done,8,0,operation_to_ingredient_error,wrong_operation_for_ingredient,8,cook red potato in barbeque,red potato,grill,roast
cookingworld:test:52511,N,2,p8-t0559-arm_3-r02,environment_done,7,0,operation_to_ingredient_error,wrong_operation_for_ingredient,7,cook pork chop in stove,pork chop,fry,grill
cookingworld:test:52264,N,2,p8-t0387-arm_3-r02,environment_done,8,0,operation_to_ingredient_error,wrong_operation_for_ingredient,8,cook carrot in stove,carrot,fry,grill
cookingworld:test:53946,H,2,p8-t0406-arm_2-r02,environment_done,11,0,operation_to_ingredient_error,wrong_operation_for_ingredient,11,cook red onion in stove,red onion,fry,grill
cookingworld:test:53644,H,2,p8-t0010-arm_2-r02,environment_done,11,0,operation_to_ingredient_error,wrong_operation_for_ingredient,11,cook orange bell pepper in barbeque,orange bell pepper,grill,fry
cookingworld:test:52380,R,2,p8-t0360-arm_4-r02,environment_done,9,0,operation_to_ingredient_error,wrong_operation_for_ingredient,9,cook orange bell pepper in oven,orange bell pepper,roast,grill
cookingworld:test:52883,N,2,p8-t0563-arm_3-r02,environment_done,10,0,operation_to_ingredient_error,operation_on_nonrequired_or_completed_ingredient,10,cook red hot pepper in barbeque,red hot pepper,grill,
cookingworld:test:52238,N,2,p8-t0503-arm_3-r02,environment_done,8,0,operation_to_ingredient_error,wrong_operation_for_ingredient,8,cook carrot in stove,carrot,fry,grill
cookingworld:test:52954,H,2,p8-t0202-arm_2-r02,max_steps,50,0,navigation_or_step_limit_failure,step_limit_without_irreversible_recipe_error,,,,,
cookingworld:test:53450,H,2,p8-t0546-arm_2-r02,environment_done,11,0,operation_to_ingredient_error,wrong_operation_for_ingredient,11,cook chicken wing in barbeque,chicken wing,grill,fry
cookingworld:test:53905,N,2,p8-t0099-arm_3-r02,environment_done,8,0,premature_ingredient_consumption,ingredient_eaten_before_meal_completion,8,eat block of cheese,block of cheese,,
cookingworld:test:53484,R,2,p8-t0528-arm_4-r02,environment_done,8,0,premature_ingredient_consumption,ingredient_eaten_before_meal_completion,8,eat block of cheese,block of cheese,,
cookingworld:test:53501,N,2,p8-t0651-arm_3-r02,environment_done,13,0,operation_to_ingredient_error,wrong_operation_for_ingredient,13,cook red apple in barbeque,red apple,grill,roast
cookingworld:test:53602,D,2,p8-t0621-arm_1-r02,environment_done,10,0,operation_to_ingredient_error,wrong_operation_for_ingredient,10,cook orange bell pepper in barbeque,orange bell pepper,grill,roast
cookingworld:test:52424,R,2,p8-t0412-arm_4-r02,environment_done,9,0,operation_to_ingredient_error,wrong_operation_for_ingredient,9,cook red potato in barbeque,red potato,grill,roast
cookingworld:test:53099,D,2,p8-t0505-arm_1-r02,environment_done,9,0,operation_to_ingredient_error,wrong_operation_for_ingredient,9,cook banana in barbeque,banana,grill,fry
cookingworld:test:53734,N,2,p8-t0171-arm_3-r02,environment_done,16,0,operation_to_ingredient_error,wrong_operation_for_ingredient,16,cook carrot in barbeque,carrot,grill,fry
cookingworld:test:52170,N,2,p8-t0119-arm_3-r02,environment_done,6,0,operation_to_ingredient_error,wrong_operation_for_ingredient,6,cook purple potato in stove,purple potato,fry,grill
cookingworld:test:52068,N,2,p8-t0331-arm_3-r02,environment_done,7,0,operation_to_ingredient_error,wrong_operation_for_ingredient,7,cook pork chop in stove,pork chop,fry,grill
cookingworld:test:52859,H,2,p8-t0246-arm_2-r02,environment_done,10,0,operation_to_ingredient_error,wrong_operation_for_ingredient,10,cook pork chop in stove,pork chop,fry,grill
cookingworld:test:53394,H,2,p8-t0566-arm_2-r02,environment_done,9,0,operation_to_ingredient_error,wrong_operation_for_ingredient,9,cook pork chop in stove,pork chop,fry,grill
cookingworld:test:53260,D,2,p8-t0545-arm_1-r02,environment_done,17,0,operation_to_ingredient_error,wrong_operation_for_ingredient,17,cook yellow potato in barbeque,yellow potato,grill,roast
cookingworld:test:53813,N,2,p8-t0543-arm_3-r02,environment_done,5,0,premature_ingredient_consumption,ingredient_eaten_before_meal_completion,5,eat banana,banana,,
cookingworld:test:53298,N,2,p8-t0159-arm_3-r02,environment_done,18,1,operation_to_ingredient_error,wrong_operation_for_ingredient,18,cook pork chop in oven,pork chop,roast,grill
cookingworld:test:53240,N,2,p8-t0051-arm_3-r02,environment_done,8,0,operation_to_ingredient_error,wrong_operation_for_ingredient,8,cook pork chop in stove,pork chop,fry,grill
cookingworld:test:52210,N,2,p8-t0263-arm_3-r02,environment_done,18,0,operation_to_ingredient_error,wrong_operation_for_ingredient,18,cook orange bell pepper in barbeque,orange bell pepper,grill,fry
cookingworld:test:52052,N,2,p8-t0343-arm_3-r02,environment_done,13,0,operation_to_ingredient_error,wrong_operation_for_ingredient,13,cook red onion in barbeque,red onion,grill,roast
cookingworld:test:53377,R,2,p8-t0396-arm_4-r02,environment_done,17,0,operation_to_ingredient_error,wrong_operation_for_ingredient,17,cook red onion in barbeque,red onion,grill,roast
cookingworld:test:52389,H,2,p8-t0254-arm_2-r02,environment_done,16,0,operation_to_ingredient_error,wrong_operation_for_ingredient,16,cook orange bell pepper in barbeque,orange bell pepper,grill,fry
cookingworld:test:53856,H,2,p8-t0314-arm_2-r02,environment_done,8,0,operation_to_ingredient_error,wrong_operation_for_ingredient,8,cook red apple in barbeque,red apple,grill,fry
cookingworld:test:53446,N,2,p8-t0059-arm_3-r02,environment_done,26,1,operation_to_ingredient_error,wrong_operation_for_ingredient,26,cook purple potato in stove,purple potato,fry,grill
cookingworld:test:52613,R,2,p8-t0004-arm_4-r02,environment_done,11,0,operation_to_ingredient_error,operation_on_nonrequired_or_completed_ingredient,11,dice banana,banana,dice,
cookingworld:test:53440,N,2,p8-t0143-arm_3-r02,environment_done,12,0,operation_to_ingredient_error,wrong_operation_for_ingredient,12,cook pork chop in stove,pork chop,fry,grill
cookingworld:test:52064,H,2,p8-t0502-arm_2-r02,environment_done,10,0,operation_to_ingredient_error,wrong_operation_for_ingredient,10,cook red onion in barbeque,red onion,grill,roast
cookingworld:test:52682,N,2,p8-t0191-arm_3-r02,environment_done,7,0,operation_to_ingredient_error,wrong_operation_for_ingredient,7,cook chicken leg in barbeque,chicken leg,grill,roast
cookingworld:test:52148,N,2,p8-t0495-arm_3-r02,environment_done,2,0,operation_to_ingredient_error,wrong_operation_for_ingredient,2,cook red potato in stove,red potato,fry,grill
cookingworld:test:52027,H,2,p8-t0142-arm_2-r02,environment_done,11,0,operation_to_ingredient_error,wrong_operation_for_ingredient,11,cook chicken wing in barbeque,chicken wing,grill,fry
cookingworld:test:52079,N,2,p8-t0523-arm_3-r02,environment_done,9,0,operation_to_ingredient_error,wrong_operation_for_ingredient,9,cook yellow potato in barbeque,yellow potato,grill,fry
cookingworld:test:52314,D,2,p8-t0413-arm_1-r02,environment_done,13,0,operation_to_ingredient_error,wrong_operation_for_ingredient,13,cook chicken wing in barbeque,chicken wing,grill,fry
cookingworld:test:52209,R,2,p8-t0088-arm_4-r02,environment_done,21,0,premature_ingredient_consumption,ingredient_eaten_before_meal_completion,21,eat block of cheese,block of cheese,,
cookingworld:test:53037,D,2,p8-t0369-arm_1-r02,environment_done,11,0,operation_to_ingredient_error,wrong_operation_for_ingredient,11,cook chicken wing in barbeque,chicken wing,grill,fry
cookingworld:test:52095,N,2,p8-t0183-arm_3-r02,environment_done,10,0,operation_to_ingredient_error,wrong_operation_for_ingredient,10,cook orange bell pepper in stove,orange bell pepper,fry,grill
