target_id,condition,repetition,record_run_id,terminal_reason,step_count,invalid_action_count,failure_category,failure_subcategory,first_irreversible_step,first_irreversible_action,ingredient,observed_operation,expected_next_operation
cookingworld:test:52917,P,2,sup-t0231-arm_1-r02,environment_done,17,0,operation_to_ingredient_error,operation_allocated_to_wrong_ingredient_role,17,cook red potato in barbeque,red potato,grill,roast
cookingworld:test:52330,P,1,sup-t0497-arm_1-r01,environment_done,10,0,operation_to_ingredient_error,wrong_operation_for_ingredient,10,cook pork chop in oven,pork chop,roast,grill
cookingworld:test:52989,R2,1,sup-t0113-arm_2-r01,environment_done,7,0,operation_to_ingredient_error,wrong_operation_for_ingredient,7,cook red potato in barbeque,red potato,grill,roast
cookingworld:test:54020,N2,2,sup-t0696-arm_3-r02,environment_done,8,0,operation_to_ingredient_error,wrong_operation_for_ingredient,8,cook yellow bell pepper in stove,yellow bell pepper,fry,grill
cookingworld:test:53366,P,1,sup-t0575-arm_1-r01,environment_done,9,0,operation_to_ingredient_error,wrong_operation_for_ingredient,9,cook red potato in stove,red potato,fry,grill
cookingworld:test:52894,R2,1,sup-t0199-arm_2-r01,environment_done,16,0,operation_to_ingredient_error,wrong_operation_for_ingredient,16,cook banana in barbeque,banana,grill,fry
cookingworld:test:52639,P,2,sup-t0089-arm_1-r02,environment_done,7,0,operation_to_ingredient_error,wrong_operation_for_ingredient,7,cook pork chop in stove,pork chop,fry,grill
cookingworld:test:53631,R2,1,sup-t0065-arm_2-r01,environment_done,3,0,operation_to_ingredient_error,wrong_operation_for_ingredient,3,cook red apple in barbeque,red apple,grill,roast
cookingworld:test:53631,N2,1,sup-t0065-arm_3-r01,environment_done,3,0,premature_ingredient_consumption,ingredient_eaten_before_meal_completion,3,eat red apple,red apple,,
cookingworld:test:52965,N2,1,sup-t0039-arm_3-r01,environment_done,9,0,operation_to_ingredient_error,wrong_operation_for_ingredient,9,cook carrot in oven,carrot,roast,grill
cookingworld:test:53770,R2,2,sup-t0352-arm_2-r02,environment_done,17,0,operation_to_ingredient_error,wrong_operation_for_ingredient,17,cook orange bell pepper in barbeque,orange bell pepper,grill,fry
cookingworld:test:53102,R2,2,sup-t0058-arm_2-r02,environment_done,14,0,operation_to_ingredient_error,wrong_operation_for_ingredient,14,cook purple potato in barbeque,purple potato,grill,roast
cookingworld:test:52328,P,2,sup-t0103-arm_1-r02,environment_done,12,0,operation_to_ingredient_error,wrong_operation_for_ingredient,12,cook pork chop in oven,pork chop,roast,grill
cookingworld:test:52880,P,2,sup-t0518-arm_1-r02,environment_done,12,0,operation_to_ingredient_error,wrong_operation_for_ingredient,12,cook red potato in oven,red potato,roast,grill
cookingworld:test:53077,N2,1,sup-t0431-arm_3-r01,environment_done,9,0,operation_to_ingredient_error,wrong_operation_for_ingredient,9,cook red onion in oven,red onion,roast,grill
cookingworld:test:52556,P,2,sup-t0037-arm_1-r02,environment_done,13,0,operation_to_ingredient_error,wrong_operation_for_ingredient,13,cook white onion in barbeque,white onion,grill,fry
cookingworld:test:52613,P,1,sup-t0004-arm_1-r01,environment_done,9,0,operation_to_ingredient_error,wrong_operation_for_ingredient,9,cook red hot pepper in barbeque,red hot pepper,grill,fry
cookingworld:test:53895,P,1,sup-t0266-arm_1-r01,environment_done,12,0,operation_to_ingredient_error,wrong_operation_for_ingredient,12,cook red hot pepper in barbeque,red hot pepper,grill,fry
cookingworld:test:52902,P,2,sup-t0101-arm_1-r02,environment_done,5,0,operation_to_ingredient_error,wrong_operation_for_ingredient,5,cook red potato in barbeque,red potato,grill,roast
cookingworld:test:53063,N2,1,sup-t0585-arm_3-r01,environment_done,10,0,operation_to_ingredient_error,operation_on_nonrequired_or_completed_ingredient,10,cook yellow bell pepper in barbeque,yellow bell pepper,grill,
cookingworld:test:53490,N2,2,sup-t0657-arm_3-r02,environment_done,9,0,operation_to_ingredient_error,wrong_operation_for_ingredient,9,cook white onion in stove,white onion,fry,grill
cookingworld:test:52448,N2,2,sup-t0219-arm_3-r02,environment_done,16,0,premature_ingredient_consumption,ingredient_eaten_before_meal_completion,16,eat orange bell pepper,orange bell pepper,,
cookingworld:test:53192,N2,2,sup-t0553-arm_3-r02,environment_done,10,0,operation_to_ingredient_error,wrong_operation_for_ingredient,10,cook pork chop in stove,pork chop,fry,grill
cookingworld:test:53792,P,1,sup-t0204-arm_1-r01,environment_done,11,0,operation_to_ingredient_error,wrong_operation_for_ingredient,11,cook pork chop in stove,pork chop,fry,grill
cookingworld:test:53562,N2,1,sup-t0157-arm_3-r01,environment_done,8,0,operation_to_ingredient_error,wrong_operation_for_ingredient,8,cook red onion in stove,red onion,fry,grill
cookingworld:test:54020,N2,1,sup-t0696-arm_3-r01,environment_done,12,0,operation_to_ingredient_error,wrong_operation_for_ingredient,12,cook yellow bell pepper in stove,yellow bell pepper,fry,grill
cookingworld:test:53440,N2,2,sup-t0143-arm_3-r02,environment_done,10,0,operation_to_ingredient_error,wrong_operation_for_ingredient,10,cook pork chop in stove,pork chop,fry,grill
cookingworld:test:52958,R2,1,sup-t0426-arm_2-r01,environment_done,14,0,operation_to_ingredient_error,operation_on_nonrequired_or_completed_ingredient,14,slice banana,banana,slice,
cookingworld:test:52068,R2,1,sup-t0331-arm_2-r01,environment_done,11,0,operation_to_ingredient_error,wrong_operation_for_ingredient,11,cook red apple in barbeque,red apple,grill,roast
cookingworld:test:52353,N2,1,sup-t0017-arm_3-r01,environment_done,3,0,premature_ingredient_consumption,ingredient_eaten_before_meal_completion,3,eat red apple,red apple,,
cookingworld:test:53394,N2,2,sup-t0566-arm_3-r02,environment_done,14,0,operation_to_ingredient_error,wrong_operation_for_ingredient,14,cook pork chop in stove,pork chop,fry,grill
cookingworld:test:53035,N2,1,sup-t0347-arm_3-r01,environment_done,9,0,operation_to_ingredient_error,wrong_operation_for_ingredient,9,cook yellow bell pepper in stove,yellow bell pepper,fry,grill
cookingworld:test:52145,R2,1,sup-t0227-arm_2-r01,environment_done,15,0,operation_to_ingredient_error,wrong_operation_for_ingredient,15,cook yellow potato in barbeque,yellow potato,grill,roast
cookingworld:test:53376,R2,2,sup-t0632-arm_2-r02,environment_done,15,0,premature_ingredient_consumption,ingredient_eaten_before_meal_completion,15,eat red apple,red apple,,
cookingworld:test:53804,N2,1,sup-t0247-arm_3-r01,environment_done,13,0,operation_to_ingredient_error,wrong_operation_for_ingredient,13,cook carrot in stove,carrot,fry,grill
cookingworld:test:53792,R2,2,sup-t0204-arm_2-r02,environment_done,9,0,operation_to_ingredient_error,wrong_operation_for_ingredient,9,cook pork chop in stove,pork chop,fry,grill
cookingworld:test:53312,R2,2,sup-t0230-arm_2-r02,environment_done,11,0,operation_to_ingredient_error,wrong_operation_for_ingredient,11,cook red hot pepper in barbeque,red hot pepper,grill,fry
cookingworld:test:53804,R2,2,sup-t0247-arm_2-r02,environment_done,17,0,operation_to_ingredient_error,wrong_operation_for_ingredient,17,cook red apple in barbeque,red apple,grill,roast
cookingworld:test:52839,P,1,sup-t0047-arm_1-r01,environment_done,16,0,operation_to_ingredient_error,wrong_operation_for_ingredient,16,cook purple potato in barbeque,purple potato,grill,roast
cookingworld:test:53406,R2,1,sup-t0066-arm_2-r01,environment_done,22,0,operation_to_ingredient_error,wrong_operation_for_ingredient,22,cook purple potato in barbeque,purple potato,grill,roast
cookingworld:test:52424,N2,1,sup-t0412-arm_3-r01,environment_done,8,0,operation_to_ingredient_error,wrong_operation_for_ingredient,8,cook red potato in barbeque,red potato,grill,roast
cookingworld:test:53299,N2,1,sup-t0451-arm_3-r01,environment_done,13,0,operation_to_ingredient_error,wrong_operation_for_ingredient,13,cook pork chop in stove,pork chop,fry,grill
cookingworld:test:52799,N2,2,sup-t0395-arm_3-r02,environment_done,7,0,operation_to_ingredient_error,wrong_operation_for_ingredient,7,cook red potato in oven,red potato,roast,grill
cookingworld:test:53895,N2,2,sup-t0266-arm_3-r02,environment_done,14,0,operation_to_ingredient_error,wrong_operation_for_ingredient,14,cook red hot pepper in barbeque,red hot pepper,grill,fry
cookingworld:test:52549,N2,2,sup-t0342-arm_3-r02,environment_done,8,0,operation_to_ingredient_error,wrong_operation_for_ingredient,8,cook red potato in oven,red potato,roast,grill
cookingworld:test:52844,N2,1,sup-t0174-arm_3-r01,environment_done,8,0,operation_to_ingredient_error,wrong_operation_for_ingredient,8,cook carrot in oven,carrot,roast,grill
cookingworld:test:52958,N2,1,sup-t0426-arm_3-r01,environment_done,10,0,operation_to_ingredient_error,operation_on_nonrequired_or_completed_ingredient,10,cook banana in barbeque,banana,grill,
cookingworld:test:52815,R2,1,sup-t0091-arm_2-r01,environment_done,11,0,operation_to_ingredient_error,wrong_operation_for_ingredient,11,cook red potato in barbeque,red potato,grill,roast
cookingworld:test:53324,P,2,sup-t0596-arm_1-r02,environment_done,10,0,operation_to_ingredient_error,wrong_operation_for_ingredient,10,cook banana in barbeque,banana,grill,fry
cookingworld:test:53308,N2,2,sup-t0353-arm_3-r02,environment_done,9,0,operation_to_ingredient_error,wrong_operation_for_ingredient,9,cook red onion in oven,red onion,roast,grill
cookingworld:test:52385,N2,2,sup-t0372-arm_3-r02,environment_done,7,0,operation_to_ingredient_error,wrong_operation_for_ingredient,7,cook pork chop in stove,pork chop,fry,grill
cookingworld:test:52184,P,1,sup-t0319-arm_1-r01,environment_done,9,0,operation_to_ingredient_error,wrong_operation_for_ingredient,9,cook pork chop in stove,pork chop,fry,chop
cookingworld:test:53300,N2,2,sup-t0100-arm_3-r02,environment_done,11,0,operation_to_ingredient_error,wrong_operation_for_ingredient,11,cook orange bell pepper in stove,orange bell pepper,fry,grill
cookingworld:test:52030,N2,2,sup-t0468-arm_3-r02,environment_done,7,0,operation_to_ingredient_error,wrong_operation_for_ingredient,7,cook pork chop in stove,pork chop,fry,grill
cookingworld:test:53631,N2,2,sup-t0065-arm_3-r02,environment_done,3,0,premature_ingredient_consumption,ingredient_eaten_before_meal_completion,3,eat red apple,red apple,,
cookingworld:test:52893,N2,1,sup-t0221-arm_3-r01,environment_done,4,0,operation_to_ingredient_error,wrong_operation_for_ingredient,4,cook red apple in stove,red apple,fry,grill
cookingworld:test:53522,N2,1,sup-t0340-arm_3-r01,environment_done,8,0,operation_to_ingredient_error,wrong_operation_for_ingredient,8,cook white onion in oven,white onion,roast,grill
cookingworld:test:52195,R2,2,sup-t0095-arm_2-r02,environment_done,9,0,operation_to_ingredient_error,wrong_operation_for_ingredient,9,cook orange bell pepper in barbeque,orange bell pepper,grill,roast
cookingworld:test:53382,N2,2,sup-t0186-arm_3-r02,environment_done,18,0,operation_to_ingredient_error,wrong_operation_for_ingredient,18,cook white onion in stove,white onion,fry,grill
cookingworld:test:53312,R2,1,sup-t0230-arm_2-r01,environment_done,14,0,operation_to_ingredient_error,wrong_operation_for_ingredient,14,cook red hot pepper in barbeque,red hot pepper,grill,fry
cookingworld:test:53804,P,2,sup-t0247-arm_1-r02,environment_done,11,0,operation_to_ingredient_error,wrong_operation_for_ingredient,11,cook red apple in barbeque,red apple,grill,roast
cookingworld:test:52956,P,1,sup-t0028-arm_1-r01,environment_done,7,0,premature_ingredient_consumption,ingredient_eaten_before_meal_completion,7,eat red apple,red apple,,
cookingworld:test:54023,P,2,sup-t0699-arm_1-r02,environment_done,17,0,operation_to_ingredient_error,wrong_operation_for_ingredient,17,cook white onion in barbeque,white onion,grill,fry
cookingworld:test:52905,R2,2,sup-t0133-arm_2-r02,environment_done,8,0,operation_to_ingredient_error,operation_allocated_to_wrong_ingredient_role,8,cook yellow bell pepper in oven,yellow bell pepper,roast,grill
cookingworld:test:53133,R2,1,sup-t0405-arm_2-r01,environment_done,12,0,operation_to_ingredient_error,wrong_operation_for_ingredient,12,cook white onion in barbeque,white onion,grill,fry
cookingworld:test:53317,R2,1,sup-t0344-arm_2-r01,environment_done,11,0,operation_to_ingredient_error,wrong_operation_for_ingredient,11,cook purple potato in oven,purple potato,roast,grill
cookingworld:test:52659,N2,2,sup-t0608-arm_3-r02,environment_done,9,0,operation_to_ingredient_error,wrong_operation_for_ingredient,9,cook pork chop in stove,pork chop,fry,grill
cookingworld:test:53050,N2,1,sup-t0033-arm_3-r01,environment_done,8,0,operation_to_ingredient_error,wrong_operation_for_ingredient,8,cook white onion in stove,white onion,fry,grill
cookingworld:test:53614,N2,2,sup-t0148-arm_3-r02,environment_done,15,0,premature_ingredient_consumption,ingredient_eaten_before_meal_completion,15,eat yellow bell pepper,yellow bell pepper,,
cookingworld:test:53322,P,2,sup-t0269-arm_1-r02,environment_done,14,0,operation_to_ingredient_error,wrong_operation_for_ingredient,14,cook white onion in barbeque,white onion,grill,fry
cookingworld:test:54114,P,2,sup-t0790-arm_1-r02,environment_done,14,0,operation_to_ingredient_error,wrong_operation_for_ingredient,14,cook white onion in barbeque,white onion,grill,fry
cookingworld:test:54001,N2,1,sup-t0677-arm_3-r01,environment_done,9,0,operation_to_ingredient_error,wrong_operation_for_ingredient,9,cook orange bell pepper in stove,orange bell pepper,fry,grill
cookingworld:test:52037,N2,1,sup-t0326-arm_3-r01,environment_done,12,0,operation_to_ingredient_error,wrong_operation_for_ingredient,12,cook yellow bell pepper in stove,yellow bell pepper,fry,grill
cookingworld:test:53995,P,2,sup-t0160-arm_1-r02,environment_done,4,0,operation_to_ingredient_error,wrong_operation_for_ingredient,4,cook red potato in stove,red potato,fry,grill
cookingworld:test:53895,R2,2,sup-t0266-arm_2-r02,environment_done,16,0,operation_to_ingredient_error,wrong_operation_for_ingredient,16,cook red hot pepper in barbeque,red hot pepper,grill,fry
cookingworld:test:52745,N2,2,sup-t0368-arm_3-r02,environment_done,8,0,premature_ingredient_consumption,ingredient_eaten_before_meal_completion,8,eat block of cheese,block of cheese,,
cookingworld:test:52831,R2,1,sup-t0433-arm_2-r01,environment_done,11,0,premature_ingredient_consumption,ingredient_eaten_before_meal_completion,11,eat red apple,red apple,,
cookingworld:test:54103,N2,1,sup-t0779-arm_3-r01,environment_done,11,0,operation_to_ingredient_error,wrong_operation_for_ingredient,11,cook orange bell pepper in stove,orange bell pepper,fry,grill
cookingworld:test:53695,N2,1,sup-t0422-arm_3-r01,environment_done,4,0,operation_to_ingredient_error,wrong_operation_for_ingredient,4,cook red apple in stove,red apple,fry,grill
cookingworld:test:54053,P,2,sup-t0729-arm_1-r02,environment_done,14,0,operation_to_ingredient_error,wrong_operation_for_ingredient,14,cook red potato in barbeque,red potato,grill,roast
cookingworld:test:54087,N2,1,sup-t0763-arm_3-r01,environment_done,14,0,operation_to_ingredient_error,wrong_operation_for_ingredient,14,cook red potato in barbeque,red potato,grill,roast
cookingworld:test:54124,P,1,sup-t0800-arm_1-r01,environment_done,13,0,operation_to_ingredient_error,wrong_operation_for_ingredient,13,cook orange bell pepper in barbeque,orange bell pepper,grill,fry
cookingworld:test:52389,R2,2,sup-t0254-arm_2-r02,environment_done,14,0,operation_to_ingredient_error,wrong_operation_for_ingredient,14,cook orange bell pepper in barbeque,orange bell pepper,grill,fry
cookingworld:test:52960,N2,1,sup-t0064-arm_3-r01,environment_done,7,0,operation_to_ingredient_error,wrong_operation_for_ingredient,7,cook pork chop in stove,pork chop,fry,grill
cookingworld:test:54107,P,2,sup-t0783-arm_1-r02,environment_done,10,0,operation_to_ingredient_error,wrong_operation_for_ingredient,10,cook red potato in stove,red potato,fry,grill
cookingworld:test:53078,P,1,sup-t0336-arm_1-r01,environment_done,7,0,operation_to_ingredient_error,wrong_operation_for_ingredient,7,cook pork chop in stove,pork chop,fry,grill
cookingworld:test:53728,N2,1,sup-t0128-arm_3-r01,environment_done,14,0,operation_to_ingredient_error,wrong_operation_for_ingredient,14,cook banana in barbeque,banana,grill,fry
cookingworld:test:53490,P,1,sup-t0657-arm_1-r01,environment_done,9,0,operation_to_ingredient_error,wrong_operation_for_ingredient,9,cook white onion in oven,white onion,roast,grill
cookingworld:test:54041,N2,1,sup-t0717-arm_3-r01,environment_done,10,0,operation_to_ingredient_error,wrong_operation_for_ingredient,10,cook pork chop in stove,pork chop,fry,grill
cookingworld:test:52181,P,1,sup-t0361-arm_1-r01,environment_done,9,0,operation_to_ingredient_error,wrong_operation_for_ingredient,9,cook yellow bell pepper in oven,yellow bell pepper,roast,grill
cookingworld:test:52306,R2,1,sup-t0096-arm_2-r01,environment_done,13,0,operation_to_ingredient_error,wrong_operation_for_ingredient,13,cook red potato in barbeque,red potato,grill,roast
cookingworld:test:52563,N2,1,sup-t0222-arm_3-r01,environment_done,10,0,operation_to_ingredient_error,wrong_operation_for_ingredient,10,cook pork chop in stove,pork chop,fry,grill
cookingworld:test:53778,N2,1,sup-t0236-arm_3-r01,environment_done,5,0,operation_to_ingredient_error,wrong_operation_for_ingredient,5,cook red hot pepper in oven,red hot pepper,roast,grill
cookingworld:test:53427,R2,2,sup-t0209-arm_2-r02,environment_done,16,0,operation_to_ingredient_error,wrong_operation_for_ingredient,16,cook orange bell pepper in barbeque,orange bell pepper,grill,fry
cookingworld:test:54023,P,1,sup-t0699-arm_1-r01,environment_done,15,0,operation_to_ingredient_error,wrong_operation_for_ingredient,15,cook white onion in barbeque,white onion,grill,fry
cookingworld:test:52803,P,2,sup-t0414-arm_1-r02,environment_done,11,0,operation_to_ingredient_error,wrong_operation_for_ingredient,11,cook yellow potato in barbeque,yellow potato,grill,fry
cookingworld:test:53487,N2,2,sup-t0036-arm_3-r02,environment_done,11,1,operation_to_ingredient_error,wrong_operation_for_ingredient,11,cook pork chop in stove,pork chop,fry,grill
cookingworld:test:53771,N2,1,sup-t0480-arm_3-r01,environment_done,10,0,operation_to_ingredient_error,wrong_operation_for_ingredient,10,cook red onion in stove,red onion,fry,grill
cookingworld:test:53865,N2,2,sup-t0626-arm_3-r02,environment_done,8,0,operation_to_ingredient_error,wrong_operation_for_ingredient,8,cook yellow bell pepper in stove,yellow bell pepper,fry,grill
cookingworld:test:53683,N2,2,sup-t0029-arm_3-r02,environment_done,5,0,operation_to_ingredient_error,wrong_operation_for_ingredient,5,cook red potato in stove,red potato,fry,grill
cookingworld:test:52902,N2,2,sup-t0101-arm_3-r02,environment_done,11,1,operation_to_ingredient_error,wrong_operation_for_ingredient,11,cook red potato in barbeque,red potato,grill,roast
cookingworld:test:53675,N2,2,sup-t0417-arm_3-r02,environment_done,6,0,operation_to_ingredient_error,wrong_operation_for_ingredient,6,cook purple potato in stove,purple potato,fry,grill
cookingworld:test:53312,N2,2,sup-t0230-arm_3-r02,environment_done,15,0,operation_to_ingredient_error,wrong_operation_for_ingredient,15,cook red hot pepper in barbeque,red hot pepper,grill,fry
cookingworld:test:53614,N2,1,sup-t0148-arm_3-r01,environment_done,16,1,premature_ingredient_consumption,ingredient_eaten_before_meal_completion,16,eat yellow bell pepper,yellow bell pepper,,
cookingworld:test:53011,R2,2,sup-t0107-arm_2-r02,environment_done,10,0,premature_ingredient_consumption,ingredient_eaten_before_meal_completion,10,eat white onion,white onion,,
cookingworld:test:54020,P,1,sup-t0696-arm_1-r01,environment_done,10,0,operation_to_ingredient_error,wrong_operation_for_ingredient,10,cook yellow bell pepper in stove,yellow bell pepper,fry,grill
cookingworld:test:53695,R2,1,sup-t0422-arm_2-r01,environment_done,9,0,operation_to_ingredient_error,wrong_operation_for_ingredient,9,cook red apple in oven,red apple,roast,grill
cookingworld:test:53324,P,1,sup-t0596-arm_1-r01,environment_done,10,0,operation_to_ingredient_error,wrong_operation_for_ingredient,10,cook banana in barbeque,banana,grill,fry
cookingworld:test:53377,R2,2,sup-t0396-arm_2-r02,environment_done,16,0,operation_to_ingredient_error,wrong_operation_for_ingredient,16,cook red onion in barbeque,red onion,grill,roast
cookingworld:test:52593,N2,2,sup-t0176-arm_3-r02,environment_done,3,0,premature_ingredient_consumption,ingredient_eaten_before_meal_completion,3,eat red apple,red apple,,
cookingworld:test:53499,N2,1,sup-t0534-arm_3-r01,environment_done,7,0,operation_to_ingredient_error,wrong_operation_for_ingredient,7,cook red potato in stove,red potato,fry,grill
cookingworld:test:52571,N2,1,sup-t0542-arm_3-r01,environment_done,10,0,operation_to_ingredient_error,wrong_operation_for_ingredient,10,cook pork chop in oven,pork chop,roast,grill
cookingworld:test:52806,P,2,sup-t0030-arm_1-r02,environment_done,8,0,operation_to_ingredient_error,wrong_operation_for_ingredient,8,cook pork chop in oven,pork chop,roast,grill
cookingworld:test:53209,N2,2,sup-t0114-arm_3-r02,environment_done,8,0,operation_to_ingredient_error,wrong_operation_for_ingredient,8,cook orange bell pepper in stove,orange bell pepper,fry,grill
cookingworld:test:53132,R2,2,sup-t0506-arm_2-r02,environment_done,14,0,operation_to_ingredient_error,wrong_operation_for_ingredient,14,cook yellow potato in barbeque,yellow potato,grill,roast
cookingworld:test:53018,R2,1,sup-t0308-arm_2-r01,environment_done,9,0,operation_to_ingredient_error,wrong_operation_for_ingredient,9,cook pork chop in oven,pork chop,roast,grill
cookingworld:test:53383,P,2,sup-t0138-arm_1-r02,environment_done,19,0,operation_to_ingredient_error,wrong_operation_for_ingredient,19,cook yellow bell pepper in stove,yellow bell pepper,fry,grill
cookingworld:test:52093,N2,1,sup-t0411-arm_3-r01,environment_done,9,0,operation_to_ingredient_error,wrong_operation_for_ingredient,9,cook red apple in barbeque,red apple,grill,fry
cookingworld:test:53813,N2,1,sup-t0543-arm_3-r01,environment_done,3,0,premature_ingredient_consumption,ingredient_eaten_before_meal_completion,3,eat banana,banana,,
cookingworld:test:53676,N2,2,sup-t0474-arm_3-r02,environment_done,15,0,premature_ingredient_consumption,ingredient_eaten_before_meal_completion,15,eat white onion,white onion,,
cookingworld:test:54112,R2,1,sup-t0788-arm_2-r01,environment_done,10,0,operation_to_ingredient_error,wrong_operation_for_ingredient,10,cook pork chop in oven,pork chop,roast,grill
cookingworld:test:52889,R2,1,sup-t0167-arm_2-r01,environment_done,11,0,operation_to_ingredient_error,wrong_operation_for_ingredient,11,cook carrot in barbeque,carrot,grill,fry
cookingworld:test:53790,N2,2,sup-t0190-arm_3-r02,environment_done,15,0,premature_ingredient_consumption,ingredient_eaten_before_meal_completion,15,eat yellow bell pepper,yellow bell pepper,,
cookingworld:test:53499,N2,2,sup-t0534-arm_3-r02,environment_done,6,0,operation_to_ingredient_error,wrong_operation_for_ingredient,6,cook red potato in stove,red potato,fry,grill
cookingworld:test:52117,N2,2,sup-t0180-arm_3-r02,environment_done,16,0,operation_to_ingredient_error,operation_allocated_to_wrong_ingredient_role,16,cook orange bell pepper in stove,orange bell pepper,fry,grill
cookingworld:test:52708,N2,2,sup-t0598-arm_3-r02,environment_done,9,0,operation_to_ingredient_error,operation_on_nonrequired_or_completed_ingredient,9,cook yellow bell pepper in barbeque,yellow bell pepper,grill,
cookingworld:test:52226,N2,2,sup-t0508-arm_3-r02,environment_done,7,0,operation_to_ingredient_error,wrong_operation_for_ingredient,7,cook pork chop in stove,pork chop,fry,grill
cookingworld:test:52840,N2,2,sup-t0665-arm_3-r02,environment_done,9,0,operation_to_ingredient_error,operation_on_nonrequired_or_completed_ingredient,9,cook banana in barbeque,banana,grill,
cookingworld:test:54107,P,1,sup-t0783-arm_1-r01,environment_done,10,0,operation_to_ingredient_error,wrong_operation_for_ingredient,10,cook red potato in stove,red potato,fry,grill
cookingworld:test:54100,R2,2,sup-t0776-arm_2-r02,environment_done,12,0,operation_to_ingredient_error,wrong_operation_for_ingredient,12,cook pork chop in stove,pork chop,fry,grill
cookingworld:test:54093,R2,1,sup-t0769-arm_2-r01,environment_done,12,0,operation_to_ingredient_error,wrong_operation_for_ingredient,12,cook pork chop in oven,pork chop,roast,grill
cookingworld:test:53501,R2,1,sup-t0651-arm_2-r01,environment_done,7,0,operation_to_ingredient_error,wrong_operation_for_ingredient,7,cook red apple in barbeque,red apple,grill,roast
cookingworld:test:53585,N2,1,sup-t0139-arm_3-r01,environment_done,6,0,operation_to_ingredient_error,wrong_operation_for_ingredient,6,cook red onion in stove,red onion,fry,grill
cookingworld:test:54012,P,1,sup-t0688-arm_1-r01,environment_done,15,0,operation_to_ingredient_error,wrong_operation_for_ingredient,15,cook purple potato in barbeque,purple potato,grill,roast
cookingworld:test:53497,N2,1,sup-t0548-arm_3-r01,environment_done,41,1,premature_ingredient_consumption,ingredient_eaten_before_meal_completion,41,eat red hot pepper,red hot pepper,,
cookingworld:test:54112,N2,1,sup-t0788-arm_3-r01,environment_done,10,0,operation_to_ingredient_error,wrong_operation_for_ingredient,10,cook pork chop in stove,pork chop,fry,grill
cookingworld:test:52902,R2,1,sup-t0101-arm_2-r01,environment_done,9,0,operation_to_ingredient_error,wrong_operation_for_ingredient,9,cook red potato in barbeque,red potato,grill,roast
cookingworld:test:53939,N2,2,sup-t0583-arm_3-r02,environment_done,16,0,operation_to_ingredient_error,operation_on_nonrequired_or_completed_ingredient,16,cook red onion in barbeque,red onion,grill,
cookingworld:test:53376,R2,1,sup-t0632-arm_2-r01,environment_done,15,0,premature_ingredient_consumption,ingredient_eaten_before_meal_completion,15,eat red apple,red apple,,
cookingworld:test:54111,P,1,sup-t0787-arm_1-r01,environment_done,11,0,operation_to_ingredient_error,wrong_operation_for_ingredient,11,cook red apple in stove,red apple,fry,grill
cookingworld:test:53317,P,2,sup-t0344-arm_1-r02,environment_done,12,0,operation_to_ingredient_error,wrong_operation_for_ingredient,12,cook purple potato in oven,purple potato,roast,grill
cookingworld:test:54083,R2,2,sup-t0759-arm_2-r02,environment_done,8,0,operation_to_ingredient_error,wrong_operation_for_ingredient,8,cook orange bell pepper in oven,orange bell pepper,roast,dice
cookingworld:test:52306,R2,2,sup-t0096-arm_2-r02,environment_done,10,0,operation_to_ingredient_error,wrong_operation_for_ingredient,10,cook red potato in barbeque,red potato,grill,roast
cookingworld:test:54076,P,1,sup-t0752-arm_1-r01,environment_done,10,0,operation_to_ingredient_error,operation_allocated_to_wrong_ingredient_role,10,cook yellow potato in barbeque,yellow potato,grill,roast
cookingworld:test:52063,N2,1,sup-t0042-arm_3-r01,environment_done,7,0,operation_to_ingredient_error,wrong_operation_for_ingredient,7,cook orange bell pepper in stove,orange bell pepper,fry,grill
cookingworld:test:53595,R2,2,sup-t0669-arm_2-r02,environment_done,7,0,operation_to_ingredient_error,wrong_operation_for_ingredient,7,cook red onion in stove,red onion,fry,grill
cookingworld:test:54041,N2,2,sup-t0717-arm_3-r02,environment_done,10,0,operation_to_ingredient_error,wrong_operation_for_ingredient,10,cook pork chop in stove,pork chop,fry,grill
cookingworld:test:53183,N2,2,sup-t0662-arm_3-r02,environment_done,14,0,operation_to_ingredient_error,operation_on_nonrequired_or_completed_ingredient,14,chop white onion,white onion,chop,
cookingworld:test:52107,N2,1,sup-t0149-arm_3-r01,environment_done,16,0,premature_ingredient_consumption,ingredient_eaten_before_meal_completion,16,eat carrot,carrot,,
cookingworld:test:54076,N2,1,sup-t0752-arm_3-r01,environment_done,15,0,operation_to_ingredient_error,wrong_operation_for_ingredient,15,cook yellow potato in barbeque,yellow potato,grill,roast
cookingworld:test:52534,N2,2,sup-t0510-arm_3-r02,environment_done,7,0,operation_to_ingredient_error,wrong_operation_for_ingredient,7,cook yellow bell pepper in stove,yellow bell pepper,fry,grill
cookingworld:test:52457,N2,1,sup-t0076-arm_3-r01,environment_done,16,0,operation_to_ingredient_error,wrong_operation_for_ingredient,16,cook purple potato in oven,purple potato,roast,grill
cookingworld:test:54002,N2,1,sup-t0678-arm_3-r01,environment_done,11,0,operation_to_ingredient_error,wrong_operation_for_ingredient,11,cook red potato in stove,red potato,fry,grill
cookingworld:test:53752,N2,1,sup-t0317-arm_3-r01,environment_done,10,0,operation_to_ingredient_error,wrong_operation_for_ingredient,10,cook yellow bell pepper in stove,yellow bell pepper,fry,grill
cookingworld:test:52424,P,1,sup-t0412-arm_1-r01,environment_done,10,0,operation_to_ingredient_error,wrong_operation_for_ingredient,10,cook red potato in barbeque,red potato,grill,roast
cookingworld:test:52068,P,1,sup-t0331-arm_1-r01,environment_done,11,0,operation_to_ingredient_error,wrong_operation_for_ingredient,11,cook pork chop in stove,pork chop,fry,grill
cookingworld:test:53675,R2,1,sup-t0417-arm_2-r01,environment_done,11,0,operation_to_ingredient_error,operation_allocated_to_wrong_ingredient_role,11,cook purple potato in oven,purple potato,roast,grill
cookingworld:test:53420,P,2,sup-t0335-arm_1-r02,environment_done,8,0,operation_to_ingredient_error,wrong_operation_for_ingredient,8,cook chicken leg in barbeque,chicken leg,grill,roast
cookingworld:test:54082,R2,1,sup-t0758-arm_2-r01,environment_done,15,0,operation_to_ingredient_error,wrong_operation_for_ingredient,15,cook purple potato in barbeque,purple potato,grill,roast
cookingworld:test:54086,N2,2,sup-t0762-arm_3-r02,environment_done,15,0,operation_to_ingredient_error,wrong_operation_for_ingredient,15,cook red onion in barbeque,red onion,grill,roast
cookingworld:test:54060,N2,2,sup-t0736-arm_3-r02,environment_done,15,0,operation_to_ingredient_error,wrong_operation_for_ingredient,15,cook red potato in barbeque,red potato,grill,roast
cookingworld:test:52276,N2,1,sup-t0168-arm_3-r01,environment_done,8,0,operation_to_ingredient_error,wrong_operation_for_ingredient,8,cook orange bell pepper in stove,orange bell pepper,fry,grill
cookingworld:test:53440,R2,2,sup-t0143-arm_2-r02,environment_done,7,0,operation_to_ingredient_error,wrong_operation_for_ingredient,7,cook pork chop in stove,pork chop,fry,chop
cookingworld:test:54093,N2,2,sup-t0769-arm_3-r02,environment_done,7,0,operation_to_ingredient_error,wrong_operation_for_ingredient,7,cook pork chop in stove,pork chop,fry,grill
cookingworld:test:52450,R2,2,sup-t0501-arm_2-r02,environment_done,14,0,operation_to_ingredient_error,wrong_operation_for_ingredient,14,cook carrot in barbeque,carrot,grill,fry
cookingworld:test:53377,N2,1,sup-t0396-arm_3-r01,environment_done,15,0,operation_to_ingredient_error,wrong_operation_for_ingredient,15,cook red onion in barbeque,red onion,grill,roast
cookingworld:test:54082,P,1,sup-t0758-arm_1-r01,environment_done,15,0,operation_to_ingredient_error,wrong_operation_for_ingredient,15,cook purple potato in barbeque,purple potato,grill,roast
cookingworld:test:52275,R2,2,sup-t0529-arm_2-r02,environment_done,16,0,operation_to_ingredient_error,wrong_operation_for_ingredient,16,cook yellow potato in barbeque,yellow potato,grill,roast
cookingworld:test:53187,R2,2,sup-t0021-arm_2-r02,environment_done,9,0,operation_to_ingredient_error,wrong_operation_for_ingredient,9,cook red apple in barbeque,red apple,grill,roast
cookingworld:test:52707,N2,1,sup-t0547-arm_3-r01,environment_done,12,0,operation_to_ingredient_error,wrong_operation_for_ingredient,12,cook yellow potato in barbeque,yellow potato,grill,roast
cookingworld:test:54076,R2,1,sup-t0752-arm_2-r01,environment_done,14,0,operation_to_ingredient_error,operation_allocated_to_wrong_ingredient_role,14,slice red onion,red onion,slice,grill
cookingworld:test:52129,N2,2,sup-t0188-arm_3-r02,environment_done,9,0,premature_ingredient_consumption,ingredient_eaten_before_meal_completion,9,eat block of cheese,block of cheese,,
cookingworld:test:53427,R2,1,sup-t0209-arm_2-r01,environment_done,13,0,operation_to_ingredient_error,wrong_operation_for_ingredient,13,cook orange bell pepper in barbeque,orange bell pepper,grill,fry
cookingworld:test:52854,N2,2,sup-t0024-arm_3-r02,environment_done,6,0,operation_to_ingredient_error,wrong_operation_for_ingredient,6,cook red onion in stove,red onion,fry,grill
cookingworld:test:52759,N2,1,sup-t0359-arm_3-r01,environment_done,10,0,operation_to_ingredient_error,operation_allocated_to_wrong_ingredient_role,10,cook carrot in stove,carrot,fry,grill
cookingworld:test:53123,R2,2,sup-t0260-arm_2-r02,environment_done,8,0,operation_to_ingredient_error,wrong_operation_for_ingredient,8,cook orange bell pepper in barbeque,orange bell pepper,grill,roast
cookingworld:test:54031,N2,2,sup-t0707-arm_3-r02,environment_done,11,0,operation_to_ingredient_error,wrong_operation_for_ingredient,11,cook carrot in stove,carrot,fry,grill
cookingworld:test:53595,N2,2,sup-t0669-arm_3-r02,environment_done,6,0,operation_to_ingredient_error,wrong_operation_for_ingredient,6,cook red onion in stove,red onion,fry,grill
cookingworld:test:53642,P,1,sup-t0586-arm_1-r01,environment_done,18,0,operation_to_ingredient_error,wrong_operation_for_ingredient,18,cook pork chop in stove,pork chop,fry,grill
cookingworld:test:52905,N2,1,sup-t0133-arm_3-r01,environment_done,7,0,operation_to_ingredient_error,wrong_operation_for_ingredient,7,cook yellow bell pepper in stove,yellow bell pepper,fry,grill
cookingworld:test:52547,N2,1,sup-t0220-arm_3-r01,environment_done,10,0,operation_to_ingredient_error,wrong_operation_for_ingredient,10,cook purple potato in stove,purple potato,fry,grill
cookingworld:test:53240,N2,1,sup-t0051-arm_3-r01,environment_done,6,0,operation_to_ingredient_error,wrong_operation_for_ingredient,6,cook pork chop in stove,pork chop,fry,grill
cookingworld:test:52170,P,1,sup-t0119-arm_1-r01,environment_done,6,0,operation_to_ingredient_error,wrong_operation_for_ingredient,6,cook purple potato in stove,purple potato,fry,grill
cookingworld:test:53865,R2,2,sup-t0626-arm_2-r02,environment_done,9,0,operation_to_ingredient_error,wrong_operation_for_ingredient,9,cook yellow bell pepper in stove,yellow bell pepper,fry,grill
cookingworld:test:53317,R2,2,sup-t0344-arm_2-r02,environment_done,12,0,operation_to_ingredient_error,wrong_operation_for_ingredient,12,cook purple potato in oven,purple potato,roast,grill
cookingworld:test:53585,P,2,sup-t0139-arm_1-r02,environment_done,8,0,operation_to_ingredient_error,wrong_operation_for_ingredient,8,cook red onion in oven,red onion,roast,grill
cookingworld:test:52380,R2,1,sup-t0360-arm_2-r01,environment_done,10,0,operation_to_ingredient_error,wrong_operation_for_ingredient,10,cook orange bell pepper in oven,orange bell pepper,roast,grill
cookingworld:test:52095,N2,1,sup-t0183-arm_3-r01,environment_done,8,0,operation_to_ingredient_error,wrong_operation_for_ingredient,8,cook orange bell pepper in stove,orange bell pepper,fry,grill
cookingworld:test:52859,N2,2,sup-t0246-arm_3-r02,environment_done,9,0,operation_to_ingredient_error,wrong_operation_for_ingredient,9,cook pork chop in stove,pork chop,fry,grill
cookingworld:test:53179,N2,2,sup-t0636-arm_3-r02,environment_done,9,0,operation_to_ingredient_error,wrong_operation_for_ingredient,9,cook yellow potato in barbeque,yellow potato,grill,fry
cookingworld:test:53487,R2,1,sup-t0036-arm_2-r01,environment_done,11,0,operation_to_ingredient_error,wrong_operation_for_ingredient,11,cook pork chop in oven,pork chop,roast,grill
cookingworld:test:53288,R2,2,sup-t0663-arm_2-r02,environment_done,11,0,operation_to_ingredient_error,wrong_operation_for_ingredient,11,cook white onion in barbeque,white onion,grill,fry
cookingworld:test:52928,P,1,sup-t0375-arm_1-r01,environment_done,8,0,operation_to_ingredient_error,wrong_operation_for_ingredient,8,cook red potato in barbeque,red potato,grill,roast
cookingworld:test:52429,P,2,sup-t0660-arm_1-r02,environment_done,11,0,operation_to_ingredient_error,wrong_operation_for_ingredient,11,cook banana in barbeque,banana,grill,fry
cookingworld:test:53123,P,2,sup-t0260-arm_1-r02,environment_done,10,0,operation_to_ingredient_error,wrong_operation_for_ingredient,10,cook orange bell pepper in barbeque,orange bell pepper,grill,roast
cookingworld:test:53366,N2,1,sup-t0575-arm_3-r01,environment_done,6,0,operation_to_ingredient_error,wrong_operation_for_ingredient,6,cook red potato in stove,red potato,fry,grill
cookingworld:test:53683,P,1,sup-t0029-arm_1-r01,environment_done,7,0,operation_to_ingredient_error,wrong_operation_for_ingredient,7,cook red potato in stove,red potato,fry,grill
cookingworld:test:53990,N2,1,sup-t0580-arm_3-r01,environment_done,7,0,operation_to_ingredient_error,wrong_operation_for_ingredient,7,cook pork chop in stove,pork chop,fry,grill
cookingworld:test:52226,N2,1,sup-t0508-arm_3-r01,environment_done,10,0,operation_to_ingredient_error,wrong_operation_for_ingredient,10,cook pork chop in stove,pork chop,fry,grill
cookingworld:test:53458,N2,1,sup-t0189-arm_3-r01,environment_done,8,0,operation_to_ingredient_error,wrong_operation_for_ingredient,8,cook carrot in stove,carrot,fry,grill
cookingworld:test:52707,R2,1,sup-t0547-arm_2-r01,environment_done,16,0,operation_to_ingredient_error,wrong_operation_for_ingredient,16,cook yellow potato in barbeque,yellow potato,grill,roast
cookingworld:test:52360,N2,2,sup-t0472-arm_3-r02,environment_done,14,0,operation_to_ingredient_error,wrong_operation_for_ingredient,14,cook white onion in stove,white onion,fry,grill
cookingworld:test:53845,P,1,sup-t0456-arm_1-r01,environment_done,11,0,operation_to_ingredient_error,wrong_operation_for_ingredient,11,cook pork chop in stove,pork chop,fry,grill
cookingworld:test:54095,N2,2,sup-t0771-arm_3-r02,environment_done,12,0,operation_to_ingredient_error,wrong_operation_for_ingredient,12,cook orange bell pepper in barbeque,orange bell pepper,grill,roast
cookingworld:test:54028,N2,1,sup-t0704-arm_3-r01,environment_done,14,0,operation_to_ingredient_error,wrong_operation_for_ingredient,14,cook orange bell pepper in barbeque,orange bell pepper,grill,roast
cookingworld:test:54103,N2,2,sup-t0779-arm_3-r02,environment_done,12,0,operation_to_ingredient_error,wrong_operation_for_ingredient,12,cook orange bell pepper in stove,orange bell pepper,fry,grill
cookingworld:test:52578,P,1,sup-t0492-arm_1-r01,environment_done,9,0,operation_to_ingredient_error,wrong_operation_for_ingredient,9,cook red potato in barbeque,red potato,grill,roast
cookingworld:test:53822,P,1,sup-t0589-arm_1-r01,environment_done,9,0,operation_to_ingredient_error,wrong_operation_for_ingredient,9,cook red onion in barbeque,red onion,grill,roast
cookingworld:test:52493,P,2,sup-t0235-arm_1-r02,environment_done,18,0,operation_to_ingredient_error,wrong_operation_for_ingredient,18,cook purple potato in barbeque,purple potato,grill,roast
cookingworld:test:54053,N2,2,sup-t0729-arm_3-r02,environment_done,13,0,operation_to_ingredient_error,wrong_operation_for_ingredient,13,cook red potato in barbeque,red potato,grill,roast
cookingworld:test:53771,N2,2,sup-t0480-arm_3-r02,environment_done,15,0,operation_to_ingredient_error,wrong_operation_for_ingredient,15,cook red onion in stove,red onion,fry,grill
cookingworld:test:52989,P,1,sup-t0113-arm_1-r01,environment_done,7,0,operation_to_ingredient_error,wrong_operation_for_ingredient,7,cook red potato in barbeque,red potato,grill,roast
cookingworld:test:52547,N2,2,sup-t0220-arm_3-r02,environment_done,7,0,operation_to_ingredient_error,wrong_operation_for_ingredient,7,cook purple potato in stove,purple potato,fry,grill
cookingworld:test:53664,R2,2,sup-t0054-arm_2-r02,environment_done,10,0,operation_to_ingredient_error,wrong_operation_for_ingredient,10,cook pork chop in oven,pork chop,roast,grill
cookingworld:test:53940,P,2,sup-t0535-arm_1-r02,environment_done,15,0,operation_to_ingredient_error,wrong_operation_for_ingredient,15,cook block of cheese in barbeque,block of cheese,grill,fry
cookingworld:test:52645,N2,1,sup-t0443-arm_3-r01,environment_done,13,0,premature_ingredient_consumption,ingredient_eaten_before_meal_completion,13,eat orange bell pepper,orange bell pepper,,
cookingworld:test:53792,R2,1,sup-t0204-arm_2-r01,environment_done,11,0,operation_to_ingredient_error,wrong_operation_for_ingredient,11,cook pork chop in stove,pork chop,fry,grill
cookingworld:test:52905,P,1,sup-t0133-arm_1-r01,environment_done,14,0,operation_to_ingredient_error,wrong_operation_for_ingredient,14,cook yellow bell pepper in stove,yellow bell pepper,fry,grill
cookingworld:test:52917,R2,1,sup-t0231-arm_2-r01,environment_done,12,0,operation_to_ingredient_error,wrong_operation_for_ingredient,12,cook carrot in stove,carrot,fry,grill
cookingworld:test:54028,P,2,sup-t0704-arm_1-r02,environment_done,11,0,operation_to_ingredient_error,wrong_operation_for_ingredient,11,cook orange bell pepper in barbeque,orange bell pepper,grill,roast
cookingworld:test:53772,P,2,sup-t0245-arm_1-r02,environment_done,12,0,operation_to_ingredient_error,wrong_operation_for_ingredient,12,cook chicken wing in barbeque,chicken wing,grill,fry
cookingworld:test:52615,N2,2,sup-t0373-arm_3-r02,environment_done,9,0,operation_to_ingredient_error,wrong_operation_for_ingredient,9,cook red apple in barbeque,red apple,grill,roast
cookingworld:test:53327,N2,2,sup-t0257-arm_3-r02,environment_done,10,0,operation_to_ingredient_error,wrong_operation_for_ingredient,10,cook pork chop in stove,pork chop,fry,grill
cookingworld:test:53519,N2,2,sup-t0349-arm_3-r02,environment_done,10,1,premature_ingredient_consumption,ingredient_eaten_before_meal_completion,10,eat orange bell pepper,orange bell pepper,,
cookingworld:test:53027,N2,1,sup-t0516-arm_3-r01,environment_done,9,0,premature_ingredient_consumption,ingredient_eaten_before_meal_completion,9,eat block of cheese,block of cheese,,
cookingworld:test:53602,P,1,sup-t0621-arm_1-r01,environment_done,11,0,operation_to_ingredient_error,wrong_operation_for_ingredient,11,cook orange bell pepper in barbeque,orange bell pepper,grill,roast
cookingworld:test:54022,R2,2,sup-t0698-arm_2-r02,environment_done,10,0,operation_to_ingredient_error,wrong_operation_for_ingredient,10,cook yellow potato in barbeque,yellow potato,grill,roast
cookingworld:test:53683,P,2,sup-t0029-arm_1-r02,environment_done,10,0,operation_to_ingredient_error,wrong_operation_for_ingredient,10,cook red potato in oven,red potato,roast,grill
cookingworld:test:53835,R2,1,sup-t0131-arm_2-r01,environment_done,12,0,premature_ingredient_consumption,ingredient_eaten_before_meal_completion,12,eat white onion,white onion,,
cookingworld:test:52511,N2,2,sup-t0559-arm_3-r02,environment_done,7,0,operation_to_ingredient_error,wrong_operation_for_ingredient,7,cook pork chop in stove,pork chop,fry,grill
cookingworld:test:53440,N2,1,sup-t0143-arm_3-r01,environment_done,13,0,operation_to_ingredient_error,wrong_operation_for_ingredient,13,cook pork chop in stove,pork chop,fry,grill
cookingworld:test:53797,N2,2,sup-t0525-arm_3-r02,max_steps,50,0,navigation_or_step_limit_failure,step_limit_without_irreversible_recipe_error,,,,,
cookingworld:test:53771,R2,2,sup-t0480-arm_2-r02,environment_done,10,0,operation_to_ingredient_error,wrong_operation_for_ingredient,10,cook red onion in oven,red onion,roast,grill
cookingworld:test:53187,N2,1,sup-t0021-arm_3-r01,environment_done,10,0,operation_to_ingredient_error,wrong_operation_for_ingredient,10,cook red apple in barbeque,red apple,grill,roast
cookingworld:test:52676,R2,2,sup-t0120-arm_2-r02,environment_done,10,0,operation_to_ingredient_error,wrong_operation_for_ingredient,10,cook red onion in barbeque,red onion,grill,roast
cookingworld:test:53851,P,2,sup-t0092-arm_1-r02,environment_done,14,0,operation_to_ingredient_error,wrong_operation_for_ingredient,14,cook red onion in barbeque,red onion,grill,roast
cookingworld:test:52840,N2,1,sup-t0665-arm_3-r01,environment_done,9,0,operation_to_ingredient_error,operation_on_nonrequired_or_completed_ingredient,9,cook banana in barbeque,banana,grill,
cookingworld:test:54000,N2,2,sup-t0676-arm_3-r02,environment_done,10,0,operation_to_ingredient_error,wrong_operation_for_ingredient,10,cook yellow bell pepper in oven,yellow bell pepper,roast,grill
cookingworld:test:53835,P,1,sup-t0131-arm_1-r01,environment_done,10,0,operation_to_ingredient_error,wrong_operation_for_ingredient,10,cook white onion in stove,white onion,fry,grill
cookingworld:test:53194,N2,1,sup-t0381-arm_3-r01,environment_done,4,0,operation_to_ingredient_error,wrong_operation_for_ingredient,4,cook red apple in stove,red apple,fry,grill
cookingworld:test:52170,N2,1,sup-t0119-arm_3-r01,environment_done,5,0,operation_to_ingredient_error,wrong_operation_for_ingredient,5,cook purple potato in stove,purple potato,fry,grill
cookingworld:test:53851,N2,2,sup-t0092-arm_3-r02,environment_done,10,0,operation_to_ingredient_error,wrong_operation_for_ingredient,10,cook red onion in barbeque,red onion,grill,slice
cookingworld:test:53753,P,1,sup-t0515-arm_1-r01,environment_done,10,0,operation_to_ingredient_error,wrong_operation_for_ingredient,10,cook carrot in oven,carrot,roast,grill
cookingworld:test:52430,N2,1,sup-t0197-arm_3-r01,environment_done,9,0,operation_to_ingredient_error,wrong_operation_for_ingredient,9,cook yellow potato in barbeque,yellow potato,grill,fry
cookingworld:test:52431,N2,1,sup-t0302-arm_3-r01,environment_done,11,0,operation_to_ingredient_error,wrong_operation_for_ingredient,11,cook pork chop in stove,pork chop,fry,grill
cookingworld:test:53188,P,1,sup-t0087-arm_1-r01,environment_done,11,0,operation_to_ingredient_error,wrong_operation_for_ingredient,11,cook carrot in stove,carrot,fry,grill
cookingworld:test:52659,N2,1,sup-t0608-arm_3-r01,environment_done,7,0,operation_to_ingredient_error,wrong_operation_for_ingredient,7,cook pork chop in stove,pork chop,fry,grill
cookingworld:test:53267,N2,2,sup-t0466-arm_3-r02,environment_done,17,0,operation_to_ingredient_error,wrong_operation_for_ingredient,17,cook purple potato in oven,purple potato,roast,grill
cookingworld:test:52339,R2,1,sup-t0324-arm_2-r01,environment_done,12,0,operation_to_ingredient_error,wrong_operation_for_ingredient,12,cook white onion in barbeque,white onion,grill,fry
cookingworld:test:52571,N2,2,sup-t0542-arm_3-r02,environment_done,7,1,operation_to_ingredient_error,wrong_operation_for_ingredient,7,cook chicken wing in oven,chicken wing,roast,fry
cookingworld:test:53183,N2,1,sup-t0662-arm_3-r01,environment_done,11,0,operation_to_ingredient_error,operation_on_nonrequired_or_completed_ingredient,11,cook white onion in barbeque,white onion,grill,
cookingworld:test:52209,P,2,sup-t0088-arm_1-r02,environment_done,23,0,premature_ingredient_consumption,ingredient_eaten_before_meal_completion,23,eat block of cheese,block of cheese,,
cookingworld:test:53357,N2,2,sup-t0399-arm_3-r02,environment_done,12,0,operation_to_ingredient_error,operation_on_nonrequired_or_completed_ingredient,12,cook yellow bell pepper in barbeque,yellow bell pepper,grill,
cookingworld:test:53937,N2,1,sup-t0153-arm_3-r01,environment_done,11,0,operation_to_ingredient_error,wrong_operation_for_ingredient,11,cook pork chop in oven,pork chop,roast,grill
cookingworld:test:52338,R2,1,sup-t0504-arm_2-r01,environment_done,8,0,operation_to_ingredient_error,wrong_operation_for_ingredient,8,cook purple potato in stove,purple potato,fry,grill
cookingworld:test:52264,N2,2,sup-t0387-arm_3-r02,environment_done,9,0,operation_to_ingredient_error,wrong_operation_for_ingredient,9,cook carrot in stove,carrot,fry,grill
cookingworld:test:52905,R2,1,sup-t0133-arm_2-r01,environment_done,7,0,operation_to_ingredient_error,wrong_operation_for_ingredient,7,cook yellow bell pepper in stove,yellow bell pepper,fry,grill
cookingworld:test:53260,N2,1,sup-t0545-arm_3-r01,environment_done,15,0,operation_to_ingredient_error,wrong_operation_for_ingredient,15,cook yellow potato in barbeque,yellow potato,grill,roast
cookingworld:test:52328,P,1,sup-t0103-arm_1-r01,environment_done,12,0,operation_to_ingredient_error,wrong_operation_for_ingredient,12,cook pork chop in oven,pork chop,roast,grill
cookingworld:test:52989,N2,1,sup-t0113-arm_3-r01,environment_done,10,0,operation_to_ingredient_error,wrong_operation_for_ingredient,10,cook orange bell pepper in barbeque,orange bell pepper,grill,roast
cookingworld:test:52681,N2,1,sup-t0179-arm_3-r01,environment_done,10,0,operation_to_ingredient_error,wrong_operation_for_ingredient,10,cook orange bell pepper in stove,orange bell pepper,fry,grill
cookingworld:test:52671,R2,2,sup-t0313-arm_2-r02,environment_done,12,0,operation_to_ingredient_error,wrong_operation_for_ingredient,12,cook yellow potato in barbeque,yellow potato,grill,fry
cookingworld:test:53835,N2,2,sup-t0131-arm_3-r02,environment_done,13,0,operation_to_ingredient_error,wrong_operation_for_ingredient,13,cook white onion in stove,white onion,fry,grill
cookingworld:test:52893,R2,2,sup-t0221-arm_2-r02,environment_done,6,0,operation_to_ingredient_error,wrong_operation_for_ingredient,6,cook red apple in stove,red apple,fry,grill
cookingworld:test:53690,R2,2,sup-t0485-arm_2-r02,environment_done,19,0,operation_to_ingredient_error,wrong_operation_for_ingredient,19,cook yellow potato in barbeque,yellow potato,grill,roast
cookingworld:test:53845,N2,1,sup-t0456-arm_3-r01,environment_done,7,0,operation_to_ingredient_error,wrong_operation_for_ingredient,7,cook pork chop in stove,pork chop,fry,grill
cookingworld:test:53315,N2,1,sup-t0328-arm_3-r01,environment_done,14,0,operation_to_ingredient_error,wrong_operation_for_ingredient,14,cook chicken leg in barbeque,chicken leg,grill,roast
cookingworld:test:54104,R2,1,sup-t0780-arm_2-r01,environment_done,8,0,operation_to_ingredient_error,wrong_operation_for_ingredient,8,cook pork chop in stove,pork chop,fry,grill
cookingworld:test:53299,P,2,sup-t0451-arm_1-r02,environment_done,12,0,operation_to_ingredient_error,wrong_operation_for_ingredient,12,cook pork chop in stove,pork chop,fry,grill
cookingworld:test:52064,R2,2,sup-t0502-arm_2-r02,environment_done,13,0,operation_to_ingredient_error,wrong_operation_for_ingredient,13,cook red onion in barbeque,red onion,grill,roast
cookingworld:test:52818,N2,2,sup-t0040-arm_3-r02,environment_done,15,0,operation_to_ingredient_error,wrong_operation_for_ingredient,15,cook white onion in stove,white onion,fry,grill
cookingworld:test:53123,N2,2,sup-t0260-arm_3-r02,environment_done,9,0,operation_to_ingredient_error,wrong_operation_for_ingredient,9,cook orange bell pepper in barbeque,orange bell pepper,grill,roast
cookingworld:test:53288,P,2,sup-t0663-arm_1-r02,environment_done,14,0,premature_ingredient_consumption,ingredient_eaten_before_meal_completion,14,eat white onion,white onion,,
cookingworld:test:52148,N2,1,sup-t0495-arm_3-r01,environment_done,7,0,operation_to_ingredient_error,wrong_operation_for_ingredient,7,cook red potato in stove,red potato,fry,grill
cookingworld:test:54009,R2,1,sup-t0685-arm_2-r01,environment_done,18,0,operation_to_ingredient_error,wrong_operation_for_ingredient,18,cook yellow potato in barbeque,yellow potato,grill,roast
cookingworld:test:52927,P,2,sup-t0237-arm_1-r02,environment_done,44,0,premature_ingredient_consumption,ingredient_eaten_before_meal_completion,44,eat block of cheese,block of cheese,,
cookingworld:test:52380,N2,2,sup-t0360-arm_3-r02,environment_done,8,0,operation_to_ingredient_error,wrong_operation_for_ingredient,8,cook orange bell pepper in oven,orange bell pepper,roast,grill
cookingworld:test:52195,N2,2,sup-t0095-arm_3-r02,environment_done,9,0,operation_to_ingredient_error,wrong_operation_for_ingredient,9,cook orange bell pepper in barbeque,orange bell pepper,grill,roast
cookingworld:test:54085,R2,2,sup-t0761-arm_2-r02,environment_done,15,0,operation_to_ingredient_error,wrong_operation_for_ingredient,15,cook red onion in barbeque,red onion,grill,roast
cookingworld:test:53173,N2,1,sup-t0623-arm_3-r01,environment_done,10,1,operation_to_ingredient_error,wrong_operation_for_ingredient,10,cook pork chop in stove,pork chop,fry,grill
cookingworld:test:52184,P,2,sup-t0319-arm_1-r02,environment_done,11,0,operation_to_ingredient_error,wrong_operation_for_ingredient,11,cook pork chop in stove,pork chop,fry,grill
cookingworld:test:52004,N2,1,sup-t0642-arm_3-r01,environment_done,13,0,operation_to_ingredient_error,wrong_operation_for_ingredient,13,cook orange bell pepper in barbeque,orange bell pepper,grill,roast
cookingworld:test:52080,R2,1,sup-t0584-arm_2-r01,environment_done,12,0,operation_to_ingredient_error,wrong_operation_for_ingredient,12,cook carrot in barbeque,carrot,grill,fry
cookingworld:test:53365,N2,1,sup-t0279-arm_3-r01,environment_done,12,0,operation_to_ingredient_error,wrong_operation_for_ingredient,12,cook pork chop in stove,pork chop,fry,grill
cookingworld:test:52928,N2,1,sup-t0375-arm_3-r01,environment_done,8,0,operation_to_ingredient_error,wrong_operation_for_ingredient,8,cook red potato in barbeque,red potato,grill,roast
cookingworld:test:53191,N2,1,sup-t0675-arm_3-r01,environment_done,14,0,operation_to_ingredient_error,wrong_operation_for_ingredient,14,cook purple potato in oven,purple potato,roast,grill
cookingworld:test:52210,P,1,sup-t0263-arm_1-r01,environment_done,11,0,operation_to_ingredient_error,wrong_operation_for_ingredient,11,cook orange bell pepper in barbeque,orange bell pepper,grill,fry
cookingworld:test:53210,P,2,sup-t0268-arm_1-r02,environment_done,14,0,operation_to_ingredient_error,wrong_operation_for_ingredient,14,cook red onion in barbeque,red onion,grill,roast
cookingworld:test:53841,N2,1,sup-t0162-arm_3-r01,environment_done,15,0,operation_to_ingredient_error,wrong_operation_for_ingredient,15,cook white onion in oven,white onion,roast,grill
cookingworld:test:54066,N2,2,sup-t0742-arm_3-r02,environment_done,3,0,operation_to_ingredient_error,wrong_operation_for_ingredient,3,cook red hot pepper in stove,red hot pepper,fry,grill
cookingworld:test:54101,R2,2,sup-t0777-arm_2-r02,environment_done,10,0,operation_to_ingredient_error,wrong_operation_for_ingredient,10,cook pork chop in oven,pork chop,roast,grill
cookingworld:test:53710,N2,1,sup-t0206-arm_3-r01,environment_done,7,0,premature_ingredient_consumption,ingredient_eaten_before_meal_completion,7,eat block of cheese,block of cheese,,
cookingworld:test:52328,R2,2,sup-t0103-arm_2-r02,environment_done,9,0,operation_to_ingredient_error,wrong_operation_for_ingredient,9,cook pork chop in oven,pork chop,roast,grill
cookingworld:test:53940,R2,2,sup-t0535-arm_2-r02,environment_done,15,0,operation_to_ingredient_error,wrong_operation_for_ingredient,15,cook block of cheese in barbeque,block of cheese,grill,fry
cookingworld:test:53099,P,1,sup-t0505-arm_1-r01,environment_done,10,0,operation_to_ingredient_error,wrong_operation_for_ingredient,10,cook banana in barbeque,banana,grill,fry
cookingworld:test:53405,R2,1,sup-t0285-arm_2-r01,environment_done,10,0,premature_ingredient_consumption,ingredient_eaten_before_meal_completion,10,eat block of cheese,block of cheese,,
cookingworld:test:53377,P,2,sup-t0396-arm_1-r02,environment_done,9,0,operation_to_ingredient_error,wrong_operation_for_ingredient,9,cook red onion in barbeque,red onion,grill,roast
cookingworld:test:53499,P,2,sup-t0534-arm_1-r02,environment_done,10,0,operation_to_ingredient_error,wrong_operation_for_ingredient,10,cook red potato in stove,red potato,fry,grill
cookingworld:test:52209,R2,2,sup-t0088-arm_2-r02,max_steps,50,0,navigation_or_step_limit_failure,step_limit_without_irreversible_recipe_error,,,,,
cookingworld:test:52004,P,1,sup-t0642-arm_1-r01,environment_done,12,0,operation_to_ingredient_error,wrong_operation_for_ingredient,12,cook orange bell pepper in barbeque,orange bell pepper,grill,roast
cookingworld:test:53384,R2,1,sup-t0603-arm_2-r01,environment_done,16,0,operation_to_ingredient_error,wrong_operation_for_ingredient,16,cook orange bell pepper in barbeque,orange bell pepper,grill,fry
cookingworld:test:52917,R2,2,sup-t0231-arm_2-r02,environment_done,13,0,operation_to_ingredient_error,wrong_operation_for_ingredient,13,cook carrot in stove,carrot,fry,grill
cookingworld:test:53186,P,2,sup-t0437-arm_1-r02,environment_done,11,0,operation_to_ingredient_error,wrong_operation_for_ingredient,11,cook orange bell pepper in barbeque,orange bell pepper,grill,roast
cookingworld:test:52854,P,2,sup-t0024-arm_1-r02,environment_done,10,0,operation_to_ingredient_error,wrong_operation_for_ingredient,10,cook red onion in oven,red onion,roast,grill
cookingworld:test:52578,N2,2,sup-t0492-arm_3-r02,environment_done,8,0,operation_to_ingredient_error,wrong_operation_for_ingredient,8,cook red potato in barbeque,red potato,grill,roast
cookingworld:test:53227,P,2,sup-t0014-arm_1-r02,environment_done,12,0,operation_to_ingredient_error,wrong_operation_for_ingredient,12,cook pork chop in oven,pork chop,roast,grill
cookingworld:test:53500,N2,1,sup-t0364-arm_3-r01,environment_done,9,0,premature_ingredient_consumption,ingredient_eaten_before_meal_completion,9,eat block of cheese,block of cheese,,
cookingworld:test:54087,P,1,sup-t0763-arm_1-r01,environment_done,12,0,operation_to_ingredient_error,wrong_operation_for_ingredient,12,cook red potato in barbeque,red potato,grill,roast
cookingworld:test:53800,R2,2,sup-t0063-arm_2-r02,environment_done,10,0,operation_to_ingredient_error,wrong_operation_for_ingredient,10,cook white onion in barbeque,white onion,grill,fry
cookingworld:test:54060,N2,1,sup-t0736-arm_3-r01,environment_done,14,0,operation_to_ingredient_error,wrong_operation_for_ingredient,14,cook red potato in barbeque,red potato,grill,roast
cookingworld:test:53210,R2,2,sup-t0268-arm_2-r02,environment_done,12,0,operation_to_ingredient_error,wrong_operation_for_ingredient,12,cook red onion in barbeque,red onion,grill,roast
cookingworld:test:52207,P,2,sup-t0588-arm_1-r02,environment_done,13,0,operation_to_ingredient_error,wrong_operation_for_ingredient,13,cook red hot pepper in barbeque,red hot pepper,grill,fry
cookingworld:test:52890,P,2,sup-t0350-arm_1-r02,environment_done,10,0,operation_to_ingredient_error,wrong_operation_for_ingredient,10,cook red potato in barbeque,red potato,grill,roast
cookingworld:test:52603,R2,2,sup-t0424-arm_2-r02,environment_done,15,0,operation_to_ingredient_error,wrong_operation_for_ingredient,15,cook yellow potato in barbeque,yellow potato,grill,fry
cookingworld:test:52808,R2,1,sup-t0043-arm_2-r01,environment_done,17,0,operation_to_ingredient_error,wrong_operation_for_ingredient,17,cook yellow potato in barbeque,yellow potato,grill,roast
cookingworld:test:54087,N2,2,sup-t0763-arm_3-r02,environment_done,13,0,operation_to_ingredient_error,wrong_operation_for_ingredient,13,cook red potato in barbeque,red potato,grill,roast
cookingworld:test:52052,R2,1,sup-t0343-arm_2-r01,environment_done,18,0,operation_to_ingredient_error,wrong_operation_for_ingredient,18,cook red onion in barbeque,red onion,grill,roast
cookingworld:test:54002,N2,2,sup-t0678-arm_3-r02,environment_done,9,0,operation_to_ingredient_error,wrong_operation_for_ingredient,9,cook red potato in stove,red potato,fry,grill
cookingworld:test:52674,N2,2,sup-t0118-arm_3-r02,environment_done,5,0,operation_to_ingredient_error,wrong_operation_for_ingredient,5,cook red apple in stove,red apple,fry,grill
cookingworld:test:53825,R2,2,sup-t0457-arm_2-r02,environment_done,12,0,operation_to_ingredient_error,wrong_operation_for_ingredient,12,cook orange bell pepper in barbeque,orange bell pepper,grill,roast
cookingworld:test:53208,R2,1,sup-t0215-arm_2-r01,environment_done,13,0,operation_to_ingredient_error,wrong_operation_for_ingredient,13,cook block of cheese in barbeque,block of cheese,grill,fry
cookingworld:test:53845,N2,2,sup-t0456-arm_3-r02,environment_done,7,0,operation_to_ingredient_error,wrong_operation_for_ingredient,7,cook pork chop in stove,pork chop,fry,grill
cookingworld:test:53210,P,1,sup-t0268-arm_1-r01,environment_done,14,0,operation_to_ingredient_error,wrong_operation_for_ingredient,14,cook red onion in barbeque,red onion,grill,roast
cookingworld:test:52464,N2,2,sup-t0536-arm_3-r02,environment_done,20,0,premature_ingredient_consumption,ingredient_eaten_before_meal_completion,20,eat block of cheese,block of cheese,,
cookingworld:test:53458,N2,2,sup-t0189-arm_3-r02,environment_done,9,0,operation_to_ingredient_error,wrong_operation_for_ingredient,9,cook carrot in stove,carrot,fry,grill
cookingworld:test:54011,N2,1,sup-t0687-arm_3-r01,environment_done,10,0,operation_to_ingredient_error,wrong_operation_for_ingredient,10,cook pork chop in oven,pork chop,roast,grill
cookingworld:test:52571,P,2,sup-t0542-arm_1-r02,environment_done,10,0,operation_to_ingredient_error,wrong_operation_for_ingredient,10,cook pork chop in oven,pork chop,roast,grill
cookingworld:test:53782,N2,1,sup-t0428-arm_3-r01,environment_done,9,0,operation_to_ingredient_error,wrong_operation_for_ingredient,9,cook pork chop in oven,pork chop,roast,grill
cookingworld:test:53102,N2,1,sup-t0058-arm_3-r01,environment_done,13,0,operation_to_ingredient_error,wrong_operation_for_ingredient,13,cook purple potato in barbeque,purple potato,grill,roast
cookingworld:test:53349,N2,1,sup-t0137-arm_3-r01,environment_done,9,0,premature_ingredient_consumption,ingredient_eaten_before_meal_completion,9,eat block of cheese,block of cheese,,
cookingworld:test:52373,N2,2,sup-t0434-arm_3-r02,environment_done,9,0,operation_to_ingredient_error,operation_on_nonrequired_or_completed_ingredient,9,cook white onion in barbeque,white onion,grill,
cookingworld:test:52342,N2,2,sup-t0388-arm_3-r02,environment_done,7,0,operation_to_ingredient_error,wrong_operation_for_ingredient,7,cook pork chop in stove,pork chop,fry,grill
cookingworld:test:52581,P,1,sup-t0205-arm_1-r01,environment_done,10,0,operation_to_ingredient_error,wrong_operation_for_ingredient,10,cook red hot pepper in barbeque,red hot pepper,grill,fry
cookingworld:test:53388,N2,2,sup-t0163-arm_3-r02,environment_done,10,0,operation_to_ingredient_error,wrong_operation_for_ingredient,10,cook yellow bell pepper in stove,yellow bell pepper,fry,grill
cookingworld:test:52217,P,1,sup-t0470-arm_1-r01,environment_done,8,0,operation_to_ingredient_error,wrong_operation_for_ingredient,8,cook red apple in barbeque,red apple,grill,roast
cookingworld:test:52937,P,1,sup-t0539-arm_1-r01,environment_done,9,0,operation_to_ingredient_error,wrong_operation_for_ingredient,9,cook pork chop in stove,pork chop,fry,grill
cookingworld:test:54067,N2,1,sup-t0743-arm_3-r01,environment_done,11,0,operation_to_ingredient_error,operation_on_nonrequired_or_completed_ingredient,11,chop white onion,white onion,chop,
cookingworld:test:53420,P,1,sup-t0335-arm_1-r01,environment_done,8,0,operation_to_ingredient_error,wrong_operation_for_ingredient,8,cook chicken leg in barbeque,chicken leg,grill,roast
cookingworld:test:53257,P,2,sup-t0286-arm_1-r02,environment_done,15,0,operation_to_ingredient_error,wrong_operation_for_ingredient,15,cook banana in barbeque,banana,grill,fry
cookingworld:test:53187,P,2,sup-t0021-arm_1-r02,environment_done,13,0,operation_to_ingredient_error,wrong_operation_for_ingredient,13,cook red apple in barbeque,red apple,grill,roast
cookingworld:test:53005,N2,1,sup-t0015-arm_3-r01,environment_done,9,0,operation_to_ingredient_error,wrong_operation_for_ingredient,9,cook chicken leg in barbeque,chicken leg,grill,roast
cookingworld:test:53796,N2,2,sup-t0193-arm_3-r02,environment_done,9,0,premature_ingredient_consumption,ingredient_eaten_before_meal_completion,9,eat block of cheese,block of cheese,,
cookingworld:test:53800,R2,1,sup-t0063-arm_2-r01,environment_done,10,0,operation_to_ingredient_error,wrong_operation_for_ingredient,10,cook white onion in barbeque,white onion,grill,fry
cookingworld:test:52481,P,2,sup-t0401-arm_1-r02,environment_done,7,0,operation_to_ingredient_error,wrong_operation_for_ingredient,7,cook chicken wing in barbeque,chicken wing,grill,fry
cookingworld:test:52328,N2,2,sup-t0103-arm_3-r02,environment_done,8,0,operation_to_ingredient_error,wrong_operation_for_ingredient,8,cook pork chop in oven,pork chop,roast,grill
cookingworld:test:53405,R2,2,sup-t0285-arm_2-r02,environment_done,11,0,premature_ingredient_consumption,ingredient_eaten_before_meal_completion,11,eat block of cheese,block of cheese,,
cookingworld:test:52893,P,2,sup-t0221-arm_1-r02,environment_done,8,0,operation_to_ingredient_error,wrong_operation_for_ingredient,8,cook red apple in stove,red apple,fry,grill
cookingworld:test:53522,P,1,sup-t0340-arm_1-r01,environment_done,12,0,operation_to_ingredient_error,wrong_operation_for_ingredient,12,cook white onion in stove,white onion,fry,grill
cookingworld:test:52389,R2,1,sup-t0254-arm_2-r01,environment_done,12,0,operation_to_ingredient_error,wrong_operation_for_ingredient,12,cook orange bell pepper in barbeque,orange bell pepper,grill,fry
cookingworld:test:54104,N2,2,sup-t0780-arm_3-r02,environment_done,11,0,operation_to_ingredient_error,wrong_operation_for_ingredient,11,cook pork chop in oven,pork chop,roast,grill
cookingworld:test:52171,N2,1,sup-t0061-arm_3-r01,environment_done,12,0,premature_ingredient_consumption,ingredient_eaten_before_meal_completion,12,eat carrot,carrot,,
cookingworld:test:53293,N2,1,sup-t0646-arm_3-r01,environment_done,15,0,operation_to_ingredient_error,wrong_operation_for_ingredient,15,cook purple potato in barbeque,purple potato,grill,roast
cookingworld:test:52246,N2,2,sup-t0579-arm_3-r02,environment_done,11,0,operation_to_ingredient_error,wrong_operation_for_ingredient,11,cook yellow potato in barbeque,yellow potato,grill,fry
cookingworld:test:53753,R2,1,sup-t0515-arm_2-r01,environment_done,10,0,operation_to_ingredient_error,wrong_operation_for_ingredient,10,cook carrot in oven,carrot,roast,grill
cookingworld:test:53501,P,1,sup-t0651-arm_1-r01,environment_done,7,0,operation_to_ingredient_error,wrong_operation_for_ingredient,7,cook red apple in barbeque,red apple,grill,roast
cookingworld:test:53447,R2,1,sup-t0049-arm_2-r01,environment_done,10,0,operation_to_ingredient_error,wrong_operation_for_ingredient,10,cook white onion in stove,white onion,fry,grill
cookingworld:test:52081,R2,2,sup-t0664-arm_2-r02,environment_done,19,0,operation_to_ingredient_error,wrong_operation_for_ingredient,19,cook red apple in barbeque,red apple,grill,fry
cookingworld:test:52613,R2,1,sup-t0004-arm_2-r01,environment_done,13,0,operation_to_ingredient_error,operation_on_nonrequired_or_completed_ingredient,13,dice banana,banana,dice,
cookingworld:test:52773,R2,2,sup-t0377-arm_2-r02,environment_done,14,0,operation_to_ingredient_error,wrong_operation_for_ingredient,14,cook red onion in barbeque,red onion,grill,roast
cookingworld:test:53288,N2,2,sup-t0663-arm_3-r02,environment_done,12,0,operation_to_ingredient_error,wrong_operation_for_ingredient,12,cook white onion in barbeque,white onion,grill,fry
cookingworld:test:53595,N2,1,sup-t0669-arm_3-r01,environment_done,7,0,operation_to_ingredient_error,wrong_operation_for_ingredient,7,cook red onion in stove,red onion,fry,grill
cookingworld:test:52894,P,1,sup-t0199-arm_1-r01,environment_done,12,0,operation_to_ingredient_error,wrong_operation_for_ingredient,12,cook banana in barbeque,banana,grill,fry
cookingworld:test:52431,R2,2,sup-t0302-arm_2-r02,environment_done,9,0,operation_to_ingredient_error,wrong_operation_for_ingredient,9,cook pork chop in oven,pork chop,roast,grill
cookingworld:test:52584,N2,1,sup-t0593-arm_3-r01,environment_done,10,0,operation_to_ingredient_error,wrong_operation_for_ingredient,10,cook chicken leg in barbeque,chicken leg,grill,roast
cookingworld:test:53792,N2,1,sup-t0204-arm_3-r01,environment_done,10,0,operation_to_ingredient_error,wrong_operation_for_ingredient,10,cook pork chop in stove,pork chop,fry,grill
cookingworld:test:52450,R2,1,sup-t0501-arm_2-r01,environment_done,10,0,operation_to_ingredient_error,wrong_operation_for_ingredient,10,cook carrot in barbeque,carrot,grill,fry
cookingworld:test:52223,N2,1,sup-t0256-arm_3-r01,environment_done,9,0,operation_to_ingredient_error,wrong_operation_for_ingredient,9,cook banana in barbeque,banana,grill,fry
cookingworld:test:53357,N2,1,sup-t0399-arm_3-r01,environment_done,13,0,operation_to_ingredient_error,operation_on_nonrequired_or_completed_ingredient,13,cook yellow bell pepper in barbeque,yellow bell pepper,grill,
cookingworld:test:53271,N2,1,sup-t0038-arm_3-r01,environment_done,16,0,premature_ingredient_consumption,ingredient_eaten_before_meal_completion,16,eat cilantro,cilantro,,
cookingworld:test:53577,N2,1,sup-t0461-arm_3-r01,environment_done,5,0,operation_to_ingredient_error,wrong_operation_for_ingredient,5,cook red hot pepper in oven,red hot pepper,roast,grill
cookingworld:test:52487,N2,1,sup-t0281-arm_3-r01,environment_done,11,0,operation_to_ingredient_error,wrong_operation_for_ingredient,11,cook orange bell pepper in barbeque,orange bell pepper,grill,roast
cookingworld:test:53733,N2,1,sup-t0380-arm_3-r01,environment_done,16,0,premature_ingredient_consumption,ingredient_eaten_before_meal_completion,16,eat banana,banana,,
cookingworld:test:52430,N2,2,sup-t0197-arm_3-r02,environment_done,9,0,operation_to_ingredient_error,wrong_operation_for_ingredient,9,cook yellow potato in barbeque,yellow potato,grill,fry
cookingworld:test:54100,N2,1,sup-t0776-arm_3-r01,environment_done,9,0,operation_to_ingredient_error,wrong_operation_for_ingredient,9,cook pork chop in stove,pork chop,fry,grill
cookingworld:test:53856,N2,2,sup-t0314-arm_3-r02,environment_done,13,0,operation_to_ingredient_error,wrong_operation_for_ingredient,13,cook red apple in barbeque,red apple,grill,fry
cookingworld:test:52659,P,1,sup-t0608-arm_1-r01,environment_done,7,0,operation_to_ingredient_error,wrong_operation_for_ingredient,7,cook pork chop in stove,pork chop,fry,grill
cookingworld:test:52603,R2,1,sup-t0424-arm_2-r01,environment_done,12,0,operation_to_ingredient_error,wrong_operation_for_ingredient,12,cook yellow potato in barbeque,yellow potato,grill,fry
cookingworld:test:52695,N2,1,sup-t0544-arm_3-r01,environment_done,13,0,operation_to_ingredient_error,operation_on_nonrequired_or_completed_ingredient,13,cook carrot in barbeque,carrot,grill,
cookingworld:test:53300,N2,1,sup-t0100-arm_3-r01,environment_done,11,0,operation_to_ingredient_error,wrong_operation_for_ingredient,11,cook orange bell pepper in stove,orange bell pepper,fry,grill
cookingworld:test:54012,P,2,sup-t0688-arm_1-r02,environment_done,17,0,operation_to_ingredient_error,wrong_operation_for_ingredient,17,cook purple potato in barbeque,purple potato,grill,roast
cookingworld:test:52859,P,1,sup-t0246-arm_1-r01,environment_done,11,0,operation_to_ingredient_error,wrong_operation_for_ingredient,11,cook pork chop in stove,pork chop,fry,grill
cookingworld:test:52155,N2,2,sup-t0517-arm_3-r02,environment_done,5,0,premature_ingredient_consumption,ingredient_eaten_before_meal_completion,5,eat red hot pepper,red hot pepper,,
cookingworld:test:54095,P,1,sup-t0771-arm_1-r01,environment_done,13,0,operation_to_ingredient_error,wrong_operation_for_ingredient,13,cook orange bell pepper in barbeque,orange bell pepper,grill,roast
cookingworld:test:53822,P,2,sup-t0589-arm_1-r02,environment_done,10,0,operation_to_ingredient_error,wrong_operation_for_ingredient,10,cook red onion in barbeque,red onion,grill,roast
cookingworld:test:52594,N2,2,sup-t0116-arm_3-r02,environment_done,14,0,premature_ingredient_consumption,ingredient_eaten_before_meal_completion,14,eat red apple,red apple,,
cookingworld:test:53734,N2,1,sup-t0171-arm_3-r01,environment_done,15,0,operation_to_ingredient_error,wrong_operation_for_ingredient,15,cook carrot in barbeque,carrot,grill,fry
cookingworld:test:53484,R2,2,sup-t0528-arm_2-r02,environment_done,10,0,premature_ingredient_consumption,ingredient_eaten_before_meal_completion,10,eat block of cheese,block of cheese,,
cookingworld:test:52312,R2,2,sup-t0298-arm_2-r02,environment_done,9,0,operation_to_ingredient_error,wrong_operation_for_ingredient,9,cook pork chop in oven,pork chop,roast,grill
cookingworld:test:52802,P,2,sup-t0242-arm_1-r02,environment_done,8,0,operation_to_ingredient_error,wrong_operation_for_ingredient,8,cook red potato in barbeque,red potato,grill,roast
cookingworld:test:52474,N2,1,sup-t0645-arm_3-r01,environment_done,10,0,operation_to_ingredient_error,wrong_operation_for_ingredient,10,cook carrot in barbeque,carrot,grill,fry
cookingworld:test:52338,N2,1,sup-t0504-arm_3-r01,environment_done,4,0,operation_to_ingredient_error,wrong_operation_for_ingredient,4,cook purple potato in stove,purple potato,fry,grill
cookingworld:test:53487,P,1,sup-t0036-arm_1-r01,environment_done,11,0,operation_to_ingredient_error,wrong_operation_for_ingredient,11,cook pork chop in stove,pork chop,fry,grill
cookingworld:test:54095,P,2,sup-t0771-arm_1-r02,environment_done,12,0,operation_to_ingredient_error,wrong_operation_for_ingredient,12,cook orange bell pepper in barbeque,orange bell pepper,grill,roast
cookingworld:test:52285,R2,1,sup-t0270-arm_2-r01,environment_done,6,0,premature_ingredient_consumption,ingredient_eaten_before_meal_completion,6,eat red hot pepper,red hot pepper,,
cookingworld:test:52773,N2,1,sup-t0377-arm_3-r01,environment_done,12,0,operation_to_ingredient_error,wrong_operation_for_ingredient,12,cook red onion in barbeque,red onion,grill,roast
cookingworld:test:52264,N2,1,sup-t0387-arm_3-r01,environment_done,7,0,operation_to_ingredient_error,wrong_operation_for_ingredient,7,cook carrot in stove,carrot,fry,grill
cookingworld:test:53102,R2,1,sup-t0058-arm_2-r01,environment_done,26,0,operation_to_ingredient_error,wrong_operation_for_ingredient,26,cook purple potato in barbeque,purple potato,grill,roast
cookingworld:test:53579,N2,1,sup-t0140-arm_3-r01,environment_done,12,0,operation_to_ingredient_error,wrong_operation_for_ingredient,12,cook chicken leg in barbeque,chicken leg,grill,roast
cookingworld:test:54001,P,2,sup-t0677-arm_1-r02,environment_done,15,0,operation_to_ingredient_error,wrong_operation_for_ingredient,15,cook orange bell pepper in stove,orange bell pepper,fry,grill
cookingworld:test:52560,R2,1,sup-t0524-arm_2-r01,environment_done,9,0,operation_to_ingredient_error,operation_on_nonrequired_or_completed_ingredient,9,chop red hot pepper,red hot pepper,chop,
cookingworld:test:52639,P,1,sup-t0089-arm_1-r01,environment_done,7,0,operation_to_ingredient_error,wrong_operation_for_ingredient,7,cook pork chop in oven,pork chop,roast,grill
cookingworld:test:53063,N2,2,sup-t0585-arm_3-r02,environment_done,10,0,operation_to_ingredient_error,operation_on_nonrequired_or_completed_ingredient,10,cook yellow bell pepper in barbeque,yellow bell pepper,grill,
cookingworld:test:54018,N2,1,sup-t0694-arm_3-r01,environment_done,11,0,operation_to_ingredient_error,operation_on_nonrequired_or_completed_ingredient,11,cook yellow bell pepper in barbeque,yellow bell pepper,grill,
cookingworld:test:53790,N2,1,sup-t0190-arm_3-r01,environment_done,15,0,premature_ingredient_consumption,ingredient_eaten_before_meal_completion,15,eat yellow bell pepper,yellow bell pepper,,
cookingworld:test:52707,P,2,sup-t0547-arm_1-r02,environment_done,14,0,operation_to_ingredient_error,wrong_operation_for_ingredient,14,cook yellow potato in barbeque,yellow potato,grill,roast
cookingworld:test:54016,N2,2,sup-t0692-arm_3-r02,environment_done,10,0,operation_to_ingredient_error,wrong_operation_for_ingredient,10,cook purple potato in oven,purple potato,roast,grill
cookingworld:test:52275,R2,1,sup-t0529-arm_2-r01,environment_done,14,0,operation_to_ingredient_error,wrong_operation_for_ingredient,14,cook yellow potato in barbeque,yellow potato,grill,roast
cookingworld:test:52170,R2,2,sup-t0119-arm_2-r02,environment_done,10,0,operation_to_ingredient_error,wrong_operation_for_ingredient,10,cook purple potato in oven,purple potato,roast,grill
cookingworld:test:54041,R2,2,sup-t0717-arm_2-r02,environment_done,11,0,operation_to_ingredient_error,wrong_operation_for_ingredient,11,cook pork chop in stove,pork chop,fry,grill
cookingworld:test:53186,N2,1,sup-t0437-arm_3-r01,environment_done,9,0,operation_to_ingredient_error,wrong_operation_for_ingredient,9,cook orange bell pepper in barbeque,orange bell pepper,grill,roast
cookingworld:test:52956,N2,1,sup-t0028-arm_3-r01,environment_done,7,0,premature_ingredient_consumption,ingredient_eaten_before_meal_completion,7,eat red apple,red apple,,
cookingworld:test:52329,N2,2,sup-t0332-arm_3-r02,environment_done,14,0,operation_to_ingredient_error,wrong_operation_for_ingredient,14,cook yellow bell pepper in stove,yellow bell pepper,fry,grill
cookingworld:test:53722,N2,1,sup-t0512-arm_3-r01,environment_done,9,0,premature_ingredient_consumption,ingredient_eaten_before_meal_completion,9,eat block of cheese,block of cheese,,
cookingworld:test:53123,N2,1,sup-t0260-arm_3-r01,environment_done,9,0,operation_to_ingredient_error,wrong_operation_for_ingredient,9,cook orange bell pepper in barbeque,orange bell pepper,grill,roast
cookingworld:test:52052,R2,2,sup-t0343-arm_2-r02,environment_done,23,0,operation_to_ingredient_error,wrong_operation_for_ingredient,23,cook red onion in barbeque,red onion,grill,roast
cookingworld:test:53501,N2,1,sup-t0651-arm_3-r01,environment_done,13,0,operation_to_ingredient_error,wrong_operation_for_ingredient,13,cook red apple in barbeque,red apple,grill,roast
cookingworld:test:52335,R2,1,sup-t0446-arm_2-r01,environment_done,12,0,operation_to_ingredient_error,wrong_operation_for_ingredient,12,cook orange bell pepper in barbeque,orange bell pepper,grill,fry
cookingworld:test:52275,P,2,sup-t0529-arm_1-r02,environment_done,9,0,operation_to_ingredient_error,wrong_operation_for_ingredient,9,cook yellow potato in barbeque,yellow potato,grill,roast
cookingworld:test:54100,N2,2,sup-t0776-arm_3-r02,environment_done,8,0,operation_to_ingredient_error,wrong_operation_for_ingredient,8,cook pork chop in stove,pork chop,fry,grill
cookingworld:test:53661,N2,2,sup-t0002-arm_3-r02,environment_done,10,0,premature_ingredient_consumption,ingredient_eaten_before_meal_completion,10,eat block of cheese,block of cheese,,
cookingworld:test:53099,N2,2,sup-t0505-arm_3-r02,environment_done,9,0,operation_to_ingredient_error,wrong_operation_for_ingredient,9,cook banana in barbeque,banana,grill,fry
cookingworld:test:52989,N2,2,sup-t0113-arm_3-r02,environment_done,9,0,operation_to_ingredient_error,wrong_operation_for_ingredient,9,cook red potato in barbeque,red potato,grill,roast
cookingworld:test:52928,N2,2,sup-t0375-arm_3-r02,environment_done,10,0,operation_to_ingredient_error,wrong_operation_for_ingredient,10,cook red potato in barbeque,red potato,grill,roast
cookingworld:test:53555,P,2,sup-t0026-arm_1-r02,environment_done,14,0,operation_to_ingredient_error,wrong_operation_for_ingredient,14,cook purple potato in barbeque,purple potato,grill,roast
cookingworld:test:54029,N2,2,sup-t0705-arm_3-r02,environment_done,7,0,operation_to_ingredient_error,wrong_operation_for_ingredient,7,cook carrot in stove,carrot,fry,grill
cookingworld:test:52799,N2,1,sup-t0395-arm_3-r01,environment_done,7,0,operation_to_ingredient_error,wrong_operation_for_ingredient,7,cook red potato in oven,red potato,roast,grill
cookingworld:test:52368,R2,2,sup-t0365-arm_2-r02,environment_done,11,0,operation_to_ingredient_error,wrong_operation_for_ingredient,11,cook red apple in barbeque,red apple,grill,fry
cookingworld:test:52068,P,2,sup-t0331-arm_1-r02,environment_done,11,0,operation_to_ingredient_error,wrong_operation_for_ingredient,11,cook pork chop in stove,pork chop,fry,grill
cookingworld:test:52385,P,1,sup-t0372-arm_1-r01,environment_done,8,0,operation_to_ingredient_error,wrong_operation_for_ingredient,8,cook pork chop in stove,pork chop,fry,grill
cookingworld:test:52802,P,1,sup-t0242-arm_1-r01,environment_done,14,0,operation_to_ingredient_error,wrong_operation_for_ingredient,14,cook red potato in barbeque,red potato,grill,roast
cookingworld:test:54092,P,2,sup-t0768-arm_1-r02,environment_done,13,0,operation_to_ingredient_error,wrong_operation_for_ingredient,13,cook yellow bell pepper in oven,yellow bell pepper,roast,chop
cookingworld:test:52476,N2,1,sup-t0057-arm_3-r01,environment_done,8,0,operation_to_ingredient_error,wrong_operation_for_ingredient,8,cook pork chop in stove,pork chop,fry,grill
cookingworld:test:52745,N2,1,sup-t0368-arm_3-r01,environment_done,8,0,premature_ingredient_consumption,ingredient_eaten_before_meal_completion,8,eat block of cheese,block of cheese,,
cookingworld:test:53592,N2,1,sup-t0211-arm_3-r01,environment_done,15,0,operation_to_ingredient_error,wrong_operation_for_ingredient,15,cook orange bell pepper in barbeque,orange bell pepper,grill,fry
cookingworld:test:52965,P,1,sup-t0039-arm_1-r01,environment_done,10,0,operation_to_ingredient_error,wrong_operation_for_ingredient,10,cook carrot in oven,carrot,roast,grill
cookingworld:test:52615,P,1,sup-t0373-arm_1-r01,environment_done,11,0,operation_to_ingredient_error,wrong_operation_for_ingredient,11,cook red apple in barbeque,red apple,grill,roast
cookingworld:test:52217,R2,2,sup-t0470-arm_2-r02,environment_done,9,0,operation_to_ingredient_error,wrong_operation_for_ingredient,9,cook red apple in barbeque,red apple,grill,roast
cookingworld:test:54014,N2,1,sup-t0690-arm_3-r01,environment_done,10,0,operation_to_ingredient_error,wrong_operation_for_ingredient,10,cook pork chop in oven,pork chop,roast,grill
cookingworld:test:52605,R2,1,sup-t0493-arm_2-r01,environment_done,9,0,operation_to_ingredient_error,operation_on_nonrequired_or_completed_ingredient,9,dice yellow bell pepper,yellow bell pepper,dice,
cookingworld:test:53079,N2,2,sup-t0489-arm_3-r02,environment_done,6,0,operation_to_ingredient_error,wrong_operation_for_ingredient,6,cook red onion in stove,red onion,fry,grill
cookingworld:test:54082,N2,2,sup-t0758-arm_3-r02,environment_done,13,0,operation_to_ingredient_error,wrong_operation_for_ingredient,13,cook purple potato in barbeque,purple potato,grill,roast
cookingworld:test:52261,N2,1,sup-t0400-arm_3-r01,environment_done,7,0,premature_ingredient_consumption,ingredient_eaten_before_meal_completion,7,eat red onion,red onion,,
cookingworld:test:53644,R2,1,sup-t0010-arm_2-r01,environment_done,11,0,operation_to_ingredient_error,wrong_operation_for_ingredient,11,cook orange bell pepper in barbeque,orange bell pepper,grill,fry
cookingworld:test:53643,N2,1,sup-t0398-arm_3-r01,environment_done,10,0,premature_ingredient_consumption,ingredient_eaten_before_meal_completion,10,eat block of cheese,block of cheese,,
cookingworld:test:53760,N2,2,sup-t0462-arm_3-r02,environment_done,3,0,operation_to_ingredient_error,wrong_operation_for_ingredient,3,cook red hot pepper in stove,red hot pepper,fry,grill
cookingworld:test:53555,R2,2,sup-t0026-arm_2-r02,environment_done,16,0,operation_to_ingredient_error,wrong_operation_for_ingredient,16,cook purple potato in barbeque,purple potato,grill,roast
cookingworld:test:52723,N2,2,sup-t0552-arm_3-r02,environment_done,8,0,operation_to_ingredient_error,wrong_operation_for_ingredient,8,cook pork chop in stove,pork chop,fry,grill
cookingworld:test:52815,P,2,sup-t0091-arm_1-r02,environment_done,14,0,operation_to_ingredient_error,wrong_operation_for_ingredient,14,cook red potato in barbeque,red potato,grill,roast
cookingworld:test:53308,N2,1,sup-t0353-arm_3-r01,environment_done,9,0,operation_to_ingredient_error,wrong_operation_for_ingredient,9,cook red onion in stove,red onion,fry,grill
cookingworld:test:52770,N2,1,sup-t0674-arm_3-r01,max_steps,50,0,navigation_or_step_limit_failure,step_limit_without_irreversible_recipe_error,,,,,
cookingworld:test:52563,P,1,sup-t0222-arm_1-r01,environment_done,10,0,operation_to_ingredient_error,wrong_operation_for_ingredient,10,cook pork chop in stove,pork chop,fry,grill
cookingworld:test:53299,N2,2,sup-t0451-arm_3-r02,environment_done,15,0,operation_to_ingredient_error,wrong_operation_for_ingredient,15,cook pork chop in stove,pork chop,fry,grill
cookingworld:test:52223,N2,2,sup-t0256-arm_3-r02,environment_done,10,0,operation_to_ingredient_error,wrong_operation_for_ingredient,10,cook banana in barbeque,banana,grill,fry
cookingworld:test:52107,N2,2,sup-t0149-arm_3-r02,environment_done,16,0,premature_ingredient_consumption,ingredient_eaten_before_meal_completion,16,eat carrot,carrot,,
cookingworld:test:52430,R2,2,sup-t0197-arm_2-r02,environment_done,8,0,operation_to_ingredient_error,wrong_operation_for_ingredient,8,cook yellow potato in barbeque,yellow potato,grill,fry
cookingworld:test:53102,P,1,sup-t0058-arm_1-r01,environment_done,14,0,operation_to_ingredient_error,wrong_operation_for_ingredient,14,cook purple potato in barbeque,purple potato,grill,roast
cookingworld:test:53845,P,2,sup-t0456-arm_1-r02,environment_done,13,0,operation_to_ingredient_error,wrong_operation_for_ingredient,13,cook pork chop in stove,pork chop,fry,grill
cookingworld:test:53598,N2,1,sup-t0511-arm_3-r01,environment_done,18,0,operation_to_ingredient_error,wrong_operation_for_ingredient,18,cook purple potato in stove,purple potato,fry,grill
cookingworld:test:52068,N2,2,sup-t0331-arm_3-r02,environment_done,7,0,operation_to_ingredient_error,wrong_operation_for_ingredient,7,cook pork chop in stove,pork chop,fry,grill
cookingworld:test:53752,N2,2,sup-t0317-arm_3-r02,environment_done,10,1,operation_to_ingredient_error,wrong_operation_for_ingredient,10,cook yellow bell pepper in stove,yellow bell pepper,fry,dice
cookingworld:test:53487,N2,1,sup-t0036-arm_3-r01,environment_done,12,0,operation_to_ingredient_error,wrong_operation_for_ingredient,12,cook pork chop in stove,pork chop,fry,grill
cookingworld:test:52493,R2,2,sup-t0235-arm_2-r02,environment_done,13,0,operation_to_ingredient_error,wrong_operation_for_ingredient,13,cook purple potato in barbeque,purple potato,grill,roast
cookingworld:test:53190,R2,1,sup-t0601-arm_2-r01,environment_done,7,0,operation_to_ingredient_error,operation_allocated_to_wrong_ingredient_role,7,cook orange bell pepper in oven,orange bell pepper,roast,grill
cookingworld:test:53731,N2,1,sup-t0607-arm_3-r01,environment_done,16,0,premature_ingredient_consumption,ingredient_eaten_before_meal_completion,16,eat yellow bell pepper,yellow bell pepper,,
cookingworld:test:53555,N2,2,sup-t0026-arm_3-r02,environment_done,12,0,operation_to_ingredient_error,wrong_operation_for_ingredient,12,cook purple potato in barbeque,purple potato,grill,roast
cookingworld:test:53734,R2,1,sup-t0171-arm_2-r01,environment_done,15,0,operation_to_ingredient_error,wrong_operation_for_ingredient,15,cook carrot in barbeque,carrot,grill,fry
cookingworld:test:52848,N2,1,sup-t0213-arm_3-r01,environment_done,9,0,operation_to_ingredient_error,wrong_operation_for_ingredient,9,cook red apple in barbeque,red apple,grill,fry
cookingworld:test:53345,N2,1,sup-t0085-arm_3-r01,environment_done,17,0,operation_to_ingredient_error,wrong_operation_for_ingredient,17,cook yellow bell pepper in stove,yellow bell pepper,fry,grill
cookingworld:test:52534,P,1,sup-t0510-arm_1-r01,environment_done,12,0,operation_to_ingredient_error,wrong_operation_for_ingredient,12,cook yellow bell pepper in stove,yellow bell pepper,fry,grill
cookingworld:test:52682,N2,2,sup-t0191-arm_3-r02,max_steps,50,0,navigation_or_step_limit_failure,step_limit_without_irreversible_recipe_error,,,,,
cookingworld:test:53642,N2,2,sup-t0586-arm_3-r02,environment_done,17,1,operation_to_ingredient_error,operation_allocated_to_wrong_ingredient_role,17,cook red onion in barbeque,red onion,grill,roast
cookingworld:test:53442,N2,2,sup-t0264-arm_3-r02,environment_done,13,0,operation_to_ingredient_error,wrong_operation_for_ingredient,13,cook white onion in stove,white onion,fry,grill
cookingworld:test:52681,P,1,sup-t0179-arm_1-r01,environment_done,14,0,operation_to_ingredient_error,wrong_operation_for_ingredient,14,cook orange bell pepper in oven,orange bell pepper,roast,grill
cookingworld:test:54032,P,2,sup-t0708-arm_1-r02,environment_done,12,0,operation_to_ingredient_error,wrong_operation_for_ingredient,12,cook red potato in oven,red potato,roast,grill
cookingworld:test:53121,N2,2,sup-t0016-arm_3-r02,environment_done,7,0,premature_ingredient_consumption,ingredient_eaten_before_meal_completion,7,eat red onion,red onion,,
cookingworld:test:53508,N2,2,sup-t0488-arm_3-r02,environment_done,11,0,operation_to_ingredient_error,operation_on_nonrequired_or_completed_ingredient,11,chop yellow bell pepper,yellow bell pepper,chop,
cookingworld:test:54001,P,1,sup-t0677-arm_1-r01,environment_done,13,0,operation_to_ingredient_error,wrong_operation_for_ingredient,13,cook orange bell pepper in stove,orange bell pepper,fry,grill
cookingworld:test:52081,N2,1,sup-t0664-arm_3-r01,environment_done,9,0,operation_to_ingredient_error,wrong_operation_for_ingredient,9,cook red apple in barbeque,red apple,grill,fry
cookingworld:test:53973,N2,2,sup-t0284-arm_3-r02,environment_done,10,0,premature_ingredient_consumption,ingredient_eaten_before_meal_completion,10,eat red onion,red onion,,
cookingworld:test:53102,N2,2,sup-t0058-arm_3-r02,environment_done,11,0,operation_to_ingredient_error,wrong_operation_for_ingredient,11,cook purple potato in barbeque,purple potato,grill,roast
cookingworld:test:54088,N2,1,sup-t0764-arm_3-r01,environment_done,10,0,premature_ingredient_consumption,ingredient_eaten_before_meal_completion,10,eat block of cheese,block of cheese,,
cookingworld:test:54082,N2,1,sup-t0758-arm_3-r01,environment_done,12,0,operation_to_ingredient_error,wrong_operation_for_ingredient,12,cook purple potato in barbeque,purple potato,grill,roast
cookingworld:test:52571,P,1,sup-t0542-arm_1-r01,environment_done,10,0,operation_to_ingredient_error,wrong_operation_for_ingredient,10,cook pork chop in oven,pork chop,roast,grill
cookingworld:test:53456,N2,2,sup-t0384-arm_3-r02,environment_done,15,0,operation_to_ingredient_error,wrong_operation_for_ingredient,15,cook red apple in stove,red apple,fry,grill
cookingworld:test:52403,N2,1,sup-t0393-arm_3-r01,environment_done,13,0,premature_ingredient_consumption,ingredient_eaten_before_meal_completion,13,eat yellow bell pepper,yellow bell pepper,,
cookingworld:test:53565,N2,1,sup-t0194-arm_3-r01,environment_done,10,0,operation_to_ingredient_error,wrong_operation_for_ingredient,10,cook purple potato in stove,purple potato,fry,grill
cookingworld:test:52052,N2,1,sup-t0343-arm_3-r01,environment_done,13,0,operation_to_ingredient_error,wrong_operation_for_ingredient,13,cook red onion in barbeque,red onion,grill,roast
cookingworld:test:52890,R2,2,sup-t0350-arm_2-r02,environment_done,13,0,operation_to_ingredient_error,wrong_operation_for_ingredient,13,cook red potato in barbeque,red potato,grill,roast
cookingworld:test:52846,N2,2,sup-t0044-arm_3-r02,environment_done,4,0,operation_to_ingredient_error,wrong_operation_for_ingredient,4,cook purple potato in stove,purple potato,fry,grill
cookingworld:test:53446,N2,2,sup-t0059-arm_3-r02,max_steps,50,1,navigation_or_step_limit_failure,step_limit_without_irreversible_recipe_error,,,,,
cookingworld:test:53123,P,1,sup-t0260-arm_1-r01,environment_done,9,0,operation_to_ingredient_error,wrong_operation_for_ingredient,9,cook orange bell pepper in barbeque,orange bell pepper,grill,roast
cookingworld:test:52681,P,2,sup-t0179-arm_1-r02,environment_done,14,0,operation_to_ingredient_error,wrong_operation_for_ingredient,14,cook orange bell pepper in oven,orange bell pepper,roast,grill
cookingworld:test:53216,R2,1,sup-t0549-arm_2-r01,environment_done,9,0,operation_to_ingredient_error,wrong_operation_for_ingredient,9,cook red potato in barbeque,red potato,grill,roast
cookingworld:test:53836,N2,1,sup-t0577-arm_3-r01,environment_done,11,0,operation_to_ingredient_error,operation_on_nonrequired_or_completed_ingredient,11,cook red hot pepper in barbeque,red hot pepper,grill,
cookingworld:test:53324,N2,2,sup-t0596-arm_3-r02,environment_done,13,0,operation_to_ingredient_error,wrong_operation_for_ingredient,13,cook chicken wing in barbeque,chicken wing,grill,fry
cookingworld:test:53539,N2,1,sup-t0600-arm_3-r01,environment_done,9,0,operation_to_ingredient_error,wrong_operation_for_ingredient,9,cook carrot in stove,carrot,fry,grill
cookingworld:test:52730,N2,2,sup-t0034-arm_3-r02,environment_done,9,0,operation_to_ingredient_error,wrong_operation_for_ingredient,9,cook chicken wing in barbeque,chicken wing,grill,fry
cookingworld:test:52688,N2,2,sup-t0078-arm_3-r02,environment_done,8,0,operation_to_ingredient_error,wrong_operation_for_ingredient,8,cook yellow bell pepper in stove,yellow bell pepper,fry,chop
cookingworld:test:53872,R2,1,sup-t0561-arm_2-r01,environment_done,16,0,operation_to_ingredient_error,wrong_operation_for_ingredient,16,cook red hot pepper in barbeque,red hot pepper,grill,fry
cookingworld:test:53298,N2,2,sup-t0159-arm_3-r02,environment_done,18,0,operation_to_ingredient_error,wrong_operation_for_ingredient,18,cook pork chop in oven,pork chop,roast,grill
cookingworld:test:52601,N2,2,sup-t0079-arm_3-r02,environment_done,5,0,operation_to_ingredient_error,wrong_operation_for_ingredient,5,cook red potato in oven,red potato,roast,grill
cookingworld:test:54080,N2,1,sup-t0756-arm_3-r01,environment_done,9,0,premature_ingredient_consumption,ingredient_eaten_before_meal_completion,9,eat block of cheese,block of cheese,,
cookingworld:test:54111,N2,1,sup-t0787-arm_3-r01,environment_done,8,0,operation_to_ingredient_error,wrong_operation_for_ingredient,8,cook red apple in oven,red apple,roast,grill
cookingworld:test:54028,P,1,sup-t0704-arm_1-r01,environment_done,11,0,operation_to_ingredient_error,wrong_operation_for_ingredient,11,cook orange bell pepper in barbeque,orange bell pepper,grill,roast
cookingworld:test:52759,N2,2,sup-t0359-arm_3-r02,environment_done,10,0,operation_to_ingredient_error,operation_allocated_to_wrong_ingredient_role,10,cook carrot in stove,carrot,fry,grill
cookingworld:test:52413,N2,1,sup-t0086-arm_3-r01,environment_done,7,0,operation_to_ingredient_error,wrong_operation_for_ingredient,7,cook pork chop in stove,pork chop,fry,grill
cookingworld:test:54104,P,1,sup-t0780-arm_1-r01,environment_done,10,0,operation_to_ingredient_error,wrong_operation_for_ingredient,10,cook pork chop in oven,pork chop,roast,grill
cookingworld:test:52025,N2,1,sup-t0294-arm_3-r01,environment_done,9,0,operation_to_ingredient_error,wrong_operation_for_ingredient,9,cook pork chop in stove,pork chop,fry,grill
cookingworld:test:53994,N2,2,sup-t0450-arm_3-r02,environment_done,4,0,operation_to_ingredient_error,wrong_operation_for_ingredient,4,cook purple potato in stove,purple potato,fry,grill
cookingworld:test:53602,P,2,sup-t0621-arm_1-r02,environment_done,11,0,operation_to_ingredient_error,wrong_operation_for_ingredient,11,cook orange bell pepper in barbeque,orange bell pepper,grill,roast
cookingworld:test:52155,P,2,sup-t0517-arm_1-r02,environment_done,8,0,premature_ingredient_consumption,ingredient_eaten_before_meal_completion,8,eat red hot pepper,red hot pepper,,
cookingworld:test:54016,R2,2,sup-t0692-arm_2-r02,environment_done,12,0,operation_to_ingredient_error,wrong_operation_for_ingredient,12,cook purple potato in oven,purple potato,roast,grill
cookingworld:test:52041,N2,2,sup-t0073-arm_3-r02,environment_done,9,0,operation_to_ingredient_error,wrong_operation_for_ingredient,9,cook red potato in barbeque,red potato,grill,roast
cookingworld:test:53187,P,1,sup-t0021-arm_1-r01,environment_done,11,0,operation_to_ingredient_error,wrong_operation_for_ingredient,11,cook red apple in barbeque,red apple,grill,roast
cookingworld:test:52578,P,2,sup-t0492-arm_1-r02,environment_done,11,0,operation_to_ingredient_error,wrong_operation_for_ingredient,11,cook red potato in barbeque,red potato,grill,roast
cookingworld:test:52844,N2,2,sup-t0174-arm_3-r02,environment_done,9,0,operation_to_ingredient_error,wrong_operation_for_ingredient,9,cook carrot in oven,carrot,roast,grill
cookingworld:test:53388,N2,1,sup-t0163-arm_3-r01,environment_done,12,0,operation_to_ingredient_error,wrong_operation_for_ingredient,12,cook yellow bell pepper in stove,yellow bell pepper,fry,grill
cookingworld:test:53179,P,1,sup-t0636-arm_1-r01,environment_done,8,0,operation_to_ingredient_error,wrong_operation_for_ingredient,8,cook yellow potato in barbeque,yellow potato,grill,fry
cookingworld:test:52556,R2,2,sup-t0037-arm_2-r02,environment_done,12,0,operation_to_ingredient_error,wrong_operation_for_ingredient,12,cook white onion in barbeque,white onion,grill,fry
cookingworld:test:53189,N2,1,sup-t0581-arm_3-r01,environment_done,10,0,premature_ingredient_consumption,ingredient_eaten_before_meal_completion,10,eat red onion,red onion,,
cookingworld:test:53856,R2,2,sup-t0314-arm_2-r02,environment_done,8,0,operation_to_ingredient_error,wrong_operation_for_ingredient,8,cook red apple in barbeque,red apple,grill,fry
cookingworld:test:52707,R2,2,sup-t0547-arm_2-r02,environment_done,24,0,operation_to_ingredient_error,wrong_operation_for_ingredient,24,cook yellow potato in barbeque,yellow potato,grill,roast
cookingworld:test:53351,R2,2,sup-t0565-arm_2-r02,environment_done,8,0,operation_to_ingredient_error,wrong_operation_for_ingredient,8,cook yellow bell pepper in stove,yellow bell pepper,fry,chop
cookingworld:test:53667,P,2,sup-t0661-arm_1-r02,environment_done,7,0,operation_to_ingredient_error,wrong_operation_for_ingredient,7,cook pork chop in stove,pork chop,fry,grill
cookingworld:test:53734,R2,2,sup-t0171-arm_2-r02,environment_done,15,0,operation_to_ingredient_error,wrong_operation_for_ingredient,15,cook carrot in barbeque,carrot,grill,fry
cookingworld:test:52563,N2,2,sup-t0222-arm_3-r02,environment_done,7,0,operation_to_ingredient_error,wrong_operation_for_ingredient,7,cook pork chop in stove,pork chop,fry,grill
cookingworld:test:53825,N2,1,sup-t0457-arm_3-r01,environment_done,16,0,operation_to_ingredient_error,wrong_operation_for_ingredient,16,cook orange bell pepper in barbeque,orange bell pepper,grill,roast
cookingworld:test:52411,P,1,sup-t0367-arm_1-r01,environment_done,9,0,operation_to_ingredient_error,wrong_operation_for_ingredient,9,cook orange bell pepper in oven,orange bell pepper,roast,grill
cookingworld:test:52487,N2,2,sup-t0281-arm_3-r02,environment_done,10,0,operation_to_ingredient_error,wrong_operation_for_ingredient,10,cook orange bell pepper in barbeque,orange bell pepper,grill,roast
cookingworld:test:52773,N2,2,sup-t0377-arm_3-r02,environment_done,12,0,operation_to_ingredient_error,wrong_operation_for_ingredient,12,cook red onion in barbeque,red onion,grill,roast
cookingworld:test:52615,R2,1,sup-t0373-arm_2-r01,environment_done,9,0,operation_to_ingredient_error,wrong_operation_for_ingredient,9,cook red apple in barbeque,red apple,grill,roast
cookingworld:test:53994,P,2,sup-t0450-arm_1-r02,environment_done,6,0,operation_to_ingredient_error,wrong_operation_for_ingredient,6,cook purple potato in stove,purple potato,fry,grill
cookingworld:test:52883,N2,2,sup-t0563-arm_3-r02,environment_done,9,0,operation_to_ingredient_error,operation_on_nonrequired_or_completed_ingredient,9,cook red hot pepper in barbeque,red hot pepper,grill,
cookingworld:test:52859,N2,1,sup-t0246-arm_3-r01,environment_done,11,0,operation_to_ingredient_error,wrong_operation_for_ingredient,11,cook pork chop in stove,pork chop,fry,grill
cookingworld:test:52068,R2,2,sup-t0331-arm_2-r02,environment_done,12,0,operation_to_ingredient_error,wrong_operation_for_ingredient,12,cook red apple in barbeque,red apple,grill,roast
cookingworld:test:53078,N2,1,sup-t0336-arm_3-r01,environment_done,5,0,operation_to_ingredient_error,wrong_operation_for_ingredient,5,cook pork chop in stove,pork chop,fry,grill
cookingworld:test:52184,N2,1,sup-t0319-arm_3-r01,environment_done,10,0,operation_to_ingredient_error,wrong_operation_for_ingredient,10,cook pork chop in stove,pork chop,fry,grill
cookingworld:test:54119,R2,1,sup-t0795-arm_2-r01,environment_done,17,0,operation_to_ingredient_error,wrong_operation_for_ingredient,17,cook carrot in barbeque,carrot,grill,fry
cookingworld:test:53710,N2,2,sup-t0206-arm_3-r02,environment_done,6,0,premature_ingredient_consumption,ingredient_eaten_before_meal_completion,6,eat block of cheese,block of cheese,,
cookingworld:test:54100,P,1,sup-t0776-arm_1-r01,environment_done,11,0,operation_to_ingredient_error,wrong_operation_for_ingredient,11,cook pork chop in stove,pork chop,fry,grill
cookingworld:test:52563,R2,2,sup-t0222-arm_2-r02,environment_done,9,0,operation_to_ingredient_error,wrong_operation_for_ingredient,9,cook pork chop in stove,pork chop,fry,grill
cookingworld:test:53210,N2,1,sup-t0268-arm_3-r01,environment_done,12,0,operation_to_ingredient_error,wrong_operation_for_ingredient,12,cook red onion in barbeque,red onion,grill,roast
cookingworld:test:54111,N2,2,sup-t0787-arm_3-r02,environment_done,8,0,operation_to_ingredient_error,wrong_operation_for_ingredient,8,cook red apple in stove,red apple,fry,grill
cookingworld:test:52902,N2,1,sup-t0101-arm_3-r01,environment_done,9,0,operation_to_ingredient_error,wrong_operation_for_ingredient,9,cook red potato in barbeque,red potato,grill,roast
cookingworld:test:52640,N2,2,sup-t0307-arm_3-r02,environment_done,10,0,operation_to_ingredient_error,wrong_operation_for_ingredient,10,cook pork chop in stove,pork chop,fry,grill
cookingworld:test:53708,N2,1,sup-t0185-arm_3-r01,environment_done,14,0,premature_ingredient_consumption,ingredient_eaten_before_meal_completion,14,eat orange bell pepper,orange bell pepper,,
cookingworld:test:53671,N2,1,sup-t0408-arm_3-r01,environment_done,13,0,operation_to_ingredient_error,wrong_operation_for_ingredient,13,cook yellow potato in barbeque,yellow potato,grill,fry
cookingworld:test:52890,N2,2,sup-t0350-arm_3-r02,environment_done,9,0,operation_to_ingredient_error,wrong_operation_for_ingredient,9,cook red potato in barbeque,red potato,grill,roast
cookingworld:test:52373,N2,1,sup-t0434-arm_3-r01,environment_done,9,0,operation_to_ingredient_error,operation_on_nonrequired_or_completed_ingredient,9,cook white onion in barbeque,white onion,grill,
cookingworld:test:54001,N2,2,sup-t0677-arm_3-r02,environment_done,10,0,operation_to_ingredient_error,wrong_operation_for_ingredient,10,cook orange bell pepper in stove,orange bell pepper,fry,grill
cookingworld:test:52004,P,2,sup-t0642-arm_1-r02,environment_done,12,0,operation_to_ingredient_error,wrong_operation_for_ingredient,12,cook orange bell pepper in barbeque,orange bell pepper,grill,roast
cookingworld:test:53522,R2,2,sup-t0340-arm_2-r02,environment_done,9,0,operation_to_ingredient_error,wrong_operation_for_ingredient,9,cook white onion in oven,white onion,roast,dice
cookingworld:test:53544,P,1,sup-t0252-arm_1-r01,environment_done,9,0,operation_to_ingredient_error,wrong_operation_for_ingredient,9,cook pork chop in stove,pork chop,fry,grill
cookingworld:test:53562,N2,2,sup-t0157-arm_3-r02,environment_done,11,0,operation_to_ingredient_error,wrong_operation_for_ingredient,11,cook red onion in stove,red onion,fry,grill
cookingworld:test:54008,N2,1,sup-t0684-arm_3-r01,environment_done,17,0,premature_ingredient_consumption,ingredient_eaten_before_meal_completion,17,eat red apple,red apple,,
cookingworld:test:54008,N2,2,sup-t0684-arm_3-r02,environment_done,17,0,premature_ingredient_consumption,ingredient_eaten_before_meal_completion,17,eat red apple,red apple,,
cookingworld:test:52264,P,2,sup-t0387-arm_1-r02,environment_done,6,0,operation_to_ingredient_error,operation_allocated_to_wrong_ingredient_role,6,cook carrot in oven,carrot,roast,grill
cookingworld:test:53628,N2,2,sup-t0476-arm_3-r02,environment_done,9,0,operation_to_ingredient_error,wrong_operation_for_ingredient,9,cook red apple in oven,red apple,roast,grill
cookingworld:test:52853,P,1,sup-t0158-arm_1-r01,environment_done,11,0,operation_to_ingredient_error,wrong_operation_for_ingredient,11,cook purple potato in stove,purple potato,fry,grill
cookingworld:test:52041,N2,1,sup-t0073-arm_3-r01,environment_done,9,0,operation_to_ingredient_error,wrong_operation_for_ingredient,9,cook red potato in barbeque,red potato,grill,roast
cookingworld:test:52890,P,1,sup-t0350-arm_1-r01,environment_done,11,0,operation_to_ingredient_error,wrong_operation_for_ingredient,11,cook red potato in barbeque,red potato,grill,roast
cookingworld:test:53565,N2,2,sup-t0194-arm_3-r02,environment_done,10,0,operation_to_ingredient_error,wrong_operation_for_ingredient,10,cook purple potato in stove,purple potato,fry,grill
cookingworld:test:53186,P,1,sup-t0437-arm_1-r01,environment_done,11,0,operation_to_ingredient_error,wrong_operation_for_ingredient,11,cook orange bell pepper in barbeque,orange bell pepper,grill,roast
cookingworld:test:53498,P,1,sup-t0226-arm_1-r01,environment_done,16,0,operation_to_ingredient_error,wrong_operation_for_ingredient,16,cook yellow potato in barbeque,yellow potato,grill,roast
cookingworld:test:52601,P,2,sup-t0079-arm_1-r02,environment_done,3,0,operation_to_ingredient_error,wrong_operation_for_ingredient,3,cook red potato in oven,red potato,roast,grill
cookingworld:test:54119,N2,1,sup-t0795-arm_3-r01,environment_done,11,0,operation_to_ingredient_error,wrong_operation_for_ingredient,11,cook banana in barbeque,banana,grill,fry
cookingworld:test:53856,N2,1,sup-t0314-arm_3-r01,environment_done,13,0,operation_to_ingredient_error,wrong_operation_for_ingredient,13,cook red apple in barbeque,red apple,grill,fry
cookingworld:test:53487,R2,2,sup-t0036-arm_2-r02,environment_done,11,0,operation_to_ingredient_error,wrong_operation_for_ingredient,11,cook pork chop in oven,pork chop,roast,grill
cookingworld:test:53841,P,1,sup-t0162-arm_1-r01,environment_done,12,0,operation_to_ingredient_error,wrong_operation_for_ingredient,12,cook white onion in oven,white onion,roast,grill
cookingworld:test:52563,P,2,sup-t0222-arm_1-r02,environment_done,9,0,operation_to_ingredient_error,wrong_operation_for_ingredient,9,cook pork chop in stove,pork chop,fry,grill
cookingworld:test:52928,R2,1,sup-t0375-arm_2-r01,environment_done,7,0,operation_to_ingredient_error,wrong_operation_for_ingredient,7,cook red potato in barbeque,red potato,grill,roast
cookingworld:test:52145,R2,2,sup-t0227-arm_2-r02,environment_done,14,0,operation_to_ingredient_error,wrong_operation_for_ingredient,14,cook yellow potato in barbeque,yellow potato,grill,roast
cookingworld:test:52267,N2,2,sup-t0208-arm_3-r02,environment_done,9,0,premature_ingredient_consumption,ingredient_eaten_before_meal_completion,9,eat orange bell pepper,orange bell pepper,,
cookingworld:test:53995,N2,1,sup-t0160-arm_3-r01,environment_done,5,0,operation_to_ingredient_error,wrong_operation_for_ingredient,5,cook red potato in oven,red potato,roast,grill
cookingworld:test:53585,N2,2,sup-t0139-arm_3-r02,environment_done,6,0,operation_to_ingredient_error,wrong_operation_for_ingredient,6,cook red onion in oven,red onion,roast,grill
cookingworld:test:52640,P,1,sup-t0307-arm_1-r01,environment_done,7,0,operation_to_ingredient_error,wrong_operation_for_ingredient,7,cook pork chop in stove,pork chop,fry,grill
cookingworld:test:54004,R2,2,sup-t0680-arm_2-r02,environment_done,20,0,operation_to_ingredient_error,wrong_operation_for_ingredient,20,cook red hot pepper in barbeque,red hot pepper,grill,fry
cookingworld:test:53315,N2,2,sup-t0328-arm_3-r02,environment_done,15,0,operation_to_ingredient_error,wrong_operation_for_ingredient,15,cook chicken leg in barbeque,chicken leg,grill,roast
cookingworld:test:52004,R2,1,sup-t0642-arm_2-r01,environment_done,17,0,operation_to_ingredient_error,wrong_operation_for_ingredient,17,cook orange bell pepper in barbeque,orange bell pepper,grill,roast
cookingworld:test:53519,N2,1,sup-t0349-arm_3-r01,environment_done,8,0,premature_ingredient_consumption,ingredient_eaten_before_meal_completion,8,eat orange bell pepper,orange bell pepper,,
cookingworld:test:53476,N2,1,sup-t0046-arm_3-r01,environment_done,14,0,operation_to_ingredient_error,wrong_operation_for_ingredient,14,cook purple potato in stove,purple potato,fry,grill
cookingworld:test:53753,R2,2,sup-t0515-arm_2-r02,environment_done,11,0,operation_to_ingredient_error,wrong_operation_for_ingredient,11,cook carrot in stove,carrot,fry,grill
cookingworld:test:53522,P,2,sup-t0340-arm_1-r02,environment_done,10,0,operation_to_ingredient_error,wrong_operation_for_ingredient,10,cook white onion in stove,white onion,fry,grill
cookingworld:test:52470,N2,1,sup-t0164-arm_3-r01,environment_done,11,0,operation_to_ingredient_error,operation_on_nonrequired_or_completed_ingredient,11,cook carrot in barbeque,carrot,grill,
cookingworld:test:52264,P,1,sup-t0387-arm_1-r01,environment_done,8,0,operation_to_ingredient_error,wrong_operation_for_ingredient,8,cook carrot in stove,carrot,fry,grill
cookingworld:test:53260,P,2,sup-t0545-arm_1-r02,environment_done,13,0,operation_to_ingredient_error,wrong_operation_for_ingredient,13,cook yellow potato in barbeque,yellow potato,grill,roast
cookingworld:test:54029,P,1,sup-t0705-arm_1-r01,environment_done,7,0,operation_to_ingredient_error,wrong_operation_for_ingredient,7,cook carrot in stove,carrot,fry,grill
cookingworld:test:53308,P,1,sup-t0353-arm_1-r01,environment_done,10,0,operation_to_ingredient_error,wrong_operation_for_ingredient,10,cook red onion in oven,red onion,roast,grill
cookingworld:test:52563,R2,1,sup-t0222-arm_2-r01,environment_done,10,0,operation_to_ingredient_error,wrong_operation_for_ingredient,10,cook pork chop in stove,pork chop,fry,grill
cookingworld:test:54112,R2,2,sup-t0788-arm_2-r02,environment_done,10,0,operation_to_ingredient_error,wrong_operation_for_ingredient,10,cook pork chop in oven,pork chop,roast,grill
cookingworld:test:53734,N2,2,sup-t0171-arm_3-r02,environment_done,15,0,operation_to_ingredient_error,wrong_operation_for_ingredient,15,cook carrot in barbeque,carrot,grill,fry
cookingworld:test:52728,N2,1,sup-t0484-arm_3-r01,environment_done,3,0,premature_ingredient_consumption,ingredient_eaten_before_meal_completion,3,eat red apple,red apple,,
cookingworld:test:52285,N2,2,sup-t0270-arm_3-r02,environment_done,5,0,premature_ingredient_consumption,ingredient_eaten_before_meal_completion,5,eat red hot pepper,red hot pepper,,
cookingworld:test:52556,P,1,sup-t0037-arm_1-r01,environment_done,13,0,operation_to_ingredient_error,wrong_operation_for_ingredient,13,cook white onion in barbeque,white onion,grill,fry
cookingworld:test:53602,N2,1,sup-t0621-arm_3-r01,environment_done,14,0,operation_to_ingredient_error,wrong_operation_for_ingredient,14,cook orange bell pepper in barbeque,orange bell pepper,grill,roast
cookingworld:test:54121,N2,1,sup-t0797-arm_3-r01,environment_done,13,0,premature_ingredient_consumption,ingredient_eaten_before_meal_completion,13,eat orange bell pepper,orange bell pepper,,
cookingworld:test:54028,N2,2,sup-t0704-arm_3-r02,environment_done,17,0,operation_to_ingredient_error,wrong_operation_for_ingredient,17,cook orange bell pepper in barbeque,orange bell pepper,grill,roast
cookingworld:test:53995,N2,2,sup-t0160-arm_3-r02,environment_done,10,0,operation_to_ingredient_error,wrong_operation_for_ingredient,10,cook red potato in stove,red potato,fry,grill
cookingworld:test:52064,R2,1,sup-t0502-arm_2-r01,environment_done,13,0,operation_to_ingredient_error,wrong_operation_for_ingredient,13,cook red onion in barbeque,red onion,grill,roast
cookingworld:test:53096,N2,2,sup-t0605-arm_3-r02,environment_done,14,0,premature_ingredient_consumption,ingredient_eaten_before_meal_completion,14,eat yellow bell pepper,yellow bell pepper,,
cookingworld:test:52276,N2,2,sup-t0168-arm_3-r02,environment_done,10,0,operation_to_ingredient_error,wrong_operation_for_ingredient,10,cook orange bell pepper in stove,orange bell pepper,fry,grill
cookingworld:test:53835,P,2,sup-t0131-arm_1-r02,environment_done,9,0,operation_to_ingredient_error,wrong_operation_for_ingredient,9,cook white onion in stove,white onion,fry,grill
cookingworld:test:53257,P,1,sup-t0286-arm_1-r01,environment_done,13,0,operation_to_ingredient_error,wrong_operation_for_ingredient,13,cook banana in barbeque,banana,grill,fry
cookingworld:test:52707,P,1,sup-t0547-arm_1-r01,environment_done,20,0,operation_to_ingredient_error,wrong_operation_for_ingredient,20,cook yellow potato in barbeque,yellow potato,grill,roast
cookingworld:test:53111,P,1,sup-t0320-arm_1-r01,environment_done,12,0,operation_to_ingredient_error,wrong_operation_for_ingredient,12,cook white onion in stove,white onion,fry,grill
cookingworld:test:53825,N2,2,sup-t0457-arm_3-r02,environment_done,16,0,operation_to_ingredient_error,wrong_operation_for_ingredient,16,cook orange bell pepper in barbeque,orange bell pepper,grill,roast
cookingworld:test:53440,R2,1,sup-t0143-arm_2-r01,environment_done,15,0,operation_to_ingredient_error,wrong_operation_for_ingredient,15,cook pork chop in stove,pork chop,fry,grill
cookingworld:test:52806,P,1,sup-t0030-arm_1-r01,environment_done,8,0,operation_to_ingredient_error,wrong_operation_for_ingredient,8,cook pork chop in oven,pork chop,roast,grill
cookingworld:test:52041,P,2,sup-t0073-arm_1-r02,environment_done,12,0,operation_to_ingredient_error,wrong_operation_for_ingredient,12,cook red potato in barbeque,red potato,grill,roast
cookingworld:test:53094,N2,2,sup-t0083-arm_3-r02,environment_done,11,0,operation_to_ingredient_error,wrong_operation_for_ingredient,11,cook yellow potato in barbeque,yellow potato,grill,fry
cookingworld:test:53248,N2,2,sup-t0445-arm_3-r02,environment_done,9,0,operation_to_ingredient_error,wrong_operation_for_ingredient,9,cook pork chop in stove,pork chop,fry,grill
cookingworld:test:52639,N2,1,sup-t0089-arm_3-r01,environment_done,10,1,operation_to_ingredient_error,wrong_operation_for_ingredient,10,cook pork chop in stove,pork chop,fry,grill
cookingworld:test:52339,R2,2,sup-t0324-arm_2-r02,environment_done,10,0,operation_to_ingredient_error,wrong_operation_for_ingredient,10,cook white onion in barbeque,white onion,grill,fry
cookingworld:test:53835,N2,1,sup-t0131-arm_3-r01,environment_done,9,0,operation_to_ingredient_error,wrong_operation_for_ingredient,9,cook white onion in stove,white onion,fry,grill
cookingworld:test:53394,N2,1,sup-t0566-arm_3-r01,environment_done,8,0,operation_to_ingredient_error,wrong_operation_for_ingredient,8,cook pork chop in stove,pork chop,fry,grill
cookingworld:test:52331,N2,1,sup-t0391-arm_3-r01,environment_done,9,0,operation_to_ingredient_error,wrong_operation_for_ingredient,9,cook pork chop in stove,pork chop,fry,grill
cookingworld:test:54011,N2,2,sup-t0687-arm_3-r02,environment_done,10,0,operation_to_ingredient_error,wrong_operation_for_ingredient,10,cook pork chop in oven,pork chop,roast,grill
cookingworld:test:54085,P,2,sup-t0761-arm_1-r02,environment_done,14,0,operation_to_ingredient_error,wrong_operation_for_ingredient,14,cook red onion in barbeque,red onion,grill,roast
cookingworld:test:52079,N2,1,sup-t0523-arm_3-r01,environment_done,9,0,operation_to_ingredient_error,wrong_operation_for_ingredient,9,cook yellow potato in barbeque,yellow potato,grill,fry
cookingworld:test:53790,P,1,sup-t0190-arm_1-r01,environment_done,20,0,premature_ingredient_consumption,ingredient_eaten_before_meal_completion,20,eat yellow bell pepper,yellow bell pepper,,
cookingworld:test:52883,N2,1,sup-t0563-arm_3-r01,environment_done,11,0,operation_to_ingredient_error,operation_on_nonrequired_or_completed_ingredient,11,cook red hot pepper in barbeque,red hot pepper,grill,
cookingworld:test:52695,N2,2,sup-t0544-arm_3-r02,environment_done,12,0,operation_to_ingredient_error,operation_on_nonrequired_or_completed_ingredient,12,cook carrot in barbeque,carrot,grill,
cookingworld:test:53312,N2,1,sup-t0230-arm_3-r01,environment_done,16,1,operation_to_ingredient_error,wrong_operation_for_ingredient,16,chop red hot pepper,red hot pepper,chop,dice
cookingworld:test:53079,N2,1,sup-t0489-arm_3-r01,environment_done,6,0,operation_to_ingredient_error,wrong_operation_for_ingredient,6,cook red onion in stove,red onion,fry,grill
cookingworld:test:53789,N2,2,sup-t0469-arm_3-r02,environment_done,14,0,operation_to_ingredient_error,wrong_operation_for_ingredient,14,cook carrot in stove,carrot,fry,grill
cookingworld:test:52682,P,1,sup-t0191-arm_1-r01,environment_done,7,0,operation_to_ingredient_error,wrong_operation_for_ingredient,7,cook chicken leg in barbeque,chicken leg,grill,roast
cookingworld:test:53544,N2,2,sup-t0252-arm_3-r02,environment_done,9,0,operation_to_ingredient_error,wrong_operation_for_ingredient,9,cook pork chop in stove,pork chop,fry,grill
cookingworld:test:54010,N2,1,sup-t0686-arm_3-r01,environment_done,11,0,operation_to_ingredient_error,wrong_operation_for_ingredient,11,cook orange bell pepper in oven,orange bell pepper,roast,grill
cookingworld:test:52207,R2,1,sup-t0588-arm_2-r01,environment_done,10,0,operation_to_ingredient_error,wrong_operation_for_ingredient,10,cook red hot pepper in barbeque,red hot pepper,grill,fry
cookingworld:test:52195,N2,1,sup-t0095-arm_3-r01,environment_done,10,0,operation_to_ingredient_error,wrong_operation_for_ingredient,10,cook orange bell pepper in barbeque,orange bell pepper,grill,roast
cookingworld:test:53099,P,2,sup-t0505-arm_1-r02,environment_done,11,0,operation_to_ingredient_error,wrong_operation_for_ingredient,11,cook banana in barbeque,banana,grill,fry
cookingworld:test:53365,N2,2,sup-t0279-arm_3-r02,environment_done,10,0,operation_to_ingredient_error,wrong_operation_for_ingredient,10,cook pork chop in stove,pork chop,fry,grill
cookingworld:test:52738,N2,1,sup-t0323-arm_3-r01,environment_done,11,0,operation_to_ingredient_error,wrong_operation_for_ingredient,11,cook carrot in barbeque,carrot,grill,fry
cookingworld:test:53067,N2,2,sup-t0346-arm_3-r02,environment_done,10,0,operation_to_ingredient_error,wrong_operation_for_ingredient,10,cook red potato in oven,red potato,roast,grill
cookingworld:test:54031,R2,2,sup-t0707-arm_2-r02,environment_done,29,0,premature_ingredient_consumption,ingredient_eaten_before_meal_completion,29,eat carrot,carrot,,
cookingworld:test:53585,R2,1,sup-t0139-arm_2-r01,environment_done,7,0,operation_to_ingredient_error,wrong_operation_for_ingredient,7,cook red onion in oven,red onion,roast,grill
cookingworld:test:53447,N2,1,sup-t0049-arm_3-r01,environment_done,10,0,operation_to_ingredient_error,wrong_operation_for_ingredient,10,cook white onion in stove,white onion,fry,grill
cookingworld:test:54091,N2,2,sup-t0767-arm_3-r02,environment_done,18,1,operation_to_ingredient_error,wrong_operation_for_ingredient,18,dice red onion,red onion,dice,chop
cookingworld:test:53778,N2,2,sup-t0236-arm_3-r02,environment_done,9,0,operation_to_ingredient_error,wrong_operation_for_ingredient,9,cook red hot pepper in oven,red hot pepper,roast,grill
cookingworld:test:53248,P,1,sup-t0445-arm_1-r01,environment_done,16,0,operation_to_ingredient_error,wrong_operation_for_ingredient,16,cook pork chop in stove,pork chop,fry,grill
cookingworld:test:54060,R2,2,sup-t0736-arm_2-r02,environment_done,16,0,operation_to_ingredient_error,wrong_operation_for_ingredient,16,cook red potato in barbeque,red potato,grill,roast
cookingworld:test:53194,N2,2,sup-t0381-arm_3-r02,environment_done,4,0,operation_to_ingredient_error,wrong_operation_for_ingredient,4,cook red apple in stove,red apple,fry,grill
cookingworld:test:52853,N2,2,sup-t0158-arm_3-r02,environment_done,7,0,operation_to_ingredient_error,wrong_operation_for_ingredient,7,cook purple potato in stove,purple potato,fry,grill
cookingworld:test:53186,N2,2,sup-t0437-arm_3-r02,environment_done,10,0,operation_to_ingredient_error,wrong_operation_for_ingredient,10,cook orange bell pepper in barbeque,orange bell pepper,grill,roast
cookingworld:test:53163,N2,1,sup-t0187-arm_3-r01,environment_done,8,0,operation_to_ingredient_error,wrong_operation_for_ingredient,8,cook red potato in stove,red potato,fry,grill
cookingworld:test:53865,N2,1,sup-t0626-arm_3-r01,environment_done,8,0,operation_to_ingredient_error,wrong_operation_for_ingredient,8,cook yellow bell pepper in stove,yellow bell pepper,fry,grill
cookingworld:test:53187,N2,2,sup-t0021-arm_3-r02,environment_done,10,0,operation_to_ingredient_error,wrong_operation_for_ingredient,10,cook red apple in barbeque,red apple,grill,roast
cookingworld:test:54091,P,1,sup-t0767-arm_1-r01,environment_done,13,0,operation_to_ingredient_error,wrong_operation_for_ingredient,13,cook block of cheese in barbeque,block of cheese,grill,fry
cookingworld:test:53695,N2,2,sup-t0422-arm_3-r02,environment_done,5,0,operation_to_ingredient_error,wrong_operation_for_ingredient,5,cook red apple in stove,red apple,fry,grill
cookingworld:test:53078,P,2,sup-t0336-arm_1-r02,environment_done,7,0,operation_to_ingredient_error,wrong_operation_for_ingredient,7,cook pork chop in stove,pork chop,fry,grill
cookingworld:test:53498,N2,2,sup-t0226-arm_3-r02,environment_done,7,0,operation_to_ingredient_error,wrong_operation_for_ingredient,7,cook red onion in stove,red onion,fry,grill
cookingworld:test:53035,N2,2,sup-t0347-arm_3-r02,environment_done,6,0,operation_to_ingredient_error,wrong_operation_for_ingredient,6,cook red apple in stove,red apple,fry,grill
cookingworld:test:52802,N2,1,sup-t0242-arm_3-r01,environment_done,10,0,operation_to_ingredient_error,wrong_operation_for_ingredient,10,cook red potato in barbeque,red potato,grill,roast
cookingworld:test:53789,R2,2,sup-t0469-arm_2-r02,environment_done,8,0,operation_to_ingredient_error,wrong_operation_for_ingredient,8,cook carrot in oven,carrot,roast,grill
cookingworld:test:53758,P,1,sup-t0182-arm_1-r01,max_steps,50,0,navigation_or_step_limit_failure,step_limit_without_irreversible_recipe_error,,,,,
cookingworld:test:54024,N2,2,sup-t0700-arm_3-r02,environment_done,9,0,operation_to_ingredient_error,operation_on_nonrequired_or_completed_ingredient,9,cook yellow bell pepper in barbeque,yellow bell pepper,grill,
cookingworld:test:54009,P,1,sup-t0685-arm_1-r01,environment_done,15,0,operation_to_ingredient_error,wrong_operation_for_ingredient,15,cook yellow potato in barbeque,yellow potato,grill,roast
cookingworld:test:52794,N2,1,sup-t0432-arm_3-r01,environment_done,16,1,premature_ingredient_consumption,ingredient_eaten_before_meal_completion,16,eat yellow bell pepper,yellow bell pepper,,
cookingworld:test:53967,N2,2,sup-t0283-arm_3-r02,max_steps,50,1,navigation_or_step_limit_failure,step_limit_without_irreversible_recipe_error,,,,,
cookingworld:test:53728,R2,2,sup-t0128-arm_2-r02,environment_done,24,0,operation_to_ingredient_error,wrong_operation_for_ingredient,24,cook banana in barbeque,banana,grill,fry
cookingworld:test:54100,R2,1,sup-t0776-arm_2-r01,environment_done,12,0,operation_to_ingredient_error,wrong_operation_for_ingredient,12,cook pork chop in stove,pork chop,fry,grill
cookingworld:test:53306,N2,2,sup-t0463-arm_3-r02,environment_done,6,0,premature_ingredient_consumption,ingredient_eaten_before_meal_completion,6,eat red hot pepper,red hot pepper,,
cookingworld:test:54022,N2,2,sup-t0698-arm_3-r02,environment_done,17,0,operation_to_ingredient_error,wrong_operation_for_ingredient,17,cook yellow potato in barbeque,yellow potato,grill,roast
cookingworld:test:53448,N2,1,sup-t0181-arm_3-r01,environment_done,9,0,operation_to_ingredient_error,wrong_operation_for_ingredient,9,cook pork chop in stove,pork chop,fry,grill
cookingworld:test:52671,P,1,sup-t0313-arm_1-r01,environment_done,13,0,operation_to_ingredient_error,wrong_operation_for_ingredient,13,cook yellow potato in barbeque,yellow potato,grill,fry
cookingworld:test:52410,N2,1,sup-t0007-arm_3-r01,environment_done,4,0,operation_to_ingredient_error,wrong_operation_for_ingredient,4,cook red apple in stove,red apple,fry,grill
cookingworld:test:53490,N2,1,sup-t0657-arm_3-r01,environment_done,8,0,operation_to_ingredient_error,wrong_operation_for_ingredient,8,cook white onion in stove,white onion,fry,grill
cookingworld:test:53032,N2,1,sup-t0259-arm_3-r01,environment_done,5,0,operation_to_ingredient_error,wrong_operation_for_ingredient,5,cook red apple in stove,red apple,fry,grill
cookingworld:test:52000,N2,2,sup-t0093-arm_3-r02,environment_done,6,0,operation_to_ingredient_error,wrong_operation_for_ingredient,6,cook red potato in stove,red potato,fry,grill
cookingworld:test:52989,P,2,sup-t0113-arm_1-r02,environment_done,7,0,operation_to_ingredient_error,wrong_operation_for_ingredient,7,cook red potato in barbeque,red potato,grill,roast
cookingworld:test:54060,R2,1,sup-t0736-arm_2-r01,environment_done,10,0,operation_to_ingredient_error,wrong_operation_for_ingredient,10,cook red potato in barbeque,red potato,grill,roast
cookingworld:test:53595,R2,1,sup-t0669-arm_2-r01,environment_done,7,0,operation_to_ingredient_error,wrong_operation_for_ingredient,7,cook red onion in stove,red onion,fry,grill
cookingworld:test:52917,N2,1,sup-t0231-arm_3-r01,environment_done,22,0,premature_ingredient_consumption,ingredient_eaten_before_meal_completion,22,eat carrot,carrot,,
cookingworld:test:52854,N2,1,sup-t0024-arm_3-r01,environment_done,6,0,operation_to_ingredient_error,wrong_operation_for_ingredient,6,cook red onion in stove,red onion,fry,grill
cookingworld:test:54086,P,2,sup-t0762-arm_1-r02,environment_done,12,0,operation_to_ingredient_error,wrong_operation_for_ingredient,12,cook chicken leg in barbeque,chicken leg,grill,roast
cookingworld:test:53592,N2,2,sup-t0211-arm_3-r02,environment_done,17,0,operation_to_ingredient_error,wrong_operation_for_ingredient,17,cook orange bell pepper in barbeque,orange bell pepper,grill,fry
cookingworld:test:52937,N2,1,sup-t0539-arm_3-r01,environment_done,8,0,operation_to_ingredient_error,wrong_operation_for_ingredient,8,cook pork chop in stove,pork chop,fry,grill
cookingworld:test:52915,N2,1,sup-t0041-arm_3-r01,environment_done,9,0,premature_ingredient_consumption,ingredient_eaten_before_meal_completion,9,eat carrot,carrot,,
cookingworld:test:52802,N2,2,sup-t0242-arm_3-r02,environment_done,9,0,operation_to_ingredient_error,wrong_operation_for_ingredient,9,cook red potato in barbeque,red potato,grill,roast
cookingworld:test:52581,P,2,sup-t0205-arm_1-r02,environment_done,10,0,operation_to_ingredient_error,wrong_operation_for_ingredient,10,cook red hot pepper in barbeque,red hot pepper,grill,fry
cookingworld:test:53079,R2,1,sup-t0489-arm_2-r01,environment_done,7,0,operation_to_ingredient_error,wrong_operation_for_ingredient,7,cook red onion in oven,red onion,roast,grill
cookingworld:test:52549,N2,1,sup-t0342-arm_3-r01,environment_done,6,0,operation_to_ingredient_error,wrong_operation_for_ingredient,6,cook red potato in oven,red potato,roast,grill
cookingworld:test:53498,N2,1,sup-t0226-arm_3-r01,environment_done,7,0,operation_to_ingredient_error,wrong_operation_for_ingredient,7,cook red onion in stove,red onion,fry,grill
cookingworld:test:52064,N2,1,sup-t0502-arm_3-r01,environment_done,11,0,operation_to_ingredient_error,wrong_operation_for_ingredient,11,cook red onion in barbeque,red onion,grill,roast
cookingworld:test:52312,N2,2,sup-t0298-arm_3-r02,environment_done,8,0,operation_to_ingredient_error,wrong_operation_for_ingredient,8,cook pork chop in stove,pork chop,fry,grill
cookingworld:test:53132,P,1,sup-t0506-arm_1-r01,environment_done,14,0,operation_to_ingredient_error,wrong_operation_for_ingredient,14,cook yellow potato in barbeque,yellow potato,grill,roast
cookingworld:test:52853,P,2,sup-t0158-arm_1-r02,environment_done,11,0,operation_to_ingredient_error,wrong_operation_for_ingredient,11,cook purple potato in stove,purple potato,fry,grill
cookingworld:test:53689,P,2,sup-t0358-arm_1-r02,max_steps,50,0,navigation_or_step_limit_failure,step_limit_without_irreversible_recipe_error,,,,,
cookingworld:test:53159,P,1,sup-t0438-arm_1-r01,environment_done,8,0,operation_to_ingredient_error,wrong_operation_for_ingredient,8,cook white onion in stove,white onion,fry,dice
cookingworld:test:52728,N2,2,sup-t0484-arm_3-r02,environment_done,4,0,premature_ingredient_consumption,ingredient_eaten_before_meal_completion,4,eat red apple,red apple,,
cookingworld:test:52380,P,2,sup-t0360-arm_1-r02,environment_done,10,0,operation_to_ingredient_error,wrong_operation_for_ingredient,10,cook orange bell pepper in oven,orange bell pepper,roast,grill
cookingworld:test:53240,N2,2,sup-t0051-arm_3-r02,environment_done,7,0,operation_to_ingredient_error,wrong_operation_for_ingredient,7,cook pork chop in stove,pork chop,fry,grill
cookingworld:test:54083,N2,2,sup-t0759-arm_3-r02,environment_done,13,1,operation_to_ingredient_error,wrong_operation_for_ingredient,13,cook orange bell pepper in oven,orange bell pepper,roast,grill
cookingworld:test:53501,N2,2,sup-t0651-arm_3-r02,environment_done,13,0,operation_to_ingredient_error,wrong_operation_for_ingredient,13,cook red apple in barbeque,red apple,grill,roast
cookingworld:test:53165,N2,1,sup-t0464-arm_3-r01,environment_done,7,0,premature_ingredient_consumption,ingredient_eaten_before_meal_completion,7,eat red onion,red onion,,
cookingworld:test:52276,P,1,sup-t0168-arm_1-r01,environment_done,9,0,operation_to_ingredient_error,wrong_operation_for_ingredient,9,cook orange bell pepper in stove,orange bell pepper,fry,grill
cookingworld:test:52534,R2,1,sup-t0510-arm_2-r01,environment_done,6,0,operation_to_ingredient_error,wrong_operation_for_ingredient,6,cook yellow bell pepper in stove,yellow bell pepper,fry,grill
cookingworld:test:52238,N2,2,sup-t0503-arm_3-r02,environment_done,8,0,operation_to_ingredient_error,wrong_operation_for_ingredient,8,cook carrot in stove,carrot,fry,grill
cookingworld:test:53468,N2,1,sup-t0055-arm_3-r01,environment_done,9,0,operation_to_ingredient_error,wrong_operation_for_ingredient,9,cook red hot pepper in stove,red hot pepper,fry,grill
cookingworld:test:53544,N2,1,sup-t0252-arm_3-r01,environment_done,9,0,operation_to_ingredient_error,wrong_operation_for_ingredient,9,cook pork chop in stove,pork chop,fry,grill
cookingworld:test:52676,R2,1,sup-t0120-arm_2-r01,environment_done,10,0,operation_to_ingredient_error,wrong_operation_for_ingredient,10,cook red onion in barbeque,red onion,grill,roast
cookingworld:test:53585,P,1,sup-t0139-arm_1-r01,environment_done,8,0,operation_to_ingredient_error,wrong_operation_for_ingredient,8,cook red onion in oven,red onion,roast,grill
cookingworld:test:52640,R2,1,sup-t0307-arm_2-r01,environment_done,10,0,operation_to_ingredient_error,operation_allocated_to_wrong_ingredient_role,10,cook pork chop in oven,pork chop,roast,grill
cookingworld:test:52429,N2,2,sup-t0660-arm_3-r02,environment_done,9,0,operation_to_ingredient_error,wrong_operation_for_ingredient,9,cook banana in barbeque,banana,grill,fry
cookingworld:test:52338,R2,2,sup-t0504-arm_2-r02,environment_done,8,0,operation_to_ingredient_error,wrong_operation_for_ingredient,8,cook purple potato in stove,purple potato,fry,grill
cookingworld:test:52217,P,2,sup-t0470-arm_1-r02,environment_done,8,0,operation_to_ingredient_error,wrong_operation_for_ingredient,8,cook red apple in barbeque,red apple,grill,roast
cookingworld:test:53102,P,2,sup-t0058-arm_1-r02,environment_done,13,0,operation_to_ingredient_error,wrong_operation_for_ingredient,13,cook purple potato in barbeque,purple potato,grill,roast
cookingworld:test:53792,N2,2,sup-t0204-arm_3-r02,environment_done,9,0,operation_to_ingredient_error,wrong_operation_for_ingredient,9,cook pork chop in stove,pork chop,fry,grill
cookingworld:test:54095,R2,1,sup-t0771-arm_2-r01,environment_done,16,0,operation_to_ingredient_error,wrong_operation_for_ingredient,16,cook orange bell pepper in barbeque,orange bell pepper,grill,roast
cookingworld:test:53698,R2,1,sup-t0312-arm_2-r01,environment_done,13,0,operation_to_ingredient_error,wrong_operation_for_ingredient,13,cook red hot pepper in barbeque,red hot pepper,grill,fry
cookingworld:test:54029,N2,1,sup-t0705-arm_3-r01,environment_done,7,0,operation_to_ingredient_error,wrong_operation_for_ingredient,7,cook carrot in stove,carrot,fry,grill
cookingworld:test:52639,N2,2,sup-t0089-arm_3-r02,environment_done,9,0,operation_to_ingredient_error,wrong_operation_for_ingredient,9,cook pork chop in stove,pork chop,fry,grill
cookingworld:test:53035,R2,1,sup-t0347-arm_2-r01,environment_done,9,0,operation_to_ingredient_error,wrong_operation_for_ingredient,9,cook yellow bell pepper in oven,yellow bell pepper,roast,grill
cookingworld:test:52469,N2,2,sup-t0357-arm_3-r02,environment_done,14,0,premature_ingredient_consumption,ingredient_eaten_before_meal_completion,14,eat orange bell pepper,orange bell pepper,,
cookingworld:test:53931,N2,2,sup-t0023-arm_3-r02,environment_done,9,0,operation_to_ingredient_error,wrong_operation_for_ingredient,9,cook banana in barbeque,banana,grill,fry
cookingworld:test:53667,N2,1,sup-t0661-arm_3-r01,environment_done,8,0,operation_to_ingredient_error,wrong_operation_for_ingredient,8,cook pork chop in stove,pork chop,fry,grill
cookingworld:test:53067,P,2,sup-t0346-arm_1-r02,environment_done,10,0,operation_to_ingredient_error,wrong_operation_for_ingredient,10,cook red potato in oven,red potato,roast,grill
cookingworld:test:52815,R2,2,sup-t0091-arm_2-r02,environment_done,10,0,operation_to_ingredient_error,wrong_operation_for_ingredient,10,cook red potato in barbeque,red potato,grill,roast
cookingworld:test:52759,R2,2,sup-t0359-arm_2-r02,environment_done,9,0,operation_to_ingredient_error,wrong_operation_for_ingredient,9,cook carrot in oven,carrot,roast,grill
cookingworld:test:52806,N2,2,sup-t0030-arm_3-r02,environment_done,8,0,operation_to_ingredient_error,wrong_operation_for_ingredient,8,cook pork chop in oven,pork chop,roast,grill
cookingworld:test:54024,N2,1,sup-t0700-arm_3-r01,environment_done,10,0,operation_to_ingredient_error,operation_on_nonrequired_or_completed_ingredient,10,cook yellow bell pepper in barbeque,yellow bell pepper,grill,
cookingworld:test:53565,P,1,sup-t0194-arm_1-r01,environment_done,8,0,operation_to_ingredient_error,wrong_operation_for_ingredient,8,cook purple potato in stove,purple potato,fry,grill
cookingworld:test:53190,N2,2,sup-t0601-arm_3-r02,environment_done,8,0,operation_to_ingredient_error,wrong_operation_for_ingredient,8,cook orange bell pepper in stove,orange bell pepper,fry,grill
cookingworld:test:53123,R2,1,sup-t0260-arm_2-r01,environment_done,9,0,operation_to_ingredient_error,wrong_operation_for_ingredient,9,cook orange bell pepper in barbeque,orange bell pepper,grill,roast
cookingworld:test:52469,N2,1,sup-t0357-arm_3-r01,environment_done,12,0,premature_ingredient_consumption,ingredient_eaten_before_meal_completion,12,eat orange bell pepper,orange bell pepper,,
cookingworld:test:53005,N2,2,sup-t0015-arm_3-r02,environment_done,9,0,operation_to_ingredient_error,wrong_operation_for_ingredient,9,cook chicken leg in barbeque,chicken leg,grill,roast
cookingworld:test:53382,N2,1,sup-t0186-arm_3-r01,environment_done,16,0,operation_to_ingredient_error,wrong_operation_for_ingredient,16,cook white onion in stove,white onion,fry,grill
cookingworld:test:53427,N2,2,sup-t0209-arm_3-r02,environment_done,15,0,operation_to_ingredient_error,wrong_operation_for_ingredient,15,cook orange bell pepper in barbeque,orange bell pepper,grill,fry
cookingworld:test:53079,P,1,sup-t0489-arm_1-r01,environment_done,8,0,operation_to_ingredient_error,wrong_operation_for_ingredient,8,cook red onion in stove,red onion,fry,grill
cookingworld:test:52476,N2,2,sup-t0057-arm_3-r02,environment_done,8,0,operation_to_ingredient_error,wrong_operation_for_ingredient,8,cook pork chop in stove,pork chop,fry,grill
cookingworld:test:52197,N2,2,sup-t0650-arm_3-r02,environment_done,10,0,operation_to_ingredient_error,wrong_operation_for_ingredient,10,cook chicken wing in barbeque,chicken wing,grill,fry
cookingworld:test:52859,R2,2,sup-t0246-arm_2-r02,environment_done,11,0,operation_to_ingredient_error,wrong_operation_for_ingredient,11,cook pork chop in stove,pork chop,fry,grill
cookingworld:test:53094,P,1,sup-t0083-arm_1-r01,environment_done,8,0,operation_to_ingredient_error,wrong_operation_for_ingredient,8,cook yellow potato in barbeque,yellow potato,grill,fry
cookingworld:test:53632,N2,1,sup-t0407-arm_3-r01,environment_done,8,0,operation_to_ingredient_error,wrong_operation_for_ingredient,8,cook pork chop in stove,pork chop,fry,grill
cookingworld:test:53132,P,2,sup-t0506-arm_1-r02,environment_done,13,0,operation_to_ingredient_error,wrong_operation_for_ingredient,13,cook yellow potato in barbeque,yellow potato,grill,roast
cookingworld:test:53319,N2,1,sup-t0178-arm_3-r01,environment_done,3,0,operation_to_ingredient_error,wrong_operation_for_ingredient,3,cook red hot pepper in oven,red hot pepper,roast,grill
cookingworld:test:54072,N2,2,sup-t0748-arm_3-r02,environment_done,5,0,premature_ingredient_consumption,ingredient_eaten_before_meal_completion,5,eat block of cheese,block of cheese,,
cookingworld:test:53351,R2,1,sup-t0565-arm_2-r01,environment_done,7,0,operation_to_ingredient_error,operation_allocated_to_wrong_ingredient_role,7,cook yellow bell pepper in oven,yellow bell pepper,roast,chop
cookingworld:test:53101,N2,1,sup-t0555-arm_3-r01,environment_done,12,1,premature_ingredient_consumption,ingredient_eaten_before_meal_completion,12,eat red hot pepper,red hot pepper,,
cookingworld:test:52181,N2,2,sup-t0361-arm_3-r02,environment_done,8,0,operation_to_ingredient_error,wrong_operation_for_ingredient,8,cook yellow bell pepper in stove,yellow bell pepper,fry,grill
cookingworld:test:52119,N2,2,sup-t0392-arm_3-r02,environment_done,18,0,premature_ingredient_consumption,ingredient_eaten_before_meal_completion,18,eat white onion,white onion,,
cookingworld:test:54022,P,1,sup-t0698-arm_1-r01,environment_done,17,0,operation_to_ingredient_error,wrong_operation_for_ingredient,17,cook yellow potato in barbeque,yellow potato,grill,roast
cookingworld:test:52025,N2,2,sup-t0294-arm_3-r02,environment_done,10,1,operation_to_ingredient_error,wrong_operation_for_ingredient,10,cook pork chop in stove,pork chop,fry,grill
cookingworld:test:52210,N2,2,sup-t0263-arm_3-r02,environment_done,16,0,operation_to_ingredient_error,wrong_operation_for_ingredient,16,cook orange bell pepper in barbeque,orange bell pepper,grill,fry
cookingworld:test:54083,N2,1,sup-t0759-arm_3-r01,environment_done,9,1,operation_to_ingredient_error,wrong_operation_for_ingredient,9,cook orange bell pepper in oven,orange bell pepper,roast,dice
cookingworld:test:52030,N2,1,sup-t0468-arm_3-r01,environment_done,7,0,operation_to_ingredient_error,wrong_operation_for_ingredient,7,cook pork chop in stove,pork chop,fry,grill
cookingworld:test:54032,N2,2,sup-t0708-arm_3-r02,environment_done,4,0,operation_to_ingredient_error,wrong_operation_for_ingredient,4,cook red potato in oven,red potato,roast,grill
cookingworld:test:53209,N2,1,sup-t0114-arm_3-r01,environment_done,8,0,operation_to_ingredient_error,wrong_operation_for_ingredient,8,cook orange bell pepper in stove,orange bell pepper,fry,grill
cookingworld:test:54068,N2,1,sup-t0744-arm_3-r01,environment_done,8,0,operation_to_ingredient_error,wrong_operation_for_ingredient,8,cook yellow bell pepper in oven,yellow bell pepper,roast,grill
cookingworld:test:52312,N2,1,sup-t0298-arm_3-r01,environment_done,8,0,operation_to_ingredient_error,wrong_operation_for_ingredient,8,cook pork chop in stove,pork chop,fry,grill
cookingworld:test:54067,N2,2,sup-t0743-arm_3-r02,environment_done,11,0,operation_to_ingredient_error,operation_on_nonrequired_or_completed_ingredient,11,chop white onion,white onion,chop,
cookingworld:test:52854,R2,1,sup-t0024-arm_2-r01,environment_done,11,0,operation_to_ingredient_error,wrong_operation_for_ingredient,11,cook red onion in oven,red onion,roast,grill
cookingworld:test:54090,N2,1,sup-t0766-arm_3-r01,environment_done,18,0,operation_to_ingredient_error,wrong_operation_for_ingredient,18,cook red onion in barbeque,red onion,grill,roast
cookingworld:test:53693,N2,2,sup-t0628-arm_3-r02,environment_done,14,0,operation_to_ingredient_error,operation_on_nonrequired_or_completed_ingredient,14,cook banana in barbeque,banana,grill,
cookingworld:test:52429,R2,1,sup-t0660-arm_2-r01,environment_done,13,0,operation_to_ingredient_error,wrong_operation_for_ingredient,13,cook banana in barbeque,banana,grill,fry
cookingworld:test:54038,N2,1,sup-t0714-arm_3-r01,environment_done,6,0,premature_ingredient_consumption,ingredient_eaten_before_meal_completion,6,eat block of cheese,block of cheese,,
cookingworld:test:54086,P,1,sup-t0762-arm_1-r01,environment_done,12,0,operation_to_ingredient_error,wrong_operation_for_ingredient,12,cook red onion in barbeque,red onion,grill,roast
cookingworld:test:52493,P,1,sup-t0235-arm_1-r01,environment_done,15,0,operation_to_ingredient_error,wrong_operation_for_ingredient,15,cook purple potato in barbeque,purple potato,grill,roast
cookingworld:test:53728,R2,1,sup-t0128-arm_2-r01,environment_done,18,0,operation_to_ingredient_error,wrong_operation_for_ingredient,18,cook banana in barbeque,banana,grill,fry
cookingworld:test:52226,R2,1,sup-t0508-arm_2-r01,environment_done,9,0,operation_to_ingredient_error,wrong_operation_for_ingredient,9,cook pork chop in oven,pork chop,roast,grill
cookingworld:test:52076,N2,1,sup-t0177-arm_3-r01,environment_done,9,0,operation_to_ingredient_error,operation_on_nonrequired_or_completed_ingredient,9,cook white onion in barbeque,white onion,grill,
cookingworld:test:52534,N2,1,sup-t0510-arm_3-r01,environment_done,8,0,operation_to_ingredient_error,wrong_operation_for_ingredient,8,cook yellow bell pepper in stove,yellow bell pepper,fry,grill
cookingworld:test:52275,P,1,sup-t0529-arm_1-r01,environment_done,9,0,operation_to_ingredient_error,wrong_operation_for_ingredient,9,cook yellow potato in barbeque,yellow potato,grill,roast
cookingworld:test:53209,P,2,sup-t0114-arm_1-r02,environment_done,10,0,operation_to_ingredient_error,wrong_operation_for_ingredient,10,cook orange bell pepper in stove,orange bell pepper,fry,grill
cookingworld:test:54095,N2,1,sup-t0771-arm_3-r01,environment_done,14,0,operation_to_ingredient_error,wrong_operation_for_ingredient,14,cook orange bell pepper in barbeque,orange bell pepper,grill,roast
cookingworld:test:54055,N2,1,sup-t0731-arm_3-r01,environment_done,16,0,operation_to_ingredient_error,operation_on_nonrequired_or_completed_ingredient,16,chop red hot pepper,red hot pepper,chop,
cookingworld:test:53665,N2,2,sup-t0402-arm_3-r02,environment_done,11,0,operation_to_ingredient_error,operation_on_nonrequired_or_completed_ingredient,11,cook banana in barbeque,banana,grill,
cookingworld:test:53487,P,2,sup-t0036-arm_1-r02,environment_done,10,0,operation_to_ingredient_error,wrong_operation_for_ingredient,10,cook pork chop in stove,pork chop,fry,grill
cookingworld:test:52640,P,2,sup-t0307-arm_1-r02,environment_done,9,0,operation_to_ingredient_error,wrong_operation_for_ingredient,9,cook pork chop in stove,pork chop,fry,grill
cookingworld:test:53366,P,2,sup-t0575-arm_1-r02,environment_done,11,0,operation_to_ingredient_error,wrong_operation_for_ingredient,11,cook red potato in stove,red potato,fry,grill
cookingworld:test:54063,N2,2,sup-t0739-arm_3-r02,environment_done,9,0,operation_to_ingredient_error,wrong_operation_for_ingredient,9,cook chicken leg in barbeque,chicken leg,grill,roast
cookingworld:test:52937,N2,2,sup-t0539-arm_3-r02,environment_done,8,0,operation_to_ingredient_error,wrong_operation_for_ingredient,8,cook pork chop in stove,pork chop,fry,grill
cookingworld:test:52380,N2,1,sup-t0360-arm_3-r01,environment_done,12,0,operation_to_ingredient_error,wrong_operation_for_ingredient,12,cook orange bell pepper in oven,orange bell pepper,roast,grill
cookingworld:test:52928,P,2,sup-t0375-arm_1-r02,environment_done,8,0,operation_to_ingredient_error,wrong_operation_for_ingredient,8,cook red potato in barbeque,red potato,grill,roast
cookingworld:test:52859,P,2,sup-t0246-arm_1-r02,environment_done,14,0,operation_to_ingredient_error,wrong_operation_for_ingredient,14,cook pork chop in stove,pork chop,fry,grill
cookingworld:test:52258,N2,1,sup-t0455-arm_3-r01,environment_done,14,0,operation_to_ingredient_error,wrong_operation_for_ingredient,14,cook purple potato in barbeque,purple potato,grill,roast
cookingworld:test:53565,P,2,sup-t0194-arm_1-r02,environment_done,8,0,operation_to_ingredient_error,wrong_operation_for_ingredient,8,cook purple potato in stove,purple potato,fry,grill
cookingworld:test:53377,N2,2,sup-t0396-arm_3-r02,environment_done,16,0,operation_to_ingredient_error,wrong_operation_for_ingredient,16,cook red onion in barbeque,red onion,grill,roast
cookingworld:test:52928,R2,2,sup-t0375-arm_2-r02,environment_done,8,0,operation_to_ingredient_error,wrong_operation_for_ingredient,8,cook red potato in barbeque,red potato,grill,roast
cookingworld:test:53018,P,2,sup-t0308-arm_1-r02,environment_done,9,0,operation_to_ingredient_error,wrong_operation_for_ingredient,9,cook pork chop in stove,pork chop,fry,grill
cookingworld:test:53869,N2,1,sup-t0537-arm_3-r01,environment_done,11,0,operation_to_ingredient_error,operation_on_nonrequired_or_completed_ingredient,11,cook yellow bell pepper in barbeque,yellow bell pepper,grill,
cookingworld:test:52806,R2,1,sup-t0030-arm_2-r01,environment_done,8,0,operation_to_ingredient_error,wrong_operation_for_ingredient,8,cook pork chop in oven,pork chop,roast,grill
cookingworld:test:54063,N2,1,sup-t0739-arm_3-r01,environment_done,9,0,operation_to_ingredient_error,wrong_operation_for_ingredient,9,cook chicken leg in barbeque,chicken leg,grill,roast
cookingworld:test:52430,P,2,sup-t0197-arm_1-r02,environment_done,12,0,operation_to_ingredient_error,wrong_operation_for_ingredient,12,cook yellow potato in barbeque,yellow potato,grill,fry
cookingworld:test:52905,P,2,sup-t0133-arm_1-r02,environment_done,15,0,operation_to_ingredient_error,wrong_operation_for_ingredient,15,cook yellow bell pepper in stove,yellow bell pepper,fry,grill
cookingworld:test:54122,R2,2,sup-t0798-arm_2-r02,environment_done,17,0,operation_to_ingredient_error,wrong_operation_for_ingredient,17,cook red apple in barbeque,red apple,grill,roast
cookingworld:test:52217,N2,1,sup-t0470-arm_3-r01,environment_done,10,0,operation_to_ingredient_error,wrong_operation_for_ingredient,10,cook red apple in barbeque,red apple,grill,roast
cookingworld:test:53905,N2,2,sup-t0099-arm_3-r02,environment_done,8,0,premature_ingredient_consumption,ingredient_eaten_before_meal_completion,8,eat block of cheese,block of cheese,,
cookingworld:test:53872,P,1,sup-t0561-arm_1-r01,environment_done,18,0,operation_to_ingredient_error,wrong_operation_for_ingredient,18,cook red hot pepper in barbeque,red hot pepper,grill,fry
cookingworld:test:53077,R2,1,sup-t0431-arm_2-r01,environment_done,10,0,operation_to_ingredient_error,wrong_operation_for_ingredient,10,cook red onion in oven,red onion,roast,grill
cookingworld:test:54068,N2,2,sup-t0744-arm_3-r02,environment_done,8,0,operation_to_ingredient_error,wrong_operation_for_ingredient,8,cook yellow bell pepper in oven,yellow bell pepper,roast,grill
cookingworld:test:53257,R2,2,sup-t0286-arm_2-r02,environment_done,15,0,operation_to_ingredient_error,wrong_operation_for_ingredient,15,cook banana in barbeque,banana,grill,fry
cookingworld:test:54086,N2,1,sup-t0762-arm_3-r01,environment_done,15,0,operation_to_ingredient_error,wrong_operation_for_ingredient,15,cook red onion in barbeque,red onion,grill,roast
cookingworld:test:53993,R2,2,sup-t0233-arm_2-r02,environment_done,16,0,operation_to_ingredient_error,wrong_operation_for_ingredient,16,cook orange bell pepper in barbeque,orange bell pepper,grill,fry
cookingworld:test:52560,N2,2,sup-t0524-arm_3-r02,environment_done,9,0,operation_to_ingredient_error,operation_on_nonrequired_or_completed_ingredient,9,cook red hot pepper in barbeque,red hot pepper,grill,
cookingworld:test:53067,N2,1,sup-t0346-arm_3-r01,environment_done,9,0,operation_to_ingredient_error,operation_allocated_to_wrong_ingredient_role,9,cook red potato in stove,red potato,fry,grill
cookingworld:test:52805,N2,2,sup-t0634-arm_3-r02,environment_done,14,0,premature_ingredient_consumption,ingredient_eaten_before_meal_completion,14,eat red onion,red onion,,
cookingworld:test:52285,N2,1,sup-t0270-arm_3-r01,environment_done,5,0,premature_ingredient_consumption,ingredient_eaten_before_meal_completion,5,eat red hot pepper,red hot pepper,,
cookingworld:test:52890,N2,1,sup-t0350-arm_3-r01,environment_done,10,0,operation_to_ingredient_error,wrong_operation_for_ingredient,10,cook red potato in barbeque,red potato,grill,roast
cookingworld:test:52330,N2,1,sup-t0497-arm_3-r01,environment_done,9,0,operation_to_ingredient_error,wrong_operation_for_ingredient,9,cook pork chop in stove,pork chop,fry,grill
cookingworld:test:52450,N2,1,sup-t0501-arm_3-r01,environment_done,11,0,operation_to_ingredient_error,wrong_operation_for_ingredient,11,cook carrot in barbeque,carrot,grill,fry
cookingworld:test:53896,N2,1,sup-t0486-arm_3-r01,environment_done,14,0,premature_ingredient_consumption,ingredient_eaten_before_meal_completion,14,eat cilantro,cilantro,,
cookingworld:test:52613,R2,2,sup-t0004-arm_2-r02,environment_done,15,0,operation_to_ingredient_error,wrong_operation_for_ingredient,15,cook red hot pepper in barbeque,red hot pepper,grill,fry
cookingworld:test:53192,N2,1,sup-t0553-arm_3-r01,environment_done,7,0,operation_to_ingredient_error,wrong_operation_for_ingredient,7,cook pork chop in stove,pork chop,fry,grill
cookingworld:test:52330,N2,2,sup-t0497-arm_3-r02,environment_done,9,0,operation_to_ingredient_error,wrong_operation_for_ingredient,9,cook pork chop in stove,pork chop,fry,grill
cookingworld:test:54022,P,2,sup-t0698-arm_1-r02,environment_done,16,0,operation_to_ingredient_error,wrong_operation_for_ingredient,16,cook yellow potato in barbeque,yellow potato,grill,roast
cookingworld:test:52893,P,1,sup-t0221-arm_1-r01,environment_done,12,0,operation_to_ingredient_error,wrong_operation_for_ingredient,12,cook red apple in stove,red apple,fry,grill
cookingworld:test:54053,P,1,sup-t0729-arm_1-r01,environment_done,14,0,operation_to_ingredient_error,wrong_operation_for_ingredient,14,cook red potato in barbeque,red potato,grill,roast
cookingworld:test:53163,N2,2,sup-t0187-arm_3-r02,environment_done,5,0,operation_to_ingredient_error,wrong_operation_for_ingredient,5,cook red potato in stove,red potato,fry,grill
cookingworld:test:54116,N2,1,sup-t0792-arm_3-r01,environment_done,14,0,operation_to_ingredient_error,operation_on_nonrequired_or_completed_ingredient,14,cook carrot in barbeque,carrot,grill,
cookingworld:test:52759,P,1,sup-t0359-arm_1-r01,environment_done,15,0,operation_to_ingredient_error,wrong_operation_for_ingredient,15,cook carrot in oven,carrot,roast,grill
cookingworld:test:54060,P,1,sup-t0736-arm_1-r01,environment_done,17,0,operation_to_ingredient_error,wrong_operation_for_ingredient,17,cook red potato in barbeque,red potato,grill,roast
cookingworld:test:53213,P,2,sup-t0370-arm_1-r02,environment_done,11,0,operation_to_ingredient_error,operation_allocated_to_wrong_ingredient_role,11,cook chicken leg in barbeque,chicken leg,grill,roast
cookingworld:test:52237,N2,2,sup-t0482-arm_3-r02,environment_done,7,0,operation_to_ingredient_error,wrong_operation_for_ingredient,7,cook purple potato in oven,purple potato,roast,grill
cookingworld:test:52237,N2,1,sup-t0482-arm_3-r01,environment_done,9,0,operation_to_ingredient_error,wrong_operation_for_ingredient,9,cook purple potato in oven,purple potato,roast,grill
cookingworld:test:54090,N2,2,sup-t0766-arm_3-r02,environment_done,14,0,operation_to_ingredient_error,wrong_operation_for_ingredient,14,cook red onion in barbeque,red onion,grill,roast
cookingworld:test:53293,R2,1,sup-t0646-arm_2-r01,environment_done,12,0,operation_to_ingredient_error,wrong_operation_for_ingredient,12,cook purple potato in barbeque,purple potato,grill,roast
cookingworld:test:54087,P,2,sup-t0763-arm_1-r02,environment_done,13,0,operation_to_ingredient_error,wrong_operation_for_ingredient,13,cook red potato in barbeque,red potato,grill,roast
cookingworld:test:54101,N2,2,sup-t0777-arm_3-r02,environment_done,8,0,operation_to_ingredient_error,wrong_operation_for_ingredient,8,cook pork chop in oven,pork chop,roast,grill
cookingworld:test:54117,N2,1,sup-t0793-arm_3-r01,environment_done,10,0,operation_to_ingredient_error,operation_on_nonrequired_or_completed_ingredient,10,cook yellow bell pepper in barbeque,yellow bell pepper,grill,
cookingworld:test:52214,N2,1,sup-t0172-arm_3-r01,environment_done,9,0,operation_to_ingredient_error,operation_on_nonrequired_or_completed_ingredient,9,cook banana in barbeque,banana,grill,
cookingworld:test:54060,P,2,sup-t0736-arm_1-r02,environment_done,16,0,operation_to_ingredient_error,wrong_operation_for_ingredient,16,cook red potato in barbeque,red potato,grill,roast
cookingworld:test:52937,P,2,sup-t0539-arm_1-r02,environment_done,9,0,operation_to_ingredient_error,wrong_operation_for_ingredient,9,cook pork chop in stove,pork chop,fry,grill
cookingworld:test:53329,N2,2,sup-t0296-arm_3-r02,environment_done,9,0,operation_to_ingredient_error,wrong_operation_for_ingredient,9,cook pork chop in stove,pork chop,fry,grill
cookingworld:test:53484,R2,1,sup-t0528-arm_2-r01,environment_done,11,0,premature_ingredient_consumption,ingredient_eaten_before_meal_completion,11,eat block of cheese,block of cheese,,
cookingworld:test:52353,N2,2,sup-t0017-arm_3-r02,environment_done,3,0,premature_ingredient_consumption,ingredient_eaten_before_meal_completion,3,eat red apple,red apple,,
cookingworld:test:52894,R2,2,sup-t0199-arm_2-r02,environment_done,16,0,operation_to_ingredient_error,wrong_operation_for_ingredient,16,cook banana in barbeque,banana,grill,fry
cookingworld:test:52506,R2,2,sup-t0423-arm_2-r02,environment_done,8,0,operation_to_ingredient_error,wrong_operation_for_ingredient,8,cook orange bell pepper in barbeque,orange bell pepper,grill,roast
cookingworld:test:53085,R2,1,sup-t0097-arm_2-r01,environment_done,12,0,operation_to_ingredient_error,wrong_operation_for_ingredient,12,cook white onion in barbeque,white onion,grill,fry
cookingworld:test:54010,N2,2,sup-t0686-arm_3-r02,environment_done,14,0,operation_to_ingredient_error,wrong_operation_for_ingredient,14,cook orange bell pepper in oven,orange bell pepper,roast,grill
cookingworld:test:53667,N2,2,sup-t0661-arm_3-r02,environment_done,7,0,operation_to_ingredient_error,wrong_operation_for_ingredient,7,cook pork chop in stove,pork chop,fry,grill
cookingworld:test:53490,P,2,sup-t0657-arm_1-r02,environment_done,9,0,operation_to_ingredient_error,wrong_operation_for_ingredient,9,cook white onion in stove,white onion,fry,grill
cookingworld:test:52148,N2,2,sup-t0495-arm_3-r02,environment_done,6,0,operation_to_ingredient_error,wrong_operation_for_ingredient,6,cook red potato in stove,red potato,fry,grill
cookingworld:test:52960,N2,2,sup-t0064-arm_3-r02,environment_done,7,0,operation_to_ingredient_error,wrong_operation_for_ingredient,7,cook pork chop in stove,pork chop,fry,grill
cookingworld:test:53675,N2,1,sup-t0417-arm_3-r01,environment_done,5,0,operation_to_ingredient_error,wrong_operation_for_ingredient,5,cook purple potato in stove,purple potato,fry,grill
cookingworld:test:52802,R2,1,sup-t0242-arm_2-r01,environment_done,13,0,operation_to_ingredient_error,wrong_operation_for_ingredient,13,cook red potato in barbeque,red potato,grill,roast
cookingworld:test:53132,R2,1,sup-t0506-arm_2-r01,environment_done,15,0,operation_to_ingredient_error,wrong_operation_for_ingredient,15,cook yellow potato in barbeque,yellow potato,grill,roast
cookingworld:test:54000,N2,1,sup-t0676-arm_3-r01,environment_done,10,0,operation_to_ingredient_error,wrong_operation_for_ingredient,10,cook yellow bell pepper in stove,yellow bell pepper,fry,grill
cookingworld:test:52231,N2,2,sup-t0056-arm_3-r02,environment_done,9,0,premature_ingredient_consumption,ingredient_eaten_before_meal_completion,9,eat white onion,white onion,,
cookingworld:test:53447,R2,2,sup-t0049-arm_2-r02,environment_done,10,0,operation_to_ingredient_error,wrong_operation_for_ingredient,10,cook white onion in stove,white onion,fry,grill
cookingworld:test:52330,P,2,sup-t0497-arm_1-r02,environment_done,10,0,operation_to_ingredient_error,wrong_operation_for_ingredient,10,cook pork chop in oven,pork chop,roast,grill
cookingworld:test:53257,N2,1,sup-t0286-arm_3-r01,environment_done,13,0,operation_to_ingredient_error,wrong_operation_for_ingredient,13,cook banana in barbeque,banana,grill,fry
cookingworld:test:52902,P,1,sup-t0101-arm_1-r01,environment_done,8,0,operation_to_ingredient_error,wrong_operation_for_ingredient,8,cook red potato in barbeque,red potato,grill,roast
cookingworld:test:52540,N2,1,sup-t0072-arm_3-r01,environment_done,12,0,operation_to_ingredient_error,operation_on_nonrequired_or_completed_ingredient,12,cook red onion in barbeque,red onion,grill,
cookingworld:test:52328,N2,1,sup-t0103-arm_3-r01,environment_done,7,0,operation_to_ingredient_error,operation_allocated_to_wrong_ingredient_role,7,cook pork chop in stove,pork chop,fry,grill
cookingworld:test:53634,N2,2,sup-t0129-arm_3-r02,environment_done,20,1,premature_ingredient_consumption,ingredient_eaten_before_meal_completion,20,eat orange bell pepper,orange bell pepper,,
cookingworld:test:52732,P,2,sup-t0022-arm_1-r02,environment_done,10,0,operation_to_ingredient_error,wrong_operation_for_ingredient,10,cook red potato in oven,red potato,roast,grill
cookingworld:test:53319,R2,2,sup-t0178-arm_2-r02,environment_done,5,0,operation_to_ingredient_error,wrong_operation_for_ingredient,5,cook red hot pepper in oven,red hot pepper,roast,grill
cookingworld:test:52000,P,2,sup-t0093-arm_1-r02,environment_done,8,0,operation_to_ingredient_error,wrong_operation_for_ingredient,8,cook red potato in oven,red potato,roast,grill
cookingworld:test:53257,N2,2,sup-t0286-arm_3-r02,environment_done,11,0,operation_to_ingredient_error,wrong_operation_for_ingredient,11,cook banana in barbeque,banana,grill,fry
cookingworld:test:54022,N2,1,sup-t0698-arm_3-r01,environment_done,14,0,operation_to_ingredient_error,wrong_operation_for_ingredient,14,cook yellow potato in barbeque,yellow potato,grill,roast
cookingworld:test:52059,R2,1,sup-t0435-arm_2-r01,environment_done,10,0,operation_to_ingredient_error,wrong_operation_for_ingredient,10,cook carrot in stove,carrot,fry,dice
cookingworld:test:52808,R2,2,sup-t0043-arm_2-r02,environment_done,16,0,operation_to_ingredient_error,wrong_operation_for_ingredient,16,cook yellow potato in barbeque,yellow potato,grill,roast
cookingworld:test:53133,N2,1,sup-t0405-arm_3-r01,environment_done,13,0,operation_to_ingredient_error,wrong_operation_for_ingredient,13,cook white onion in barbeque,white onion,grill,fry
cookingworld:test:53077,N2,2,sup-t0431-arm_3-r02,environment_done,9,0,operation_to_ingredient_error,wrong_operation_for_ingredient,9,cook red onion in oven,red onion,roast,grill
cookingworld:test:52493,R2,1,sup-t0235-arm_2-r01,environment_done,13,0,operation_to_ingredient_error,wrong_operation_for_ingredient,13,cook purple potato in barbeque,purple potato,grill,roast
cookingworld:test:52424,N2,2,sup-t0412-arm_3-r02,environment_done,8,0,operation_to_ingredient_error,wrong_operation_for_ingredient,8,cook red potato in barbeque,red potato,grill,roast
cookingworld:test:53447,P,2,sup-t0049-arm_1-r02,environment_done,13,0,operation_to_ingredient_error,wrong_operation_for_ingredient,13,cook white onion in stove,white onion,fry,grill
cookingworld:test:53937,N2,2,sup-t0153-arm_3-r02,environment_done,11,0,operation_to_ingredient_error,wrong_operation_for_ingredient,11,cook pork chop in oven,pork chop,roast,grill
cookingworld:test:52312,R2,1,sup-t0298-arm_2-r01,environment_done,9,0,operation_to_ingredient_error,wrong_operation_for_ingredient,9,cook pork chop in stove,pork chop,fry,grill
cookingworld:test:53308,P,2,sup-t0353-arm_1-r02,environment_done,10,0,operation_to_ingredient_error,wrong_operation_for_ingredient,10,cook red onion in oven,red onion,roast,grill
cookingworld:test:52346,N2,1,sup-t0169-arm_3-r01,environment_done,5,0,operation_to_ingredient_error,operation_allocated_to_wrong_ingredient_role,5,cook chicken leg in stove,chicken leg,fry,roast
cookingworld:test:53501,P,2,sup-t0651-arm_1-r02,environment_done,8,0,operation_to_ingredient_error,wrong_operation_for_ingredient,8,cook red apple in barbeque,red apple,grill,roast
cookingworld:test:52805,P,2,sup-t0634-arm_1-r02,environment_done,13,0,operation_to_ingredient_error,wrong_operation_for_ingredient,13,cook red potato in stove,red potato,fry,grill
cookingworld:test:52962,R2,2,sup-t0184-arm_2-r02,environment_done,10,0,operation_to_ingredient_error,wrong_operation_for_ingredient,10,cook red potato in barbeque,red potato,grill,roast
cookingworld:test:52831,R2,2,sup-t0433-arm_2-r02,environment_done,12,0,premature_ingredient_consumption,ingredient_eaten_before_meal_completion,12,eat block of cheese,block of cheese,,
cookingworld:test:53872,N2,2,sup-t0561-arm_3-r02,environment_done,15,0,operation_to_ingredient_error,wrong_operation_for_ingredient,15,cook red hot pepper in barbeque,red hot pepper,grill,fry
cookingworld:test:52615,N2,1,sup-t0373-arm_3-r01,environment_done,9,0,operation_to_ingredient_error,wrong_operation_for_ingredient,9,cook red apple in barbeque,red apple,grill,roast
cookingworld:test:52430,P,1,sup-t0197-arm_1-r01,environment_done,11,0,operation_to_ingredient_error,wrong_operation_for_ingredient,11,cook yellow potato in barbeque,yellow potato,grill,fry
cookingworld:test:52011,N2,1,sup-t0020-arm_3-r01,environment_done,8,0,premature_ingredient_consumption,ingredient_eaten_before_meal_completion,8,eat orange bell pepper,orange bell pepper,,
cookingworld:test:52524,R2,1,sup-t0442-arm_2-r01,environment_done,7,0,operation_to_ingredient_error,wrong_operation_for_ingredient,7,cook chicken leg in barbeque,chicken leg,grill,roast
cookingworld:test:53851,P,1,sup-t0092-arm_1-r01,environment_done,15,0,operation_to_ingredient_error,wrong_operation_for_ingredient,15,cook red onion in barbeque,red onion,grill,roast
cookingworld:test:54061,N2,1,sup-t0737-arm_3-r01,environment_done,9,0,premature_ingredient_consumption,ingredient_eaten_before_meal_completion,9,eat block of cheese,block of cheese,,
cookingworld:test:52674,N2,1,sup-t0118-arm_3-r01,environment_done,4,0,operation_to_ingredient_error,wrong_operation_for_ingredient,4,cook red apple in stove,red apple,fry,grill
cookingworld:test:54009,R2,2,sup-t0685-arm_2-r02,environment_done,18,0,operation_to_ingredient_error,wrong_operation_for_ingredient,18,cook yellow potato in barbeque,yellow potato,grill,roast
cookingworld:test:53078,N2,2,sup-t0336-arm_3-r02,environment_done,7,0,operation_to_ingredient_error,wrong_operation_for_ingredient,7,cook pork chop in stove,pork chop,fry,grill
cookingworld:test:52674,P,2,sup-t0118-arm_1-r02,environment_done,8,0,operation_to_ingredient_error,wrong_operation_for_ingredient,8,cook red apple in oven,red apple,roast,grill
cookingworld:test:54113,P,2,sup-t0789-arm_1-r02,environment_done,11,0,operation_to_ingredient_error,operation_allocated_to_wrong_ingredient_role,11,slice cilantro,cilantro,slice,chop
cookingworld:test:52905,N2,2,sup-t0133-arm_3-r02,environment_done,7,0,operation_to_ingredient_error,wrong_operation_for_ingredient,7,cook yellow bell pepper in stove,yellow bell pepper,fry,grill
cookingworld:test:53671,N2,2,sup-t0408-arm_3-r02,environment_done,10,0,operation_to_ingredient_error,wrong_operation_for_ingredient,10,cook chicken wing in barbeque,chicken wing,grill,fry
cookingworld:test:52587,N2,2,sup-t0465-arm_3-r02,environment_done,13,0,operation_to_ingredient_error,wrong_operation_for_ingredient,13,cook white onion in stove,white onion,fry,grill
cookingworld:test:53760,N2,1,sup-t0462-arm_3-r01,environment_done,3,0,operation_to_ingredient_error,wrong_operation_for_ingredient,3,cook red hot pepper in stove,red hot pepper,fry,grill
cookingworld:test:53227,N2,2,sup-t0014-arm_3-r02,environment_done,11,0,operation_to_ingredient_error,wrong_operation_for_ingredient,11,cook pork chop in oven,pork chop,roast,grill
cookingworld:test:52328,R2,1,sup-t0103-arm_2-r01,environment_done,9,0,operation_to_ingredient_error,wrong_operation_for_ingredient,9,cook pork chop in oven,pork chop,roast,grill
cookingworld:test:52385,N2,1,sup-t0372-arm_3-r01,environment_done,7,0,operation_to_ingredient_error,wrong_operation_for_ingredient,7,cook pork chop in stove,pork chop,fry,grill
cookingworld:test:52450,P,1,sup-t0501-arm_1-r01,environment_done,10,0,operation_to_ingredient_error,wrong_operation_for_ingredient,10,cook carrot in barbeque,carrot,grill,fry
cookingworld:test:52344,N2,2,sup-t0130-arm_3-r02,environment_done,8,0,operation_to_ingredient_error,wrong_operation_for_ingredient,8,cook red onion in stove,red onion,fry,grill
cookingworld:test:52602,R2,1,sup-t0274-arm_2-r01,environment_done,13,0,operation_to_ingredient_error,wrong_operation_for_ingredient,13,cook yellow bell pepper in stove,yellow bell pepper,fry,grill
cookingworld:test:52965,N2,2,sup-t0039-arm_3-r02,environment_done,10,1,operation_to_ingredient_error,wrong_operation_for_ingredient,10,cook carrot in oven,carrot,roast,grill
cookingworld:test:53190,N2,1,sup-t0601-arm_3-r01,environment_done,9,0,operation_to_ingredient_error,wrong_operation_for_ingredient,9,cook orange bell pepper in stove,orange bell pepper,fry,grill
cookingworld:test:52708,N2,1,sup-t0598-arm_3-r01,environment_done,10,0,operation_to_ingredient_error,operation_on_nonrequired_or_completed_ingredient,10,cook yellow bell pepper in barbeque,yellow bell pepper,grill,
cookingworld:test:52846,N2,1,sup-t0044-arm_3-r01,environment_done,4,0,operation_to_ingredient_error,wrong_operation_for_ingredient,4,cook purple potato in stove,purple potato,fry,grill
cookingworld:test:52853,N2,1,sup-t0158-arm_3-r01,environment_done,9,0,operation_to_ingredient_error,wrong_operation_for_ingredient,9,cook purple potato in stove,purple potato,fry,grill
cookingworld:test:53695,R2,2,sup-t0422-arm_2-r02,environment_done,9,0,operation_to_ingredient_error,wrong_operation_for_ingredient,9,cook red apple in oven,red apple,roast,grill
cookingworld:test:52246,N2,1,sup-t0579-arm_3-r01,environment_done,14,0,operation_to_ingredient_error,wrong_operation_for_ingredient,14,cook yellow potato in barbeque,yellow potato,grill,fry
cookingworld:test:52488,N2,2,sup-t0333-arm_3-r02,environment_done,14,0,premature_ingredient_consumption,ingredient_eaten_before_meal_completion,14,eat orange bell pepper,orange bell pepper,,
cookingworld:test:52773,P,1,sup-t0377-arm_1-r01,environment_done,10,0,operation_to_ingredient_error,wrong_operation_for_ingredient,10,cook red onion in barbeque,red onion,grill,roast
cookingworld:test:52145,P,1,sup-t0227-arm_1-r01,environment_done,9,0,operation_to_ingredient_error,wrong_operation_for_ingredient,9,cook yellow potato in barbeque,yellow potato,grill,roast
cookingworld:test:53018,N2,2,sup-t0308-arm_3-r02,environment_done,12,1,operation_to_ingredient_error,wrong_operation_for_ingredient,12,cook pork chop in stove,pork chop,fry,grill
cookingworld:test:52584,N2,2,sup-t0593-arm_3-r02,environment_done,11,0,operation_to_ingredient_error,wrong_operation_for_ingredient,11,cook chicken leg in barbeque,chicken leg,grill,roast
cookingworld:test:53448,N2,2,sup-t0181-arm_3-r02,environment_done,9,0,operation_to_ingredient_error,wrong_operation_for_ingredient,9,cook pork chop in stove,pork chop,fry,grill
cookingworld:test:52615,R2,2,sup-t0373-arm_2-r02,environment_done,9,0,operation_to_ingredient_error,wrong_operation_for_ingredient,9,cook red apple in barbeque,red apple,grill,roast
cookingworld:test:53946,N2,2,sup-t0406-arm_3-r02,environment_done,6,0,operation_to_ingredient_error,wrong_operation_for_ingredient,6,cook red onion in stove,red onion,fry,grill
cookingworld:test:53099,N2,1,sup-t0505-arm_3-r01,environment_done,11,0,operation_to_ingredient_error,wrong_operation_for_ingredient,11,cook banana in barbeque,banana,grill,fry
cookingworld:test:53946,N2,1,sup-t0406-arm_3-r01,environment_done,6,0,operation_to_ingredient_error,wrong_operation_for_ingredient,6,cook red onion in stove,red onion,fry,grill
cookingworld:test:52264,R2,2,sup-t0387-arm_2-r02,environment_done,12,0,operation_to_ingredient_error,wrong_operation_for_ingredient,12,cook block of cheese in barbeque,block of cheese,grill,roast
cookingworld:test:52893,R2,1,sup-t0221-arm_2-r01,environment_done,6,0,operation_to_ingredient_error,wrong_operation_for_ingredient,6,cook red apple in stove,red apple,fry,grill
cookingworld:test:53032,N2,2,sup-t0259-arm_3-r02,environment_done,14,0,premature_ingredient_consumption,ingredient_eaten_before_meal_completion,14,eat red apple,red apple,,
cookingworld:test:52888,N2,2,sup-t0196-arm_3-r02,environment_done,9,0,operation_to_ingredient_error,wrong_operation_for_ingredient,9,cook white onion in stove,white onion,fry,grill
cookingworld:test:54023,R2,2,sup-t0699-arm_2-r02,environment_done,12,0,operation_to_ingredient_error,wrong_operation_for_ingredient,12,cook white onion in barbeque,white onion,grill,fry
cookingworld:test:54041,R2,1,sup-t0717-arm_2-r01,environment_done,12,0,operation_to_ingredient_error,wrong_operation_for_ingredient,12,cook pork chop in stove,pork chop,fry,grill
cookingworld:test:53187,R2,1,sup-t0021-arm_2-r01,environment_done,9,0,operation_to_ingredient_error,wrong_operation_for_ingredient,9,cook red apple in barbeque,red apple,grill,roast
cookingworld:test:53644,R2,2,sup-t0010-arm_2-r02,environment_done,11,0,operation_to_ingredient_error,wrong_operation_for_ingredient,11,cook orange bell pepper in barbeque,orange bell pepper,grill,fry
cookingworld:test:53683,N2,1,sup-t0029-arm_3-r01,environment_done,4,0,operation_to_ingredient_error,wrong_operation_for_ingredient,4,cook red potato in stove,red potato,fry,grill
cookingworld:test:52805,P,1,sup-t0634-arm_1-r01,environment_done,11,0,operation_to_ingredient_error,operation_allocated_to_wrong_ingredient_role,11,cook red onion in barbeque,red onion,grill,roast
cookingworld:test:52805,N2,1,sup-t0634-arm_3-r01,environment_done,10,0,operation_to_ingredient_error,operation_allocated_to_wrong_ingredient_role,10,cook red onion in barbeque,red onion,grill,roast
cookingworld:test:52859,R2,1,sup-t0246-arm_2-r01,environment_done,14,1,operation_to_ingredient_error,wrong_operation_for_ingredient,14,cook pork chop in stove,pork chop,fry,grill
cookingworld:test:52806,R2,2,sup-t0030-arm_2-r02,environment_done,8,0,operation_to_ingredient_error,wrong_operation_for_ingredient,8,cook pork chop in oven,pork chop,roast,grill
cookingworld:test:53227,N2,1,sup-t0014-arm_3-r01,environment_done,11,0,operation_to_ingredient_error,wrong_operation_for_ingredient,11,cook pork chop in oven,pork chop,roast,grill
cookingworld:test:52488,N2,1,sup-t0333-arm_3-r01,environment_done,13,1,premature_ingredient_consumption,ingredient_eaten_before_meal_completion,13,eat orange bell pepper,orange bell pepper,,
cookingworld:test:52839,P,2,sup-t0047-arm_1-r02,environment_done,16,0,operation_to_ingredient_error,wrong_operation_for_ingredient,16,cook purple potato in barbeque,purple potato,grill,roast
cookingworld:test:53825,P,2,sup-t0457-arm_1-r02,environment_done,15,0,operation_to_ingredient_error,wrong_operation_for_ingredient,15,cook orange bell pepper in barbeque,orange bell pepper,grill,roast
cookingworld:test:52668,P,2,sup-t0652-arm_1-r02,environment_done,8,0,operation_to_ingredient_error,wrong_operation_for_ingredient,8,cook chicken leg in barbeque,chicken leg,grill,roast
cookingworld:test:52431,R2,1,sup-t0302-arm_2-r01,environment_done,8,0,operation_to_ingredient_error,wrong_operation_for_ingredient,8,cook pork chop in stove,pork chop,fry,grill
cookingworld:test:52411,N2,1,sup-t0367-arm_3-r01,environment_done,10,0,operation_to_ingredient_error,wrong_operation_for_ingredient,10,cook orange bell pepper in stove,orange bell pepper,fry,grill
cookingworld:test:52511,N2,1,sup-t0559-arm_3-r01,environment_done,7,0,operation_to_ingredient_error,wrong_operation_for_ingredient,7,cook pork chop in stove,pork chop,fry,grill
cookingworld:test:52956,R2,2,sup-t0028-arm_2-r02,environment_done,4,0,premature_ingredient_consumption,ingredient_eaten_before_meal_completion,4,eat red apple,red apple,,
cookingworld:test:53012,N2,1,sup-t0214-arm_3-r01,environment_done,7,0,premature_ingredient_consumption,ingredient_eaten_before_meal_completion,7,eat orange bell pepper,orange bell pepper,,
cookingworld:test:52424,P,2,sup-t0412-arm_1-r02,environment_done,11,0,operation_to_ingredient_error,wrong_operation_for_ingredient,11,cook red potato in barbeque,red potato,grill,roast
cookingworld:test:53096,N2,1,sup-t0605-arm_3-r01,environment_done,12,0,operation_to_ingredient_error,wrong_operation_for_ingredient,12,cook yellow bell pepper in stove,yellow bell pepper,fry,grill
cookingworld:test:52450,P,2,sup-t0501-arm_1-r02,environment_done,9,0,operation_to_ingredient_error,wrong_operation_for_ingredient,9,cook carrot in barbeque,carrot,grill,fry
cookingworld:test:53260,R2,1,sup-t0545-arm_2-r01,environment_done,20,0,operation_to_ingredient_error,wrong_operation_for_ingredient,20,cook yellow potato in barbeque,yellow potato,grill,roast
cookingworld:test:54090,R2,2,sup-t0766-arm_2-r02,environment_done,18,0,operation_to_ingredient_error,wrong_operation_for_ingredient,18,cook red onion in barbeque,red onion,grill,roast
cookingworld:test:53995,P,1,sup-t0160-arm_1-r01,environment_done,2,0,operation_to_ingredient_error,wrong_operation_for_ingredient,2,cook red potato in stove,red potato,fry,grill
cookingworld:test:53643,N2,2,sup-t0398-arm_3-r02,environment_done,12,0,premature_ingredient_consumption,ingredient_eaten_before_meal_completion,12,eat block of cheese,block of cheese,,
cookingworld:test:53498,P,2,sup-t0226-arm_1-r02,environment_done,16,0,operation_to_ingredient_error,wrong_operation_for_ingredient,16,cook yellow potato in barbeque,yellow potato,grill,roast
cookingworld:test:53872,P,2,sup-t0561-arm_1-r02,environment_done,14,0,operation_to_ingredient_error,wrong_operation_for_ingredient,14,cook red hot pepper in barbeque,red hot pepper,grill,fry
cookingworld:test:54055,R2,1,sup-t0731-arm_2-r01,environment_done,20,0,operation_to_ingredient_error,operation_on_nonrequired_or_completed_ingredient,20,slice red hot pepper,red hot pepper,slice,
cookingworld:test:54110,N2,2,sup-t0786-arm_3-r02,environment_done,12,0,operation_to_ingredient_error,wrong_operation_for_ingredient,12,cook yellow bell pepper in stove,yellow bell pepper,fry,grill
cookingworld:test:53366,N2,2,sup-t0575-arm_3-r02,environment_done,6,0,operation_to_ingredient_error,wrong_operation_for_ingredient,6,cook red potato in stove,red potato,fry,grill
cookingworld:test:52748,R2,2,sup-t0483-arm_2-r02,environment_done,12,0,operation_to_ingredient_error,wrong_operation_for_ingredient,12,cook carrot in barbeque,carrot,grill,fry
cookingworld:test:53186,R2,2,sup-t0437-arm_2-r02,environment_done,7,0,operation_to_ingredient_error,wrong_operation_for_ingredient,7,cook orange bell pepper in barbeque,orange bell pepper,grill,roast
cookingworld:test:52750,N2,1,sup-t0134-arm_3-r01,environment_done,7,0,operation_to_ingredient_error,wrong_operation_for_ingredient,7,cook red onion in stove,red onion,fry,grill
cookingworld:test:52773,P,2,sup-t0377-arm_1-r02,environment_done,9,0,operation_to_ingredient_error,wrong_operation_for_ingredient,9,cook red onion in barbeque,red onion,grill,roast
cookingworld:test:54110,N2,1,sup-t0786-arm_3-r01,environment_done,11,0,operation_to_ingredient_error,wrong_operation_for_ingredient,11,cook yellow bell pepper in stove,yellow bell pepper,fry,grill
cookingworld:test:52210,P,2,sup-t0263-arm_1-r02,environment_done,11,0,operation_to_ingredient_error,wrong_operation_for_ingredient,11,cook orange bell pepper in barbeque,orange bell pepper,grill,fry
cookingworld:test:54104,R2,2,sup-t0780-arm_2-r02,environment_done,9,0,operation_to_ingredient_error,wrong_operation_for_ingredient,9,cook pork chop in oven,pork chop,roast,grill
cookingworld:test:54104,N2,1,sup-t0780-arm_3-r01,environment_done,13,0,operation_to_ingredient_error,wrong_operation_for_ingredient,13,cook pork chop in stove,pork chop,fry,grill
cookingworld:test:53522,N2,2,sup-t0340-arm_3-r02,environment_done,8,0,operation_to_ingredient_error,wrong_operation_for_ingredient,8,cook white onion in stove,white onion,fry,grill
cookingworld:test:53869,N2,2,sup-t0537-arm_3-r02,environment_done,13,0,operation_to_ingredient_error,operation_on_nonrequired_or_completed_ingredient,13,cook yellow bell pepper in barbeque,yellow bell pepper,grill,
cookingworld:test:54082,R2,2,sup-t0758-arm_2-r02,environment_done,16,0,operation_to_ingredient_error,wrong_operation_for_ingredient,16,cook purple potato in barbeque,purple potato,grill,roast
cookingworld:test:52195,P,2,sup-t0095-arm_1-r02,environment_done,13,0,operation_to_ingredient_error,wrong_operation_for_ingredient,13,cook orange bell pepper in barbeque,orange bell pepper,grill,roast
cookingworld:test:54090,R2,1,sup-t0766-arm_2-r01,environment_done,19,0,operation_to_ingredient_error,wrong_operation_for_ingredient,19,cook red onion in barbeque,red onion,grill,roast
cookingworld:test:54032,P,1,sup-t0708-arm_1-r01,environment_done,10,0,operation_to_ingredient_error,wrong_operation_for_ingredient,10,cook red potato in stove,red potato,fry,grill
cookingworld:test:52854,R2,2,sup-t0024-arm_2-r02,environment_done,10,0,operation_to_ingredient_error,wrong_operation_for_ingredient,10,cook red onion in oven,red onion,roast,grill
cookingworld:test:53173,N2,2,sup-t0623-arm_3-r02,environment_done,8,0,operation_to_ingredient_error,wrong_operation_for_ingredient,8,cook pork chop in oven,pork chop,roast,grill
cookingworld:test:52195,P,1,sup-t0095-arm_1-r01,environment_done,13,0,operation_to_ingredient_error,wrong_operation_for_ingredient,13,cook orange bell pepper in barbeque,orange bell pepper,grill,roast
cookingworld:test:53345,P,2,sup-t0085-arm_1-r02,environment_done,10,0,operation_to_ingredient_error,wrong_operation_for_ingredient,10,cook red onion in barbeque,red onion,grill,slice
cookingworld:test:53210,R2,1,sup-t0268-arm_2-r01,environment_done,14,0,operation_to_ingredient_error,wrong_operation_for_ingredient,14,cook red onion in barbeque,red onion,grill,roast
cookingworld:test:53495,N2,2,sup-t0611-arm_3-r02,environment_done,10,0,operation_to_ingredient_error,wrong_operation_for_ingredient,10,cook white onion in stove,white onion,fry,grill
cookingworld:test:52493,N2,2,sup-t0235-arm_3-r02,environment_done,19,0,operation_to_ingredient_error,wrong_operation_for_ingredient,19,cook purple potato in barbeque,purple potato,grill,roast
cookingworld:test:54012,R2,2,sup-t0688-arm_2-r02,environment_done,17,0,operation_to_ingredient_error,wrong_operation_for_ingredient,17,cook purple potato in barbeque,purple potato,grill,roast
cookingworld:test:53079,P,2,sup-t0489-arm_1-r02,environment_done,7,0,operation_to_ingredient_error,wrong_operation_for_ingredient,7,cook red onion in stove,red onion,fry,grill
cookingworld:test:53685,N2,1,sup-t0521-arm_3-r01,environment_done,18,0,premature_ingredient_consumption,ingredient_eaten_before_meal_completion,18,eat yellow bell pepper,yellow bell pepper,,
cookingworld:test:53667,P,1,sup-t0661-arm_1-r01,environment_done,7,0,operation_to_ingredient_error,wrong_operation_for_ingredient,7,cook pork chop in stove,pork chop,fry,grill
cookingworld:test:53993,R2,1,sup-t0233-arm_2-r01,environment_done,15,0,operation_to_ingredient_error,wrong_operation_for_ingredient,15,cook orange bell pepper in barbeque,orange bell pepper,grill,fry
cookingworld:test:52854,P,1,sup-t0024-arm_1-r01,environment_done,10,0,operation_to_ingredient_error,wrong_operation_for_ingredient,10,cook red onion in oven,red onion,roast,grill
cookingworld:test:53427,N2,1,sup-t0209-arm_3-r01,environment_done,14,0,operation_to_ingredient_error,wrong_operation_for_ingredient,14,cook orange bell pepper in barbeque,orange bell pepper,grill,fry
cookingworld:test:52601,R2,1,sup-t0079-arm_2-r01,environment_done,8,0,operation_to_ingredient_error,wrong_operation_for_ingredient,8,cook red potato in oven,red potato,roast,grill
cookingworld:test:52688,N2,1,sup-t0078-arm_3-r01,environment_done,11,0,operation_to_ingredient_error,wrong_operation_for_ingredient,11,cook yellow bell pepper in stove,yellow bell pepper,fry,grill
cookingworld:test:54016,N2,1,sup-t0692-arm_3-r01,environment_done,11,0,operation_to_ingredient_error,wrong_operation_for_ingredient,11,cook purple potato in oven,purple potato,roast,grill
cookingworld:test:54012,R2,1,sup-t0688-arm_2-r01,environment_done,14,0,operation_to_ingredient_error,wrong_operation_for_ingredient,14,cook purple potato in barbeque,purple potato,grill,roast
cookingworld:test:52534,P,2,sup-t0510-arm_1-r02,environment_done,11,0,operation_to_ingredient_error,wrong_operation_for_ingredient,11,cook yellow bell pepper in stove,yellow bell pepper,fry,grill
cookingworld:test:53789,N2,1,sup-t0469-arm_3-r01,environment_done,12,0,premature_ingredient_consumption,ingredient_eaten_before_meal_completion,12,eat carrot,carrot,,
cookingworld:test:53812,N2,1,sup-t0127-arm_3-r01,max_steps,50,0,navigation_or_step_limit_failure,step_limit_without_irreversible_recipe_error,,,,,
cookingworld:test:54014,N2,2,sup-t0690-arm_3-r02,environment_done,10,0,operation_to_ingredient_error,operation_allocated_to_wrong_ingredient_role,10,cook pork chop in stove,pork chop,fry,grill
cookingworld:test:52331,N2,2,sup-t0391-arm_3-r02,environment_done,9,0,operation_to_ingredient_error,wrong_operation_for_ingredient,9,cook pork chop in stove,pork chop,fry,grill
cookingworld:test:52645,N2,2,sup-t0443-arm_3-r02,environment_done,15,0,premature_ingredient_consumption,ingredient_eaten_before_meal_completion,15,eat orange bell pepper,orange bell pepper,,
cookingworld:test:52457,N2,2,sup-t0076-arm_3-r02,environment_done,16,0,operation_to_ingredient_error,wrong_operation_for_ingredient,16,cook purple potato in oven,purple potato,roast,grill
cookingworld:test:52578,N2,1,sup-t0492-arm_3-r01,environment_done,9,0,operation_to_ingredient_error,wrong_operation_for_ingredient,9,cook red potato in barbeque,red potato,grill,roast
cookingworld:test:53577,N2,2,sup-t0461-arm_3-r02,environment_done,6,0,operation_to_ingredient_error,wrong_operation_for_ingredient,6,cook red hot pepper in oven,red hot pepper,roast,grill
cookingworld:test:52818,N2,1,sup-t0040-arm_3-r01,environment_done,10,0,operation_to_ingredient_error,wrong_operation_for_ingredient,10,cook white onion in stove,white onion,fry,dice
cookingworld:test:53931,N2,1,sup-t0023-arm_3-r01,environment_done,12,0,operation_to_ingredient_error,wrong_operation_for_ingredient,12,cook banana in barbeque,banana,grill,fry
cookingworld:test:52429,R2,2,sup-t0660-arm_2-r02,environment_done,15,0,operation_to_ingredient_error,wrong_operation_for_ingredient,15,cook banana in barbeque,banana,grill,fry
cookingworld:test:52076,N2,2,sup-t0177-arm_3-r02,environment_done,9,0,operation_to_ingredient_error,operation_on_nonrequired_or_completed_ingredient,9,cook white onion in barbeque,white onion,grill,
cookingworld:test:52107,P,2,sup-t0149-arm_1-r02,environment_done,11,0,operation_to_ingredient_error,wrong_operation_for_ingredient,11,cook carrot in oven,carrot,roast,grill
cookingworld:test:52226,P,2,sup-t0508-arm_1-r02,environment_done,8,0,operation_to_ingredient_error,wrong_operation_for_ingredient,8,cook pork chop in stove,pork chop,fry,grill
cookingworld:test:52342,N2,1,sup-t0388-arm_3-r01,environment_done,7,0,operation_to_ingredient_error,wrong_operation_for_ingredient,7,cook pork chop in stove,pork chop,fry,grill
cookingworld:test:52217,R2,1,sup-t0470-arm_2-r01,environment_done,8,0,operation_to_ingredient_error,wrong_operation_for_ingredient,8,cook red apple in barbeque,red apple,grill,roast
cookingworld:test:53824,N2,2,sup-t0068-arm_3-r02,environment_done,9,0,premature_ingredient_consumption,ingredient_eaten_before_meal_completion,9,eat block of cheese,block of cheese,,
cookingworld:test:52258,R2,2,sup-t0455-arm_2-r02,environment_done,18,0,operation_to_ingredient_error,wrong_operation_for_ingredient,18,cook purple potato in barbeque,purple potato,grill,roast
cookingworld:test:52197,N2,1,sup-t0650-arm_3-r01,environment_done,12,0,operation_to_ingredient_error,wrong_operation_for_ingredient,12,cook chicken wing in barbeque,chicken wing,grill,fry
cookingworld:test:54119,R2,2,sup-t0795-arm_2-r02,environment_done,14,0,operation_to_ingredient_error,wrong_operation_for_ingredient,14,cook banana in barbeque,banana,grill,fry
cookingworld:test:53923,N2,2,sup-t0356-arm_3-r02,environment_done,16,0,premature_ingredient_consumption,ingredient_eaten_before_meal_completion,16,eat yellow bell pepper,yellow bell pepper,,
cookingworld:test:54058,R2,1,sup-t0734-arm_2-r01,environment_done,5,0,operation_to_ingredient_error,operation_on_nonrequired_or_completed_ingredient,5,slice banana,banana,slice,
cookingworld:test:52385,P,2,sup-t0372-arm_1-r02,environment_done,8,0,operation_to_ingredient_error,wrong_operation_for_ingredient,8,cook pork chop in oven,pork chop,roast,grill
cookingworld:test:54023,N2,2,sup-t0699-arm_3-r02,environment_done,15,0,operation_to_ingredient_error,wrong_operation_for_ingredient,15,cook white onion in barbeque,white onion,grill,fry
cookingworld:test:52320,N2,2,sup-t0467-arm_3-r02,environment_done,14,0,operation_to_ingredient_error,wrong_operation_for_ingredient,14,cook carrot in stove,carrot,fry,grill
cookingworld:test:52556,N2,1,sup-t0037-arm_3-r01,environment_done,15,0,operation_to_ingredient_error,wrong_operation_for_ingredient,15,cook white onion in barbeque,white onion,grill,fry
cookingworld:test:54055,N2,2,sup-t0731-arm_3-r02,environment_done,15,0,operation_to_ingredient_error,operation_on_nonrequired_or_completed_ingredient,15,slice red hot pepper,red hot pepper,slice,
cookingworld:test:52344,N2,1,sup-t0130-arm_3-r01,environment_done,8,0,operation_to_ingredient_error,wrong_operation_for_ingredient,8,cook red onion in stove,red onion,fry,grill
cookingworld:test:54100,P,2,sup-t0776-arm_1-r02,environment_done,10,0,operation_to_ingredient_error,wrong_operation_for_ingredient,10,cook pork chop in oven,pork chop,roast,grill
cookingworld:test:52540,N2,2,sup-t0072-arm_3-r02,environment_done,12,0,operation_to_ingredient_error,operation_on_nonrequired_or_completed_ingredient,12,cook red onion in barbeque,red onion,grill,
cookingworld:test:53865,R2,1,sup-t0626-arm_2-r01,environment_done,10,0,operation_to_ingredient_error,wrong_operation_for_ingredient,10,cook yellow bell pepper in stove,yellow bell pepper,fry,grill
cookingworld:test:54085,R2,1,sup-t0761-arm_2-r01,environment_done,14,0,operation_to_ingredient_error,wrong_operation_for_ingredient,14,cook red onion in barbeque,red onion,grill,roast
cookingworld:test:53293,R2,2,sup-t0646-arm_2-r02,environment_done,12,0,operation_to_ingredient_error,wrong_operation_for_ingredient,12,cook purple potato in barbeque,purple potato,grill,roast
cookingworld:test:53579,N2,2,sup-t0140-arm_3-r02,environment_done,11,0,operation_to_ingredient_error,wrong_operation_for_ingredient,11,cook chicken leg in barbeque,chicken leg,grill,roast
cookingworld:test:53317,N2,1,sup-t0344-arm_3-r01,environment_done,8,0,operation_to_ingredient_error,wrong_operation_for_ingredient,8,cook purple potato in oven,purple potato,roast,grill
cookingworld:test:53753,N2,2,sup-t0515-arm_3-r02,environment_done,8,0,operation_to_ingredient_error,wrong_operation_for_ingredient,8,cook carrot in oven,carrot,roast,grill
cookingworld:test:53632,N2,2,sup-t0407-arm_3-r02,environment_done,8,0,operation_to_ingredient_error,wrong_operation_for_ingredient,8,cook pork chop in stove,pork chop,fry,grill
cookingworld:test:53179,P,2,sup-t0636-arm_1-r02,environment_done,8,0,operation_to_ingredient_error,wrong_operation_for_ingredient,8,cook yellow potato in barbeque,yellow potato,grill,fry
cookingworld:test:52258,R2,1,sup-t0455-arm_2-r01,environment_done,20,0,operation_to_ingredient_error,wrong_operation_for_ingredient,20,cook purple potato in barbeque,purple potato,grill,roast
cookingworld:test:53825,P,1,sup-t0457-arm_1-r01,environment_done,14,0,operation_to_ingredient_error,wrong_operation_for_ingredient,14,cook orange bell pepper in barbeque,orange bell pepper,grill,roast
cookingworld:test:52921,N2,2,sup-t0098-arm_3-r02,max_steps,50,1,navigation_or_step_limit_failure,step_limit_without_irreversible_recipe_error,,,,,
cookingworld:test:53454,P,2,sup-t0383-arm_1-r02,environment_done,7,0,operation_to_ingredient_error,wrong_operation_for_ingredient,7,cook purple potato in barbeque,purple potato,grill,roast
cookingworld:test:52155,N2,1,sup-t0517-arm_3-r01,environment_done,10,1,premature_ingredient_consumption,ingredient_eaten_before_meal_completion,10,eat red hot pepper,red hot pepper,,
cookingworld:test:52890,R2,1,sup-t0350-arm_2-r01,environment_done,18,0,operation_to_ingredient_error,wrong_operation_for_ingredient,18,cook red potato in barbeque,red potato,grill,roast
cookingworld:test:52601,N2,1,sup-t0079-arm_3-r01,environment_done,5,0,operation_to_ingredient_error,wrong_operation_for_ingredient,5,cook red potato in oven,red potato,roast,grill
cookingworld:test:53856,R2,1,sup-t0314-arm_2-r01,environment_done,8,0,operation_to_ingredient_error,wrong_operation_for_ingredient,8,cook red apple in barbeque,red apple,grill,fry
cookingworld:test:54119,N2,2,sup-t0795-arm_3-r02,environment_done,11,0,operation_to_ingredient_error,wrong_operation_for_ingredient,11,cook banana in barbeque,banana,grill,fry
cookingworld:test:52723,N2,1,sup-t0552-arm_3-r01,environment_done,8,0,operation_to_ingredient_error,wrong_operation_for_ingredient,8,cook pork chop in stove,pork chop,fry,grill
cookingworld:test:52054,N2,2,sup-t0201-arm_3-r02,environment_done,12,0,operation_to_ingredient_error,wrong_operation_for_ingredient,12,cook block of cheese in barbeque,block of cheese,grill,fry
cookingworld:test:54016,R2,1,sup-t0692-arm_2-r01,environment_done,12,0,operation_to_ingredient_error,wrong_operation_for_ingredient,12,cook purple potato in oven,purple potato,roast,grill
cookingworld:test:52965,R2,1,sup-t0039-arm_2-r01,environment_done,11,0,operation_to_ingredient_error,wrong_operation_for_ingredient,11,cook carrot in oven,carrot,roast,dice
cookingworld:test:52217,N2,2,sup-t0470-arm_3-r02,environment_done,9,0,operation_to_ingredient_error,wrong_operation_for_ingredient,9,cook red apple in barbeque,red apple,grill,roast
cookingworld:test:52004,N2,2,sup-t0642-arm_3-r02,environment_done,14,0,operation_to_ingredient_error,wrong_operation_for_ingredient,14,cook orange bell pepper in barbeque,orange bell pepper,grill,roast
cookingworld:test:52195,R2,1,sup-t0095-arm_2-r01,environment_done,10,0,operation_to_ingredient_error,wrong_operation_for_ingredient,10,cook orange bell pepper in barbeque,orange bell pepper,grill,roast
cookingworld:test:53447,P,1,sup-t0049-arm_1-r01,environment_done,13,0,operation_to_ingredient_error,wrong_operation_for_ingredient,13,cook white onion in stove,white onion,fry,grill
cookingworld:test:52997,R2,1,sup-t0289-arm_2-r01,environment_done,7,0,operation_to_ingredient_error,wrong_operation_for_ingredient,7,cook white onion in barbeque,white onion,grill,fry
cookingworld:test:52727,N2,1,sup-t0366-arm_3-r01,environment_done,8,0,operation_to_ingredient_error,operation_on_nonrequired_or_completed_ingredient,8,cook red hot pepper in barbeque,red hot pepper,grill,
cookingworld:test:52037,N2,2,sup-t0326-arm_3-r02,environment_done,12,0,operation_to_ingredient_error,wrong_operation_for_ingredient,12,cook yellow bell pepper in stove,yellow bell pepper,fry,grill
cookingworld:test:53327,N2,1,sup-t0257-arm_3-r01,environment_done,11,0,operation_to_ingredient_error,wrong_operation_for_ingredient,11,cook pork chop in stove,pork chop,fry,grill
cookingworld:test:52107,P,1,sup-t0149-arm_1-r01,environment_done,13,0,operation_to_ingredient_error,wrong_operation_for_ingredient,13,cook carrot in oven,carrot,roast,grill
cookingworld:test:52774,N2,1,sup-t0258-arm_3-r01,environment_done,10,0,operation_to_ingredient_error,wrong_operation_for_ingredient,10,cook yellow potato in barbeque,yellow potato,grill,fry
cookingworld:test:52079,N2,2,sup-t0523-arm_3-r02,environment_done,9,0,operation_to_ingredient_error,wrong_operation_for_ingredient,9,cook yellow potato in barbeque,yellow potato,grill,fry
cookingworld:test:53728,P,2,sup-t0128-arm_1-r02,environment_done,13,0,operation_to_ingredient_error,wrong_operation_for_ingredient,13,cook banana in barbeque,banana,grill,fry
cookingworld:test:52601,P,1,sup-t0079-arm_1-r01,environment_done,2,0,operation_to_ingredient_error,wrong_operation_for_ingredient,2,cook red potato in oven,red potato,roast,grill
cookingworld:test:54052,N2,1,sup-t0728-arm_3-r01,environment_done,19,0,premature_ingredient_consumption,ingredient_eaten_before_meal_completion,19,eat carrot,carrot,,
cookingworld:test:53905,N2,1,sup-t0099-arm_3-r01,environment_done,8,0,premature_ingredient_consumption,ingredient_eaten_before_meal_completion,8,eat block of cheese,block of cheese,,
cookingworld:test:52732,P,1,sup-t0022-arm_1-r01,environment_done,15,0,operation_to_ingredient_error,wrong_operation_for_ingredient,15,cook red potato in oven,red potato,roast,grill
cookingworld:test:53159,P,2,sup-t0438-arm_1-r02,environment_done,11,0,operation_to_ingredient_error,wrong_operation_for_ingredient,11,cook white onion in oven,white onion,roast,grill
cookingworld:test:54012,N2,2,sup-t0688-arm_3-r02,environment_done,14,0,operation_to_ingredient_error,wrong_operation_for_ingredient,14,cook purple potato in barbeque,purple potato,grill,roast
cookingworld:test:54111,P,2,sup-t0787-arm_1-r02,environment_done,10,0,operation_to_ingredient_error,wrong_operation_for_ingredient,10,cook red apple in stove,red apple,fry,grill
cookingworld:test:53664,R2,1,sup-t0054-arm_2-r01,environment_done,10,0,operation_to_ingredient_error,wrong_operation_for_ingredient,10,cook pork chop in stove,pork chop,fry,grill
cookingworld:test:52659,P,2,sup-t0608-arm_1-r02,environment_done,10,0,operation_to_ingredient_error,wrong_operation_for_ingredient,10,cook pork chop in stove,pork chop,fry,grill
cookingworld:test:53248,N2,1,sup-t0445-arm_3-r01,environment_done,10,0,operation_to_ingredient_error,wrong_operation_for_ingredient,10,cook pork chop in stove,pork chop,fry,grill
cookingworld:test:52948,N2,2,sup-t0117-arm_3-r02,environment_done,13,0,operation_to_ingredient_error,wrong_operation_for_ingredient,13,cook orange bell pepper in oven,orange bell pepper,roast,grill
cookingworld:test:52276,P,2,sup-t0168-arm_1-r02,environment_done,9,0,operation_to_ingredient_error,wrong_operation_for_ingredient,9,cook orange bell pepper in stove,orange bell pepper,fry,grill
cookingworld:test:53319,R2,1,sup-t0178-arm_2-r01,environment_done,5,0,operation_to_ingredient_error,wrong_operation_for_ingredient,5,cook red hot pepper in oven,red hot pepper,roast,grill
cookingworld:test:52603,P,2,sup-t0424-arm_1-r02,environment_done,11,0,operation_to_ingredient_error,wrong_operation_for_ingredient,11,cook yellow potato in barbeque,yellow potato,grill,fry
cookingworld:test:53516,P,2,sup-t0272-arm_1-r02,environment_done,8,0,operation_to_ingredient_error,wrong_operation_for_ingredient,8,cook chicken leg in barbeque,chicken leg,grill,roast
cookingworld:test:52681,N2,2,sup-t0179-arm_3-r02,environment_done,17,0,premature_ingredient_consumption,ingredient_eaten_before_meal_completion,17,eat orange bell pepper,orange bell pepper,,
cookingworld:test:53796,N2,1,sup-t0193-arm_3-r01,environment_done,7,0,premature_ingredient_consumption,ingredient_eaten_before_meal_completion,7,eat block of cheese,block of cheese,,
cookingworld:test:53324,N2,1,sup-t0596-arm_3-r01,environment_done,10,0,operation_to_ingredient_error,wrong_operation_for_ingredient,10,cook chicken wing in barbeque,chicken wing,grill,fry
cookingworld:test:53351,N2,2,sup-t0565-arm_3-r02,environment_done,12,0,operation_to_ingredient_error,wrong_operation_for_ingredient,12,cook yellow bell pepper in stove,yellow bell pepper,fry,grill
cookingworld:test:53585,R2,2,sup-t0139-arm_2-r02,environment_done,7,0,operation_to_ingredient_error,wrong_operation_for_ingredient,7,cook red onion in oven,red onion,roast,grill
cookingworld:test:52613,N2,2,sup-t0004-arm_3-r02,environment_done,14,0,operation_to_ingredient_error,wrong_operation_for_ingredient,14,cook red hot pepper in barbeque,red hot pepper,grill,fry
cookingworld:test:52594,N2,1,sup-t0116-arm_3-r01,environment_done,12,0,premature_ingredient_consumption,ingredient_eaten_before_meal_completion,12,eat red apple,red apple,,
cookingworld:test:54031,N2,1,sup-t0707-arm_3-r01,environment_done,14,1,operation_to_ingredient_error,wrong_operation_for_ingredient,14,cook carrot in stove,carrot,fry,grill
cookingworld:test:54099,N2,2,sup-t0775-arm_3-r02,environment_done,13,0,operation_to_ingredient_error,operation_on_nonrequired_or_completed_ingredient,13,cook red hot pepper in barbeque,red hot pepper,grill,
cookingworld:test:53836,N2,2,sup-t0577-arm_3-r02,environment_done,13,0,operation_to_ingredient_error,operation_on_nonrequired_or_completed_ingredient,13,chop red hot pepper,red hot pepper,chop,
cookingworld:test:52893,N2,2,sup-t0221-arm_3-r02,environment_done,4,0,operation_to_ingredient_error,wrong_operation_for_ingredient,4,cook red apple in stove,red apple,fry,grill
cookingworld:test:53661,N2,1,sup-t0002-arm_3-r01,environment_done,10,0,premature_ingredient_consumption,ingredient_eaten_before_meal_completion,10,eat block of cheese,block of cheese,,
cookingworld:test:54107,N2,2,sup-t0783-arm_3-r02,environment_done,2,0,operation_to_ingredient_error,wrong_operation_for_ingredient,2,cook red potato in stove,red potato,fry,grill
cookingworld:test:54112,N2,2,sup-t0788-arm_3-r02,environment_done,10,0,operation_to_ingredient_error,wrong_operation_for_ingredient,10,cook pork chop in stove,pork chop,fry,grill
cookingworld:test:54023,R2,1,sup-t0699-arm_2-r01,environment_done,12,0,operation_to_ingredient_error,wrong_operation_for_ingredient,12,cook white onion in barbeque,white onion,grill,fry
cookingworld:test:53208,R2,2,sup-t0215-arm_2-r02,environment_done,13,0,operation_to_ingredient_error,wrong_operation_for_ingredient,13,cook block of cheese in barbeque,block of cheese,grill,fry
cookingworld:test:52000,N2,1,sup-t0093-arm_3-r01,environment_done,6,0,operation_to_ingredient_error,wrong_operation_for_ingredient,6,cook red potato in stove,red potato,fry,grill
cookingworld:test:52041,P,1,sup-t0073-arm_1-r01,environment_done,12,0,operation_to_ingredient_error,wrong_operation_for_ingredient,12,cook red potato in barbeque,red potato,grill,roast
cookingworld:test:53782,N2,2,sup-t0428-arm_3-r02,environment_done,7,0,operation_to_ingredient_error,wrong_operation_for_ingredient,7,cook pork chop in stove,pork chop,fry,grill
cookingworld:test:52181,N2,1,sup-t0361-arm_3-r01,environment_done,8,0,operation_to_ingredient_error,wrong_operation_for_ingredient,8,cook yellow bell pepper in stove,yellow bell pepper,fry,grill
cookingworld:test:53067,P,1,sup-t0346-arm_1-r01,environment_done,10,0,operation_to_ingredient_error,wrong_operation_for_ingredient,10,cook red potato in oven,red potato,roast,grill
cookingworld:test:53539,N2,2,sup-t0600-arm_3-r02,environment_done,9,0,operation_to_ingredient_error,wrong_operation_for_ingredient,9,cook carrot in oven,carrot,roast,grill
cookingworld:test:52064,N2,2,sup-t0502-arm_3-r02,environment_done,12,0,operation_to_ingredient_error,wrong_operation_for_ingredient,12,cook red onion in barbeque,red onion,grill,roast
cookingworld:test:53771,R2,1,sup-t0480-arm_2-r01,environment_done,11,0,operation_to_ingredient_error,wrong_operation_for_ingredient,11,cook red onion in oven,red onion,roast,grill
cookingworld:test:52724,R2,1,sup-t0052-arm_2-r01,environment_done,17,0,operation_to_ingredient_error,wrong_operation_for_ingredient,17,cook yellow potato in barbeque,yellow potato,grill,roast
cookingworld:test:54076,N2,2,sup-t0752-arm_3-r02,environment_done,7,0,operation_to_ingredient_error,wrong_operation_for_ingredient,7,cook red onion in stove,red onion,fry,grill
cookingworld:test:53495,N2,1,sup-t0611-arm_3-r01,environment_done,10,0,operation_to_ingredient_error,wrong_operation_for_ingredient,10,cook white onion in stove,white onion,fry,grill
cookingworld:test:52338,N2,2,sup-t0504-arm_3-r02,environment_done,4,0,operation_to_ingredient_error,wrong_operation_for_ingredient,4,cook purple potato in stove,purple potato,fry,grill
cookingworld:test:52380,R2,2,sup-t0360-arm_2-r02,environment_done,10,0,operation_to_ingredient_error,wrong_operation_for_ingredient,10,cook orange bell pepper in oven,orange bell pepper,roast,grill
cookingworld:test:52503,R2,2,sup-t0250-arm_2-r02,environment_done,9,0,operation_to_ingredient_error,operation_on_nonrequired_or_completed_ingredient,9,slice banana,banana,slice,
cookingworld:test:52668,P,1,sup-t0652-arm_1-r01,environment_done,8,0,operation_to_ingredient_error,wrong_operation_for_ingredient,8,cook chicken leg in barbeque,chicken leg,grill,roast
cookingworld:test:53753,N2,1,sup-t0515-arm_3-r01,environment_done,9,0,operation_to_ingredient_error,wrong_operation_for_ingredient,9,cook carrot in stove,carrot,fry,grill
cookingworld:test:52184,N2,2,sup-t0319-arm_3-r02,environment_done,9,0,operation_to_ingredient_error,wrong_operation_for_ingredient,9,cook pork chop in stove,pork chop,fry,grill
cookingworld:test:52806,N2,1,sup-t0030-arm_3-r01,environment_done,7,0,operation_to_ingredient_error,wrong_operation_for_ingredient,7,cook pork chop in oven,pork chop,roast,grill
cookingworld:test:53665,R2,2,sup-t0402-arm_2-r02,environment_done,17,0,operation_to_ingredient_error,operation_on_nonrequired_or_completed_ingredient,17,chop banana,banana,chop,
cookingworld:test:52325,N2,1,sup-t0421-arm_3-r01,environment_done,12,0,premature_ingredient_consumption,ingredient_eaten_before_meal_completion,12,eat block of cheese,block of cheese,,
cookingworld:test:53539,P,1,sup-t0600-arm_1-r01,environment_done,10,0,operation_to_ingredient_error,wrong_operation_for_ingredient,10,cook carrot in stove,carrot,fry,grill
cookingworld:test:53499,P,1,sup-t0534-arm_1-r01,environment_done,10,0,operation_to_ingredient_error,wrong_operation_for_ingredient,10,cook red potato in stove,red potato,fry,grill
cookingworld:test:54023,N2,1,sup-t0699-arm_3-r01,environment_done,17,0,operation_to_ingredient_error,wrong_operation_for_ingredient,17,cook white onion in barbeque,white onion,grill,fry
cookingworld:test:53447,N2,2,sup-t0049-arm_3-r02,environment_done,10,0,operation_to_ingredient_error,wrong_operation_for_ingredient,10,cook white onion in stove,white onion,fry,grill
cookingworld:test:52129,N2,1,sup-t0188-arm_3-r01,environment_done,9,0,premature_ingredient_consumption,ingredient_eaten_before_meal_completion,9,eat block of cheese,block of cheese,,
cookingworld:test:53087,N2,2,sup-t0576-arm_3-r02,environment_done,48,0,premature_ingredient_consumption,ingredient_eaten_before_meal_completion,48,eat yellow bell pepper,yellow bell pepper,,
cookingworld:test:54082,P,2,sup-t0758-arm_1-r02,environment_done,20,0,operation_to_ingredient_error,wrong_operation_for_ingredient,20,cook purple potato in barbeque,purple potato,grill,roast
cookingworld:test:54009,P,2,sup-t0685-arm_1-r02,environment_done,15,0,operation_to_ingredient_error,wrong_operation_for_ingredient,15,cook yellow potato in barbeque,yellow potato,grill,roast
cookingworld:test:54107,N2,1,sup-t0783-arm_3-r01,environment_done,7,0,operation_to_ingredient_error,wrong_operation_for_ingredient,7,cook red potato in stove,red potato,fry,grill
cookingworld:test:52068,N2,1,sup-t0331-arm_3-r01,environment_done,11,0,operation_to_ingredient_error,wrong_operation_for_ingredient,11,cook pork chop in stove,pork chop,fry,grill
cookingworld:test:54088,N2,2,sup-t0764-arm_3-r02,environment_done,8,0,premature_ingredient_consumption,ingredient_eaten_before_meal_completion,8,eat block of cheese,block of cheese,,
cookingworld:test:53753,P,2,sup-t0515-arm_1-r02,environment_done,11,0,operation_to_ingredient_error,wrong_operation_for_ingredient,11,cook carrot in oven,carrot,roast,grill
cookingworld:test:53377,R2,1,sup-t0396-arm_2-r01,environment_done,15,0,operation_to_ingredient_error,wrong_operation_for_ingredient,15,cook red onion in barbeque,red onion,grill,roast
cookingworld:test:53804,R2,1,sup-t0247-arm_2-r01,environment_done,18,0,operation_to_ingredient_error,wrong_operation_for_ingredient,18,cook red apple in barbeque,red apple,grill,roast
cookingworld:test:53722,N2,2,sup-t0512-arm_3-r02,environment_done,10,0,premature_ingredient_consumption,ingredient_eaten_before_meal_completion,10,eat block of cheese,block of cheese,,
cookingworld:test:53628,N2,1,sup-t0476-arm_3-r01,environment_done,8,0,operation_to_ingredient_error,wrong_operation_for_ingredient,8,cook red apple in oven,red apple,roast,grill
cookingworld:test:53468,N2,2,sup-t0055-arm_3-r02,environment_done,12,0,operation_to_ingredient_error,wrong_operation_for_ingredient,12,cook red hot pepper in stove,red hot pepper,fry,grill
cookingworld:test:53186,R2,1,sup-t0437-arm_2-r01,environment_done,14,0,operation_to_ingredient_error,wrong_operation_for_ingredient,14,cook orange bell pepper in barbeque,orange bell pepper,grill,roast
cookingworld:test:52063,N2,2,sup-t0042-arm_3-r02,environment_done,6,0,operation_to_ingredient_error,wrong_operation_for_ingredient,6,cook orange bell pepper in oven,orange bell pepper,roast,grill
cookingworld:test:53728,N2,2,sup-t0128-arm_3-r02,environment_done,19,1,operation_to_ingredient_error,wrong_operation_for_ingredient,19,cook banana in barbeque,banana,grill,fry
cookingworld:test:53708,N2,2,sup-t0185-arm_3-r02,environment_done,13,0,premature_ingredient_consumption,ingredient_eaten_before_meal_completion,13,eat orange bell pepper,orange bell pepper,,
cookingworld:test:53571,N2,1,sup-t0487-arm_3-r01,environment_done,19,0,operation_to_ingredient_error,wrong_operation_for_ingredient,19,cook white onion in stove,white onion,fry,grill
cookingworld:test:53501,R2,2,sup-t0651-arm_2-r02,environment_done,9,0,operation_to_ingredient_error,wrong_operation_for_ingredient,9,cook red apple in barbeque,red apple,grill,roast
cookingworld:test:53101,N2,2,sup-t0555-arm_3-r02,environment_done,11,0,premature_ingredient_consumption,ingredient_eaten_before_meal_completion,11,eat red hot pepper,red hot pepper,,
cookingworld:test:53598,N2,2,sup-t0511-arm_3-r02,environment_done,14,0,operation_to_ingredient_error,wrong_operation_for_ingredient,14,cook purple potato in stove,purple potato,fry,grill
cookingworld:test:53317,N2,2,sup-t0344-arm_3-r02,environment_done,5,0,operation_to_ingredient_error,wrong_operation_for_ingredient,5,cook purple potato in oven,purple potato,roast,grill
cookingworld:test:53326,N2,2,sup-t0595-arm_3-r02,environment_done,11,0,operation_to_ingredient_error,wrong_operation_for_ingredient,11,cook yellow potato in barbeque,yellow potato,grill,fry
cookingworld:test:53994,N2,1,sup-t0450-arm_3-r01,environment_done,5,0,operation_to_ingredient_error,wrong_operation_for_ingredient,5,cook purple potato in stove,purple potato,fry,grill
cookingworld:test:53260,P,1,sup-t0545-arm_1-r01,environment_done,13,0,operation_to_ingredient_error,wrong_operation_for_ingredient,13,cook yellow potato in barbeque,yellow potato,grill,roast
cookingworld:test:54053,N2,1,sup-t0729-arm_3-r01,environment_done,15,0,operation_to_ingredient_error,wrong_operation_for_ingredient,15,cook red potato in barbeque,red potato,grill,roast
cookingworld:test:54093,N2,1,sup-t0769-arm_3-r01,environment_done,8,0,operation_to_ingredient_error,wrong_operation_for_ingredient,8,cook pork chop in stove,pork chop,fry,grill
cookingworld:test:53319,N2,2,sup-t0178-arm_3-r02,environment_done,3,0,operation_to_ingredient_error,wrong_operation_for_ingredient,3,cook red hot pepper in oven,red hot pepper,roast,grill
cookingworld:test:52965,P,2,sup-t0039-arm_1-r02,environment_done,10,0,operation_to_ingredient_error,wrong_operation_for_ingredient,10,cook carrot in oven,carrot,roast,grill
cookingworld:test:53326,N2,1,sup-t0595-arm_3-r01,environment_done,13,0,operation_to_ingredient_error,wrong_operation_for_ingredient,13,cook yellow potato in barbeque,yellow potato,grill,fry
cookingworld:test:53005,R2,2,sup-t0015-arm_2-r02,environment_done,14,0,operation_to_ingredient_error,wrong_operation_for_ingredient,14,cook red apple in barbeque,red apple,grill,roast
cookingworld:test:52750,N2,2,sup-t0134-arm_3-r02,environment_done,8,0,operation_to_ingredient_error,wrong_operation_for_ingredient,8,cook red onion in stove,red onion,fry,grill
cookingworld:test:54032,N2,1,sup-t0708-arm_3-r01,environment_done,7,0,operation_to_ingredient_error,wrong_operation_for_ingredient,7,cook red potato in oven,red potato,roast,grill
cookingworld:test:52602,N2,1,sup-t0274-arm_3-r01,environment_done,16,1,operation_to_ingredient_error,wrong_operation_for_ingredient,16,cook yellow bell pepper in stove,yellow bell pepper,fry,grill
cookingworld:test:52238,N2,1,sup-t0503-arm_3-r01,environment_done,8,0,operation_to_ingredient_error,wrong_operation_for_ingredient,8,cook carrot in stove,carrot,fry,grill
cookingworld:test:52066,P,1,sup-t0666-arm_1-r01,environment_done,7,0,operation_to_ingredient_error,wrong_operation_for_ingredient,7,cook yellow potato in barbeque,yellow potato,grill,roast
cookingworld:test:52170,N2,2,sup-t0119-arm_3-r02,environment_done,6,0,operation_to_ingredient_error,wrong_operation_for_ingredient,6,cook purple potato in stove,purple potato,fry,grill
cookingworld:test:54117,N2,2,sup-t0793-arm_3-r02,environment_done,12,0,operation_to_ingredient_error,operation_on_nonrequired_or_completed_ingredient,12,cook yellow bell pepper in barbeque,yellow bell pepper,grill,
cookingworld:test:53365,R2,2,sup-t0279-arm_2-r02,environment_done,9,0,operation_to_ingredient_error,wrong_operation_for_ingredient,9,cook pork chop in oven,pork chop,roast,grill
cookingworld:test:53665,N2,1,sup-t0402-arm_3-r01,environment_done,15,0,operation_to_ingredient_error,operation_on_nonrequired_or_completed_ingredient,15,chop banana,banana,chop,
cookingworld:test:52413,N2,2,sup-t0086-arm_3-r02,environment_done,7,0,operation_to_ingredient_error,wrong_operation_for_ingredient,7,cook pork chop in stove,pork chop,fry,grill
cookingworld:test:53939,N2,1,sup-t0583-arm_3-r01,environment_done,20,1,operation_to_ingredient_error,operation_on_nonrequired_or_completed_ingredient,20,cook red onion in barbeque,red onion,grill,
cookingworld:test:53351,N2,1,sup-t0565-arm_3-r01,environment_done,14,0,operation_to_ingredient_error,wrong_operation_for_ingredient,14,cook yellow bell pepper in stove,yellow bell pepper,fry,grill
cookingworld:test:53800,P,2,sup-t0063-arm_1-r02,environment_done,11,0,operation_to_ingredient_error,wrong_operation_for_ingredient,11,cook white onion in barbeque,white onion,grill,fry
cookingworld:test:53923,N2,1,sup-t0356-arm_3-r01,environment_done,15,0,premature_ingredient_consumption,ingredient_eaten_before_meal_completion,15,eat yellow bell pepper,yellow bell pepper,,
cookingworld:test:52424,R2,1,sup-t0412-arm_2-r01,environment_done,9,0,operation_to_ingredient_error,wrong_operation_for_ingredient,9,cook red potato in barbeque,red potato,grill,roast
cookingworld:test:53555,R2,1,sup-t0026-arm_2-r01,environment_done,16,0,operation_to_ingredient_error,wrong_operation_for_ingredient,16,cook purple potato in barbeque,purple potato,grill,roast
cookingworld:test:53329,N2,1,sup-t0296-arm_3-r01,environment_done,9,0,operation_to_ingredient_error,wrong_operation_for_ingredient,9,cook pork chop in stove,pork chop,fry,grill
cookingworld:test:53555,P,1,sup-t0026-arm_1-r01,environment_done,15,0,operation_to_ingredient_error,wrong_operation_for_ingredient,15,cook purple potato in barbeque,purple potato,grill,roast
cookingworld:test:52054,N2,1,sup-t0201-arm_3-r01,environment_done,12,0,operation_to_ingredient_error,wrong_operation_for_ingredient,12,cook block of cheese in barbeque,block of cheese,grill,fry
cookingworld:test:53365,R2,1,sup-t0279-arm_2-r01,environment_done,9,0,operation_to_ingredient_error,wrong_operation_for_ingredient,9,cook pork chop in stove,pork chop,fry,grill
cookingworld:test:52724,P,1,sup-t0052-arm_1-r01,environment_done,15,0,operation_to_ingredient_error,wrong_operation_for_ingredient,15,cook yellow potato in barbeque,yellow potato,grill,roast
cookingworld:test:52052,N2,2,sup-t0343-arm_3-r02,environment_done,12,0,operation_to_ingredient_error,wrong_operation_for_ingredient,12,cook red onion in barbeque,red onion,grill,roast
cookingworld:test:52000,P,1,sup-t0093-arm_1-r01,environment_done,8,0,operation_to_ingredient_error,wrong_operation_for_ingredient,8,cook red potato in stove,red potato,fry,grill
cookingworld:test:53770,R2,1,sup-t0352-arm_2-r01,environment_done,15,0,premature_ingredient_consumption,ingredient_eaten_before_meal_completion,15,eat orange bell pepper,orange bell pepper,,
cookingworld:test:53822,N2,1,sup-t0589-arm_3-r01,environment_done,14,0,operation_to_ingredient_error,wrong_operation_for_ingredient,14,cook carrot in stove,carrot,fry,grill
cookingworld:test:53260,R2,2,sup-t0545-arm_2-r02,environment_done,17,0,operation_to_ingredient_error,wrong_operation_for_ingredient,17,cook yellow potato in barbeque,yellow potato,grill,roast
