target_id,retrieval_condition,source_seed,target_required_operation_count,operation_overlap_count,operation_coverage,overlap_stratum,exact_structural_correspondence,ingredient_overlap_count,ingredient_jaccard,ingredient_set_exact,target_mean_terminal_success
cookingworld:test:52753,P,25920,1,0,0.0,zero_overlap,False,0,0.0,False,1.0
cookingworld:test:52753,R2,25241,1,1,1.0,complete_coverage,False,2,1.0,True,1.0
cookingworld:test:53661,P,27987,2,2,1.0,complete_coverage,False,0,0.0,False,1.0
cookingworld:test:53661,R2,24882,2,1,0.5,partial_coverage,False,2,1.0,True,1.0
cookingworld:test:52014,P,25815,1,0,0.0,zero_overlap,False,1,0.3333333333333333,False,1.0
cookingworld:test:52014,R2,26520,1,0,0.0,zero_overlap,False,2,1.0,True,1.0
cookingworld:test:52613,P,26863,2,0,0.0,zero_overlap,False,0,0.0,False,0.5
cookingworld:test:52613,R2,26317,2,2,1.0,complete_coverage,False,2,1.0,True,0.0
cookingworld:test:52968,P,25325,2,0,0.0,zero_overlap,False,1,0.3333333333333333,False,1.0
cookingworld:test:52968,R2,25493,2,2,1.0,complete_coverage,False,2,1.0,True,1.0
cookingworld:test:53786,P,26976,2,1,0.5,partial_coverage,False,0,0.0,False,1.0
cookingworld:test:53786,R2,26037,2,1,0.5,partial_coverage,False,2,1.0,True,1.0
cookingworld:test:52410,P,28285,4,0,0.0,zero_overlap,False,0,0.0,False,1.0
cookingworld:test:52410,R2,25841,4,2,0.5,partial_coverage,False,2,1.0,True,1.0
cookingworld:test:53943,P,25938,1,0,0.0,zero_overlap,False,0,0.0,False,1.0
cookingworld:test:53943,R2,25933,1,1,1.0,complete_coverage,False,2,1.0,True,1.0
cookingworld:test:52087,P,27229,2,0,0.0,zero_overlap,False,1,0.3333333333333333,False,1.0
cookingworld:test:52087,R2,28002,2,1,0.5,partial_coverage,False,2,1.0,True,1.0
cookingworld:test:53644,P,28188,3,0,0.0,zero_overlap,False,1,0.3333333333333333,False,1.0
cookingworld:test:53644,R2,27717,3,1,0.3333333333333333,partial_coverage,False,2,1.0,True,0.0
cookingworld:test:53001,P,26995,1,0,0.0,zero_overlap,False,0,0.0,False,1.0
cookingworld:test:53001,R2,27378,1,1,1.0,complete_coverage,False,2,1.0,True,1.0
cookingworld:test:53837,P,27385,3,1,0.3333333333333333,partial_coverage,False,0,0.0,False,1.0
cookingworld:test:53837,R2,25579,3,2,0.6666666666666666,partial_coverage,False,2,1.0,True,1.0
cookingworld:test:52679,P,25816,1,0,0.0,zero_overlap,False,0,0.0,False,1.0
cookingworld:test:52679,R2,25924,1,0,0.0,zero_overlap,False,2,1.0,True,1.0
cookingworld:test:53227,P,27052,4,2,0.5,partial_coverage,False,0,0.0,False,0.5
cookingworld:test:53227,R2,24625,4,4,1.0,complete_coverage,False,2,1.0,True,1.0
cookingworld:test:53005,P,27070,2,1,0.5,partial_coverage,False,1,0.3333333333333333,False,1.0
cookingworld:test:53005,R2,28430,2,1,0.5,partial_coverage,False,2,1.0,True,0.5
cookingworld:test:53121,P,24132,1,0,0.0,zero_overlap,False,1,0.3333333333333333,False,1.0
cookingworld:test:53121,R2,25342,1,0,0.0,zero_overlap,False,2,1.0,True,1.0
cookingworld:test:52353,P,24598,1,0,0.0,zero_overlap,False,0,0.0,False,1.0
cookingworld:test:52353,R2,26685,1,1,1.0,complete_coverage,False,2,1.0,True,1.0
cookingworld:test:52452,P,28104,3,1,0.3333333333333333,partial_coverage,False,0,0.0,False,1.0
cookingworld:test:52452,R2,26591,3,1,0.3333333333333333,partial_coverage,False,2,1.0,True,1.0
cookingworld:test:52974,P,24311,1,0,0.0,zero_overlap,False,0,0.0,False,1.0
cookingworld:test:52974,R2,25160,1,0,0.0,zero_overlap,False,2,1.0,True,1.0
cookingworld:test:52011,P,28372,2,0,0.0,zero_overlap,False,1,0.3333333333333333,False,1.0
cookingworld:test:52011,R2,24018,2,1,0.5,partial_coverage,False,2,1.0,True,1.0
cookingworld:test:53187,P,28087,1,0,0.0,zero_overlap,False,0,0.0,False,0.0
cookingworld:test:53187,R2,27679,1,1,1.0,complete_coverage,False,2,1.0,True,0.0
cookingworld:test:52732,P,27835,3,1,0.3333333333333333,partial_coverage,False,1,0.3333333333333333,False,0.0
cookingworld:test:52732,R2,25063,3,3,1.0,complete_coverage,True,2,1.0,True,1.0
cookingworld:test:53931,P,26597,1,0,0.0,zero_overlap,False,1,0.3333333333333333,False,1.0
cookingworld:test:53931,R2,26461,1,1,1.0,complete_coverage,False,2,1.0,True,1.0
cookingworld:test:52854,P,27819,3,1,0.3333333333333333,partial_coverage,False,0,0.0,False,0.0
cookingworld:test:52854,R2,28889,3,2,0.6666666666666666,partial_coverage,False,2,1.0,True,0.0
cookingworld:test:53556,P,26531,1,1,1.0,complete_coverage,False,0,0.0,False,1.0
cookingworld:test:53556,R2,27052,1,1,1.0,complete_coverage,False,2,1.0,True,1.0
cookingworld:test:53555,P,28888,2,0,0.0,zero_overlap,False,0,0.0,False,0.0
cookingworld:test:53555,R2,27598,2,1,0.5,partial_coverage,False,2,1.0,True,0.0
cookingworld:test:52112,P,25241,1,0,0.0,zero_overlap,False,0,0.0,False,1.0
cookingworld:test:52112,R2,26473,1,1,1.0,complete_coverage,False,2,1.0,True,1.0
cookingworld:test:52956,P,27597,1,0,0.0,zero_overlap,False,0,0.0,False,0.5
cookingworld:test:52956,R2,25321,1,1,1.0,complete_coverage,False,2,1.0,True,0.5
cookingworld:test:53683,P,25197,1,0,0.0,zero_overlap,False,1,0.3333333333333333,False,0.0
cookingworld:test:53683,R2,24131,1,1,1.0,complete_coverage,False,2,1.0,True,1.0
cookingworld:test:52806,P,24469,3,1,0.3333333333333333,partial_coverage,False,0,0.0,False,0.0
cookingworld:test:52806,R2,28371,3,3,1.0,complete_coverage,False,2,1.0,True,0.0
cookingworld:test:52364,P,26396,1,0,0.0,zero_overlap,False,0,0.0,False,1.0
cookingworld:test:52364,R2,27167,1,0,0.0,zero_overlap,False,2,1.0,True,1.0
cookingworld:test:53775,P,25841,3,1,0.3333333333333333,partial_coverage,False,1,0.3333333333333333,False,1.0
cookingworld:test:53775,R2,26342,3,2,0.6666666666666666,partial_coverage,False,2,1.0,True,1.0
cookingworld:test:53050,P,26473,3,1,0.3333333333333333,partial_coverage,False,0,0.0,False,1.0
cookingworld:test:53050,R2,27153,3,3,1.0,complete_coverage,False,2,1.0,True,1.0
cookingworld:test:52730,P,25790,3,1,0.3333333333333333,partial_coverage,False,0,0.0,False,1.0
cookingworld:test:52730,R2,25865,3,1,0.3333333333333333,partial_coverage,False,2,1.0,True,1.0
cookingworld:test:52235,P,27707,2,2,1.0,complete_coverage,False,0,0.0,False,1.0
cookingworld:test:52235,R2,25393,2,1,0.5,partial_coverage,False,2,1.0,True,1.0
cookingworld:test:53487,P,26133,4,1,0.25,partial_coverage,False,0,0.0,False,0.0
cookingworld:test:53487,R2,25371,4,2,0.5,partial_coverage,False,2,1.0,True,0.0
cookingworld:test:52556,P,24520,2,1,0.5,partial_coverage,False,0,0.0,False,0.0
cookingworld:test:52556,R2,26078,2,1,0.5,partial_coverage,False,2,1.0,True,0.5
cookingworld:test:53271,P,28425,1,1,1.0,complete_coverage,False,0,0.0,False,1.0
cookingworld:test:53271,R2,26879,1,0,0.0,zero_overlap,False,2,1.0,True,1.0
cookingworld:test:52965,P,26685,3,0,0.0,zero_overlap,False,0,0.0,False,0.0
cookingworld:test:52965,R2,26278,3,2,0.6666666666666666,partial_coverage,False,2,1.0,True,0.5
cookingworld:test:52818,P,28464,3,3,1.0,complete_coverage,False,0,0.0,False,1.0
cookingworld:test:52818,R2,27229,3,3,1.0,complete_coverage,True,2,1.0,True,1.0
cookingworld:test:52915,P,26342,2,1,0.5,partial_coverage,False,0,0.0,False,1.0
cookingworld:test:52915,R2,25058,2,1,0.5,partial_coverage,False,2,1.0,True,1.0
cookingworld:test:52063,P,24538,2,1,0.5,partial_coverage,False,0,0.0,False,1.0
cookingworld:test:52063,R2,26156,2,2,1.0,complete_coverage,False,2,1.0,True,1.0
cookingworld:test:52808,P,27671,2,1,0.5,partial_coverage,False,0,0.0,False,1.0
cookingworld:test:52808,R2,25320,2,1,0.5,partial_coverage,False,2,1.0,True,0.0
cookingworld:test:52846,P,25815,3,1,0.3333333333333333,partial_coverage,False,0,0.0,False,1.0
cookingworld:test:52846,R2,26327,3,3,1.0,complete_coverage,False,2,1.0,True,1.0
cookingworld:test:53818,P,26030,2,0,0.0,zero_overlap,False,0,0.0,False,1.0
cookingworld:test:53818,R2,28285,2,0,0.0,zero_overlap,False,2,1.0,True,1.0
cookingworld:test:53476,P,26049,3,1,0.3333333333333333,partial_coverage,False,1,0.3333333333333333,False,1.0
cookingworld:test:53476,R2,25440,3,2,0.6666666666666666,partial_coverage,False,2,1.0,True,1.0
cookingworld:test:52839,P,24912,3,0,0.0,zero_overlap,False,0,0.0,False,0.0
cookingworld:test:52839,R2,26049,3,1,0.3333333333333333,partial_coverage,False,2,1.0,True,1.0
cookingworld:test:52552,P,27609,3,1,0.3333333333333333,partial_coverage,False,1,0.3333333333333333,False,1.0
cookingworld:test:52552,R2,25446,3,2,0.6666666666666666,partial_coverage,False,2,1.0,True,1.0
cookingworld:test:53447,P,25270,3,2,0.6666666666666666,partial_coverage,False,0,0.0,False,0.0
cookingworld:test:53447,R2,26632,3,3,1.0,complete_coverage,False,2,1.0,True,0.0
cookingworld:test:52094,P,28161,2,0,0.0,zero_overlap,False,0,0.0,False,1.0
cookingworld:test:52094,R2,25393,2,1,0.5,partial_coverage,False,2,1.0,True,1.0
cookingworld:test:53240,P,28379,2,0,0.0,zero_overlap,False,0,0.0,False,1.0
cookingworld:test:53240,R2,27496,2,1,0.5,partial_coverage,False,2,1.0,True,1.0
cookingworld:test:52724,P,26207,3,0,0.0,zero_overlap,False,0,0.0,False,0.5
cookingworld:test:52724,R2,25462,3,2,0.6666666666666666,partial_coverage,False,2,1.0,True,0.5
cookingworld:test:52426,P,27081,1,1,1.0,complete_coverage,False,0,0.0,False,1.0
cookingworld:test:52426,R2,26530,1,1,1.0,complete_coverage,False,2,1.0,True,1.0
cookingworld:test:53664,P,24119,3,1,0.3333333333333333,partial_coverage,False,1,0.3333333333333333,False,1.0
cookingworld:test:53664,R2,26896,3,3,1.0,complete_coverage,False,2,1.0,True,0.0
cookingworld:test:53468,P,27238,1,1,1.0,complete_coverage,False,0,0.0,False,1.0
cookingworld:test:53468,R2,26531,1,1,1.0,complete_coverage,False,2,1.0,True,1.0
cookingworld:test:52231,P,25500,2,0,0.0,zero_overlap,False,0,0.0,False,1.0
cookingworld:test:52231,R2,24245,2,1,0.5,partial_coverage,False,2,1.0,True,1.0
cookingworld:test:52476,P,25329,4,1,0.25,partial_coverage,False,0,0.0,False,1.0
cookingworld:test:52476,R2,26349,4,3,0.75,partial_coverage,False,2,1.0,True,1.0
cookingworld:test:53102,P,25713,2,0,0.0,zero_overlap,False,0,0.0,False,0.0
cookingworld:test:53102,R2,25300,2,1,0.5,partial_coverage,False,2,1.0,True,0.0
cookingworld:test:53446,P,25136,2,0,0.0,zero_overlap,False,0,0.0,False,1.0
cookingworld:test:53446,R2,28844,2,1,0.5,partial_coverage,False,2,1.0,True,1.0
cookingworld:test:52165,P,24509,1,0,0.0,zero_overlap,False,0,0.0,False,1.0
cookingworld:test:52165,R2,26589,1,0,0.0,zero_overlap,False,2,1.0,True,1.0
cookingworld:test:52171,P,25290,2,0,0.0,zero_overlap,False,0,0.0,False,1.0
cookingworld:test:52171,R2,24489,2,2,1.0,complete_coverage,False,2,1.0,True,1.0
cookingworld:test:53157,P,25290,1,0,0.0,zero_overlap,False,0,0.0,False,1.0
cookingworld:test:53157,R2,25815,1,1,1.0,complete_coverage,False,2,1.0,True,1.0
cookingworld:test:53800,P,27281,2,0,0.0,zero_overlap,False,1,0.3333333333333333,False,0.5
cookingworld:test:53800,R2,26460,2,2,1.0,complete_coverage,False,2,1.0,True,0.0
cookingworld:test:52960,P,24693,2,1,0.5,partial_coverage,False,0,0.0,False,1.0
cookingworld:test:52960,R2,26042,2,1,0.5,partial_coverage,False,2,1.0,True,1.0
cookingworld:test:53631,P,26710,1,0,0.0,zero_overlap,False,0,0.0,False,1.0
cookingworld:test:53631,R2,26685,1,1,1.0,complete_coverage,False,2,1.0,True,0.5
cookingworld:test:53406,P,25144,3,1,0.3333333333333333,partial_coverage,False,1,0.3333333333333333,False,1.0
cookingworld:test:53406,R2,26342,3,2,0.6666666666666666,partial_coverage,False,2,1.0,True,0.5
cookingworld:test:53921,P,25796,3,0,0.0,zero_overlap,False,0,0.0,False,1.0
cookingworld:test:53921,R2,24558,3,1,0.3333333333333333,partial_coverage,False,2,1.0,True,1.0
cookingworld:test:53824,P,28862,2,1,0.5,partial_coverage,False,0,0.0,False,1.0
cookingworld:test:53824,R2,27609,2,1,0.5,partial_coverage,False,2,1.0,True,1.0
cookingworld:test:52305,P,24102,1,0,0.0,zero_overlap,False,0,0.0,False,1.0
cookingworld:test:52305,R2,25796,1,0,0.0,zero_overlap,False,2,1.0,True,1.0
cookingworld:test:52558,P,28180,1,0,0.0,zero_overlap,False,0,0.0,False,1.0
cookingworld:test:52558,R2,25290,1,0,0.0,zero_overlap,False,2,1.0,True,1.0
cookingworld:test:53390,P,27762,0,0,,no_transformation_target,False,0,0.0,False,1.0
cookingworld:test:53390,R2,25954,0,0,,no_transformation_target,True,2,1.0,True,1.0
cookingworld:test:52540,P,28494,1,1,1.0,complete_coverage,False,0,0.0,False,1.0
cookingworld:test:52540,R2,28476,1,0,0.0,zero_overlap,False,2,1.0,True,1.0
cookingworld:test:52041,P,24049,2,0,0.0,zero_overlap,False,0,0.0,False,0.0
cookingworld:test:52041,R2,24168,2,1,0.5,partial_coverage,False,2,1.0,True,1.0
cookingworld:test:53341,P,26207,2,0,0.0,zero_overlap,False,0,0.0,False,1.0
cookingworld:test:53341,R2,27671,2,1,0.5,partial_coverage,False,2,1.0,True,1.0
cookingworld:test:52771,P,24809,1,0,0.0,zero_overlap,False,0,0.0,False,1.0
cookingworld:test:52771,R2,25732,1,0,0.0,zero_overlap,False,2,1.0,True,1.0
cookingworld:test:52457,P,25914,4,2,0.5,partial_coverage,False,0,0.0,False,1.0
cookingworld:test:52457,R2,27025,4,3,0.75,partial_coverage,False,2,1.0,True,1.0
cookingworld:test:53743,P,26809,3,1,0.3333333333333333,partial_coverage,False,0,0.0,False,1.0
cookingworld:test:53743,R2,27263,3,3,1.0,complete_coverage,False,2,1.0,True,1.0
cookingworld:test:52688,P,24817,4,2,0.5,partial_coverage,False,0,0.0,False,1.0
cookingworld:test:52688,R2,24159,4,3,0.75,partial_coverage,False,2,1.0,True,1.0
cookingworld:test:52601,P,26037,2,1,0.5,partial_coverage,False,0,0.0,False,0.0
cookingworld:test:52601,R2,27385,2,2,1.0,complete_coverage,True,2,1.0,True,0.5
cookingworld:test:52567,P,25136,1,0,0.0,zero_overlap,False,1,0.3333333333333333,False,1.0
cookingworld:test:52567,R2,24154,1,1,1.0,complete_coverage,False,2,1.0,True,1.0
cookingworld:test:52038,P,24882,3,1,0.3333333333333333,partial_coverage,False,0,0.0,False,1.0
cookingworld:test:52038,R2,24442,3,2,0.6666666666666666,partial_coverage,False,2,1.0,True,1.0
cookingworld:test:53136,P,28137,0,0,,no_transformation_target,False,0,0.0,False,1.0
cookingworld:test:53136,R2,24727,0,0,,no_transformation_target,False,2,1.0,True,1.0
cookingworld:test:53094,P,25716,3,2,0.6666666666666666,partial_coverage,False,0,0.0,False,0.5
cookingworld:test:53094,R2,24783,3,2,0.6666666666666666,partial_coverage,False,2,1.0,True,1.0
cookingworld:test:52039,P,25166,0,0,,no_transformation_target,False,0,0.0,False,1.0
cookingworld:test:52039,R2,26207,0,0,,no_transformation_target,True,2,1.0,True,1.0
cookingworld:test:53345,P,25954,4,0,0.0,zero_overlap,False,0,0.0,False,0.5
cookingworld:test:53345,R2,24693,4,3,0.75,partial_coverage,False,2,1.0,True,1.0
cookingworld:test:52413,P,28150,4,2,0.5,partial_coverage,False,0,0.0,False,1.0
cookingworld:test:52413,R2,25555,4,2,0.5,partial_coverage,False,2,1.0,True,1.0
cookingworld:test:53188,P,27664,3,1,0.3333333333333333,partial_coverage,False,0,0.0,False,0.5
cookingworld:test:53188,R2,24163,3,2,0.6666666666666666,partial_coverage,False,2,1.0,True,1.0
cookingworld:test:52209,P,26472,3,1,0.3333333333333333,partial_coverage,False,0,0.0,False,0.5
cookingworld:test:52209,R2,25446,3,1,0.3333333333333333,partial_coverage,False,2,1.0,True,0.5
cookingworld:test:52639,P,26077,4,0,0.0,zero_overlap,False,1,0.3333333333333333,False,0.0
cookingworld:test:52639,R2,24598,4,3,0.75,partial_coverage,False,2,1.0,True,1.0
cookingworld:test:53404,P,27570,2,0,0.0,zero_overlap,False,0,0.0,False,1.0
cookingworld:test:53404,R2,27382,2,1,0.5,partial_coverage,False,2,1.0,True,1.0
cookingworld:test:52815,P,24118,2,0,0.0,zero_overlap,False,0,0.0,False,0.5
cookingworld:test:52815,R2,25206,2,1,0.5,partial_coverage,False,2,1.0,True,0.0
cookingworld:test:53851,P,25768,2,0,0.0,zero_overlap,False,0,0.0,False,0.0
cookingworld:test:53851,R2,28555,2,2,1.0,complete_coverage,False,2,1.0,True,1.0
cookingworld:test:52000,P,28072,1,0,0.0,zero_overlap,False,0,0.0,False,0.0
cookingworld:test:52000,R2,27578,1,1,1.0,complete_coverage,False,2,1.0,True,1.0
cookingworld:test:52930,P,25971,3,3,1.0,complete_coverage,False,0,0.0,False,1.0
cookingworld:test:52930,R2,25965,3,3,1.0,complete_coverage,False,2,1.0,True,1.0
cookingworld:test:52195,P,25852,2,1,0.5,partial_coverage,False,0,0.0,False,0.0
cookingworld:test:52195,R2,24208,2,2,1.0,complete_coverage,False,2,1.0,True,0.0
cookingworld:test:52306,P,28997,2,1,0.5,partial_coverage,False,1,0.3333333333333333,False,1.0
cookingworld:test:52306,R2,26620,2,1,0.5,partial_coverage,False,2,1.0,True,0.0
cookingworld:test:53085,P,27496,2,0,0.0,zero_overlap,False,0,0.0,False,1.0
cookingworld:test:53085,R2,26078,2,1,0.5,partial_coverage,False,2,1.0,True,0.5
cookingworld:test:52921,P,25024,2,1,0.5,partial_coverage,False,0,0.0,False,1.0
cookingworld:test:52921,R2,26434,2,1,0.5,partial_coverage,False,2,1.0,True,1.0
cookingworld:test:53905,P,26591,2,1,0.5,partial_coverage,False,0,0.0,False,1.0
cookingworld:test:53905,R2,25136,2,1,0.5,partial_coverage,False,2,1.0,True,1.0
cookingworld:test:53300,P,28430,4,2,0.5,partial_coverage,False,0,0.0,False,1.0
cookingworld:test:53300,R2,28464,4,3,0.75,partial_coverage,False,2,1.0,True,1.0
cookingworld:test:52902,P,26480,1,0,0.0,zero_overlap,False,0,0.0,False,0.0
cookingworld:test:52902,R2,25198,1,1,1.0,complete_coverage,False,2,1.0,True,0.5
cookingworld:test:53052,P,25815,1,0,0.0,zero_overlap,False,0,0.0,False,1.0
cookingworld:test:53052,R2,25773,1,1,1.0,complete_coverage,False,2,1.0,True,1.0
cookingworld:test:52328,P,28037,3,0,0.0,zero_overlap,False,0,0.0,False,0.0
cookingworld:test:52328,R2,26456,3,2,0.6666666666666666,partial_coverage,False,2,1.0,True,0.0
cookingworld:test:52916,P,28029,2,1,0.5,partial_coverage,False,0,0.0,False,1.0
cookingworld:test:52916,R2,27619,2,0,0.0,zero_overlap,False,2,1.0,True,1.0
cookingworld:test:53496,P,26078,2,0,0.0,zero_overlap,False,0,0.0,False,1.0
cookingworld:test:53496,R2,27399,2,1,0.5,partial_coverage,False,2,1.0,True,1.0
cookingworld:test:52860,P,25152,0,0,,no_transformation_target,True,1,0.3333333333333333,False,1.0
cookingworld:test:52860,R2,25816,0,0,,no_transformation_target,True,2,1.0,True,1.0
cookingworld:test:53011,P,28113,2,0,0.0,zero_overlap,False,1,0.3333333333333333,False,1.0
cookingworld:test:53011,R2,25817,2,1,0.5,partial_coverage,False,2,1.0,True,0.5
cookingworld:test:53023,P,26520,1,0,0.0,zero_overlap,False,1,0.3333333333333333,False,1.0
cookingworld:test:53023,R2,25329,1,0,0.0,zero_overlap,False,2,1.0,True,1.0
cookingworld:test:53228,P,24528,1,0,0.0,zero_overlap,False,1,0.3333333333333333,False,1.0
cookingworld:test:53228,R2,28476,1,0,0.0,zero_overlap,False,2,1.0,True,1.0
cookingworld:test:52277,P,26589,3,0,0.0,zero_overlap,False,1,0.3333333333333333,False,1.0
cookingworld:test:52277,R2,26039,3,3,1.0,complete_coverage,False,2,1.0,True,1.0
cookingworld:test:53311,P,26879,3,0,0.0,zero_overlap,False,1,0.3333333333333333,False,1.0
cookingworld:test:53311,R2,24362,3,3,1.0,complete_coverage,False,2,1.0,True,1.0
cookingworld:test:53433,P,27357,1,0,0.0,zero_overlap,False,0,0.0,False,1.0
cookingworld:test:53433,R2,26077,1,1,1.0,complete_coverage,False,2,1.0,True,1.0
cookingworld:test:52989,P,24012,2,0,0.0,zero_overlap,False,0,0.0,False,0.0
cookingworld:test:52989,R2,24817,2,1,0.5,partial_coverage,False,2,1.0,True,0.5
cookingworld:test:53209,P,26161,4,2,0.5,partial_coverage,False,1,0.3333333333333333,False,0.5
cookingworld:test:53209,R2,26703,4,2,0.5,partial_coverage,False,2,1.0,True,1.0
cookingworld:test:53605,P,28055,1,0,0.0,zero_overlap,False,0,0.0,False,1.0
cookingworld:test:53605,R2,26455,1,1,1.0,complete_coverage,False,2,1.0,True,1.0
cookingworld:test:52594,P,28383,2,1,0.5,partial_coverage,False,0,0.0,False,1.0
cookingworld:test:52594,R2,24331,2,1,0.5,partial_coverage,False,2,1.0,True,1.0
cookingworld:test:52948,P,26473,3,1,0.3333333333333333,partial_coverage,False,0,0.0,False,1.0
cookingworld:test:52948,R2,28372,3,2,0.6666666666666666,partial_coverage,False,2,1.0,True,1.0
cookingworld:test:52674,P,26913,2,1,0.5,partial_coverage,False,0,0.0,False,0.5
cookingworld:test:52674,R2,26310,2,1,0.5,partial_coverage,False,2,1.0,True,1.0
cookingworld:test:52170,P,25462,2,0,0.0,zero_overlap,False,0,0.0,False,0.5
cookingworld:test:52170,R2,27819,2,1,0.5,partial_coverage,False,2,1.0,True,0.5
cookingworld:test:52676,P,25338,3,1,0.3333333333333333,partial_coverage,False,0,0.0,False,1.0
cookingworld:test:52676,R2,27468,3,2,0.6666666666666666,partial_coverage,False,2,1.0,True,0.0
cookingworld:test:53287,P,27937,3,2,0.6666666666666666,partial_coverage,False,0,0.0,False,1.0
cookingworld:test:53287,R2,25063,3,3,1.0,complete_coverage,True,2,1.0,True,1.0
cookingworld:test:53026,P,24459,2,1,0.5,partial_coverage,False,0,0.0,False,1.0
cookingworld:test:53026,R2,27863,2,0,0.0,zero_overlap,False,2,1.0,True,1.0
cookingworld:test:52234,P,25453,1,0,0.0,zero_overlap,False,0,0.0,False,1.0
cookingworld:test:52234,R2,25417,1,0,0.0,zero_overlap,False,2,1.0,True,1.0
cookingworld:test:53174,P,28544,3,0,0.0,zero_overlap,False,0,0.0,False,1.0
cookingworld:test:53174,R2,25790,3,3,1.0,complete_coverage,False,2,1.0,True,1.0
cookingworld:test:52826,P,27263,2,0,0.0,zero_overlap,False,0,0.0,False,1.0
cookingworld:test:52826,R2,28379,2,0,0.0,zero_overlap,False,2,1.0,True,1.0
cookingworld:test:52715,P,26638,2,1,0.5,partial_coverage,False,1,0.3333333333333333,False,1.0
cookingworld:test:52715,R2,28430,2,1,0.5,partial_coverage,False,2,1.0,True,1.0
cookingworld:test:53812,P,25816,2,0,0.0,zero_overlap,False,0,0.0,False,1.0
cookingworld:test:53812,R2,26497,2,1,0.5,partial_coverage,False,2,1.0,True,1.0
cookingworld:test:53728,P,25024,2,0,0.0,zero_overlap,False,1,0.3333333333333333,False,0.5
cookingworld:test:53728,R2,24846,2,2,1.0,complete_coverage,False,2,1.0,True,0.0
cookingworld:test:53634,P,25320,2,0,0.0,zero_overlap,False,1,0.3333333333333333,False,1.0
cookingworld:test:53634,R2,24809,2,1,0.5,partial_coverage,False,2,1.0,True,1.0
cookingworld:test:52344,P,27405,1,0,0.0,zero_overlap,False,1,0.3333333333333333,False,1.0
cookingworld:test:52344,R2,28832,1,1,1.0,complete_coverage,False,2,1.0,True,1.0
cookingworld:test:53835,P,25448,2,1,0.5,partial_coverage,False,0,0.0,False,0.0
cookingworld:test:53835,R2,27597,2,2,1.0,complete_coverage,False,2,1.0,True,0.5
cookingworld:test:52473,P,26168,1,0,0.0,zero_overlap,False,1,0.3333333333333333,False,1.0
cookingworld:test:52473,R2,26309,1,1,1.0,complete_coverage,False,2,1.0,True,1.0
cookingworld:test:52905,P,26015,3,0,0.0,zero_overlap,False,0,0.0,False,0.0
cookingworld:test:52905,R2,27521,3,2,0.6666666666666666,partial_coverage,False,2,1.0,True,0.0
cookingworld:test:52750,P,25206,1,0,0.0,zero_overlap,False,0,0.0,False,1.0
cookingworld:test:52750,R2,26180,1,1,1.0,complete_coverage,False,2,1.0,True,1.0
cookingworld:test:53073,P,25152,2,0,0.0,zero_overlap,False,0,0.0,False,1.0
cookingworld:test:53073,R2,28997,2,2,1.0,complete_coverage,False,2,1.0,True,1.0
cookingworld:test:53463,P,24460,1,1,1.0,complete_coverage,False,0,0.0,False,1.0
cookingworld:test:53463,R2,26480,1,1,1.0,complete_coverage,False,2,1.0,True,1.0
cookingworld:test:53349,P,25716,2,1,0.5,partial_coverage,False,0,0.0,False,1.0
cookingworld:test:53349,R2,28425,2,2,1.0,complete_coverage,False,2,1.0,True,1.0
cookingworld:test:53383,P,24882,3,0,0.0,zero_overlap,False,0,0.0,False,0.5
cookingworld:test:53383,R2,28975,3,3,1.0,complete_coverage,False,2,1.0,True,1.0
cookingworld:test:53585,P,27406,1,0,0.0,zero_overlap,False,0,0.0,False,0.0
cookingworld:test:53585,R2,24594,1,1,1.0,complete_coverage,False,2,1.0,True,0.0
cookingworld:test:53579,P,28669,1,1,1.0,complete_coverage,False,0,0.0,False,1.0
cookingworld:test:53579,R2,25795,1,1,1.0,complete_coverage,False,2,1.0,True,1.0
cookingworld:test:52620,P,28476,0,0,,no_transformation_target,False,1,0.3333333333333333,False,1.0
cookingworld:test:52620,R2,25768,0,0,,no_transformation_target,True,2,1.0,True,1.0
cookingworld:test:52027,P,28720,1,0,0.0,zero_overlap,False,0,0.0,False,1.0
cookingworld:test:52027,R2,27378,1,1,1.0,complete_coverage,False,2,1.0,True,1.0
cookingworld:test:53440,P,26037,3,0,0.0,zero_overlap,False,0,0.0,False,1.0
cookingworld:test:53440,R2,28230,3,2,0.6666666666666666,partial_coverage,False,2,1.0,True,0.0
cookingworld:test:52737,P,27963,2,1,0.5,partial_coverage,False,0,0.0,False,1.0
cookingworld:test:52737,R2,27863,2,0,0.0,zero_overlap,False,2,1.0,True,1.0
cookingworld:test:52955,P,26656,1,1,1.0,complete_coverage,False,0,0.0,False,1.0
cookingworld:test:52955,R2,26367,1,0,0.0,zero_overlap,False,2,1.0,True,1.0
cookingworld:test:52609,P,28218,1,0,0.0,zero_overlap,False,0,0.0,False,1.0
cookingworld:test:52609,R2,26521,1,0,0.0,zero_overlap,False,2,1.0,True,1.0
cookingworld:test:52985,P,26761,1,0,0.0,zero_overlap,False,0,0.0,False,1.0
cookingworld:test:52985,R2,25132,1,0,0.0,zero_overlap,False,2,1.0,True,1.0
cookingworld:test:53614,P,27597,2,2,1.0,complete_coverage,False,1,0.3333333333333333,False,1.0
cookingworld:test:53614,R2,26881,2,1,0.5,partial_coverage,False,2,1.0,True,1.0
cookingworld:test:52107,P,27835,3,1,0.3333333333333333,partial_coverage,False,0,0.0,False,0.0
cookingworld:test:52107,R2,28416,3,3,1.0,complete_coverage,False,2,1.0,True,1.0
cookingworld:test:53273,P,27619,1,0,0.0,zero_overlap,False,1,0.3333333333333333,False,1.0
cookingworld:test:53273,R2,25274,1,0,0.0,zero_overlap,False,2,1.0,True,1.0
cookingworld:test:52109,P,26083,3,1,0.3333333333333333,partial_coverage,False,0,0.0,False,1.0
cookingworld:test:52109,R2,25695,3,1,0.3333333333333333,partial_coverage,False,2,1.0,True,1.0
cookingworld:test:52911,P,24327,4,2,0.5,partial_coverage,False,1,0.3333333333333333,False,1.0
cookingworld:test:52911,R2,25234,4,3,0.75,partial_coverage,False,2,1.0,True,1.0
cookingworld:test:53937,P,25448,4,1,0.25,partial_coverage,False,0,0.0,False,1.0
cookingworld:test:53937,R2,27987,4,3,0.75,partial_coverage,False,2,1.0,True,1.0
cookingworld:test:52381,P,26133,3,0,0.0,zero_overlap,False,0,0.0,False,1.0
cookingworld:test:52381,R2,24558,3,1,0.3333333333333333,partial_coverage,False,2,1.0,True,1.0
cookingworld:test:52280,P,25393,1,0,0.0,zero_overlap,False,0,0.0,False,1.0
cookingworld:test:52280,R2,26062,1,0,0.0,zero_overlap,False,2,1.0,True,1.0
cookingworld:test:53719,P,28504,0,0,,no_transformation_target,False,0,0.0,False,1.0
cookingworld:test:53719,R2,24118,0,0,,no_transformation_target,False,2,1.0,True,1.0
cookingworld:test:53562,P,28549,1,1,1.0,complete_coverage,False,0,0.0,False,1.0
cookingworld:test:53562,R2,26710,1,1,1.0,complete_coverage,False,2,1.0,True,1.0
cookingworld:test:52853,P,24729,3,1,0.3333333333333333,partial_coverage,False,0,0.0,False,0.0
cookingworld:test:52853,R2,27315,3,3,1.0,complete_coverage,False,2,1.0,True,1.0
cookingworld:test:53298,P,27430,4,2,0.5,partial_coverage,False,1,0.3333333333333333,False,1.0
cookingworld:test:53298,R2,26141,4,3,0.75,partial_coverage,False,2,1.0,True,1.0
cookingworld:test:53995,P,25924,1,0,0.0,zero_overlap,False,0,0.0,False,0.0
cookingworld:test:53995,R2,25336,1,1,1.0,complete_coverage,False,2,1.0,True,1.0
cookingworld:test:53532,P,24168,3,0,0.0,zero_overlap,False,0,0.0,False,1.0
cookingworld:test:53532,R2,24506,3,1,0.3333333333333333,partial_coverage,False,2,1.0,True,1.0
cookingworld:test:53841,P,26460,3,1,0.3333333333333333,partial_coverage,False,1,0.3333333333333333,False,0.5
cookingworld:test:53841,R2,28104,3,3,1.0,complete_coverage,False,2,1.0,True,1.0
cookingworld:test:53388,P,26557,3,0,0.0,zero_overlap,False,0,0.0,False,1.0
cookingworld:test:53388,R2,25618,3,1,0.3333333333333333,partial_coverage,False,2,1.0,True,1.0
cookingworld:test:52470,P,24398,1,1,1.0,complete_coverage,False,1,0.3333333333333333,False,1.0
cookingworld:test:52470,R2,25782,1,0,0.0,zero_overlap,False,2,1.0,True,1.0
cookingworld:test:52012,P,26317,0,0,,no_transformation_target,False,0,0.0,False,1.0
cookingworld:test:52012,R2,28113,0,0,,no_transformation_target,False,2,1.0,True,1.0
cookingworld:test:53232,P,24281,2,1,0.5,partial_coverage,False,0,0.0,False,1.0
cookingworld:test:53232,R2,27357,2,1,0.5,partial_coverage,False,2,1.0,True,1.0
cookingworld:test:52889,P,24442,4,2,0.5,partial_coverage,False,0,0.0,False,1.0
cookingworld:test:52889,R2,26472,4,3,0.75,partial_coverage,False,2,1.0,True,0.5
cookingworld:test:52276,P,24729,2,0,0.0,zero_overlap,False,0,0.0,False,0.0
cookingworld:test:52276,R2,27763,2,1,0.5,partial_coverage,False,2,1.0,True,1.0
cookingworld:test:52346,P,26540,2,0,0.0,zero_overlap,False,1,0.3333333333333333,False,1.0
cookingworld:test:52346,R2,27974,2,1,0.5,partial_coverage,False,2,1.0,True,1.0
cookingworld:test:53726,P,24245,3,1,0.3333333333333333,partial_coverage,False,0,0.0,False,1.0
cookingworld:test:53726,R2,25298,3,2,0.6666666666666666,partial_coverage,False,2,1.0,True,1.0
cookingworld:test:53734,P,24132,2,0,0.0,zero_overlap,False,0,0.0,False,1.0
cookingworld:test:53734,R2,26417,2,1,0.5,partial_coverage,False,2,1.0,True,0.0
cookingworld:test:52214,P,25618,0,0,,no_transformation_target,False,0,0.0,False,1.0
cookingworld:test:52214,R2,27405,0,0,,no_transformation_target,False,2,1.0,True,1.0
cookingworld:test:53396,P,26497,2,0,0.0,zero_overlap,False,1,0.3333333333333333,False,1.0
cookingworld:test:53396,R2,24537,2,1,0.5,partial_coverage,False,2,1.0,True,1.0
cookingworld:test:52844,P,24750,4,2,0.5,partial_coverage,False,0,0.0,False,1.0
cookingworld:test:52844,R2,25803,4,2,0.5,partial_coverage,False,2,1.0,True,1.0
cookingworld:test:53009,P,27863,2,0,0.0,zero_overlap,False,0,0.0,False,1.0
cookingworld:test:53009,R2,26083,2,1,0.5,partial_coverage,False,2,1.0,True,1.0
cookingworld:test:52593,P,28194,1,0,0.0,zero_overlap,False,0,0.0,False,1.0
cookingworld:test:52593,R2,28656,1,1,1.0,complete_coverage,False,2,1.0,True,1.0
cookingworld:test:52076,P,25129,0,0,,no_transformation_target,False,0,0.0,False,1.0
cookingworld:test:52076,R2,28127,0,0,,no_transformation_target,False,2,1.0,True,1.0
cookingworld:test:53319,P,25354,2,1,0.5,partial_coverage,False,0,0.0,False,1.0
cookingworld:test:53319,R2,27726,2,2,1.0,complete_coverage,False,2,1.0,True,0.0
cookingworld:test:52681,P,26316,2,0,0.0,zero_overlap,False,1,0.3333333333333333,False,0.0
cookingworld:test:52681,R2,25786,2,2,1.0,complete_coverage,False,2,1.0,True,1.0
cookingworld:test:52117,P,28975,4,1,0.25,partial_coverage,False,0,0.0,False,1.0
cookingworld:test:52117,R2,25857,4,3,0.75,partial_coverage,False,2,1.0,True,1.0
cookingworld:test:53448,P,24569,3,1,0.3333333333333333,partial_coverage,False,0,0.0,False,1.0
cookingworld:test:53448,R2,26613,3,1,0.3333333333333333,partial_coverage,False,2,1.0,True,1.0
cookingworld:test:53758,P,27122,3,2,0.6666666666666666,partial_coverage,False,1,0.3333333333333333,False,0.5
cookingworld:test:53758,R2,24327,3,2,0.6666666666666666,partial_coverage,False,2,1.0,True,1.0
cookingworld:test:52095,P,28549,3,1,0.3333333333333333,partial_coverage,False,0,0.0,False,1.0
cookingworld:test:52095,R2,24442,3,2,0.6666666666666666,partial_coverage,False,2,1.0,True,1.0
cookingworld:test:52962,P,28383,2,0,0.0,zero_overlap,False,0,0.0,False,1.0
cookingworld:test:52962,R2,28218,2,2,1.0,complete_coverage,False,2,1.0,True,0.5
cookingworld:test:53708,P,26077,2,1,0.5,partial_coverage,False,1,0.3333333333333333,False,1.0
cookingworld:test:53708,R2,24809,2,1,0.5,partial_coverage,False,2,1.0,True,1.0
cookingworld:test:53382,P,26202,3,0,0.0,zero_overlap,False,0,0.0,False,1.0
cookingworld:test:53382,R2,26632,3,3,1.0,complete_coverage,False,2,1.0,True,1.0
cookingworld:test:53163,P,27378,3,1,0.3333333333333333,partial_coverage,False,0,0.0,False,1.0
cookingworld:test:53163,R2,24119,3,2,0.6666666666666666,partial_coverage,False,2,1.0,True,1.0
cookingworld:test:52129,P,26589,2,1,0.5,partial_coverage,False,0,0.0,False,1.0
cookingworld:test:52129,R2,25548,2,1,0.5,partial_coverage,False,2,1.0,True,1.0
cookingworld:test:53458,P,26896,3,2,0.6666666666666666,partial_coverage,False,0,0.0,False,1.0
cookingworld:test:53458,R2,25448,3,2,0.6666666666666666,partial_coverage,False,2,1.0,True,1.0
cookingworld:test:53790,P,26703,2,1,0.5,partial_coverage,False,0,0.0,False,0.5
cookingworld:test:53790,R2,27734,2,1,0.5,partial_coverage,False,2,1.0,True,1.0
cookingworld:test:52682,P,28953,1,0,0.0,zero_overlap,False,0,0.0,False,0.5
cookingworld:test:52682,R2,25796,1,0,0.0,zero_overlap,False,2,1.0,True,1.0
cookingworld:test:53480,P,24669,4,1,0.25,partial_coverage,False,0,0.0,False,1.0
cookingworld:test:53480,R2,24130,4,3,0.75,partial_coverage,False,2,1.0,True,1.0
cookingworld:test:53796,P,24483,2,2,1.0,complete_coverage,False,0,0.0,False,1.0
cookingworld:test:53796,R2,25136,2,1,0.5,partial_coverage,False,2,1.0,True,1.0
cookingworld:test:53565,P,25114,2,0,0.0,zero_overlap,False,0,0.0,False,0.0
cookingworld:test:53565,R2,25500,2,1,0.5,partial_coverage,False,2,1.0,True,1.0
cookingworld:test:53924,P,28603,0,0,,no_transformation_target,False,0,0.0,False,1.0
cookingworld:test:53924,R2,25954,0,0,,no_transformation_target,True,2,1.0,True,1.0
cookingworld:test:52888,P,24266,3,1,0.3333333333333333,partial_coverage,False,0,0.0,False,1.0
cookingworld:test:52888,R2,28643,3,2,0.6666666666666666,partial_coverage,False,2,1.0,True,1.0
cookingworld:test:52430,P,27734,2,0,0.0,zero_overlap,False,0,0.0,False,0.0
cookingworld:test:52430,R2,24024,2,2,1.0,complete_coverage,False,2,1.0,True,0.5
cookingworld:test:53411,P,25157,0,0,,no_transformation_target,False,0,0.0,False,1.0
cookingworld:test:53411,R2,25152,0,0,,no_transformation_target,True,2,1.0,True,1.0
cookingworld:test:52894,P,25970,2,0,0.0,zero_overlap,False,1,0.3333333333333333,False,0.5
cookingworld:test:52894,R2,24846,2,2,1.0,complete_coverage,False,2,1.0,True,0.0
cookingworld:test:52412,P,26589,3,1,0.3333333333333333,partial_coverage,False,0,0.0,False,1.0
cookingworld:test:52412,R2,28383,3,2,0.6666666666666666,partial_coverage,False,2,1.0,True,1.0
cookingworld:test:52054,P,25160,3,1,0.3333333333333333,partial_coverage,False,1,0.3333333333333333,False,1.0
cookingworld:test:52054,R2,26557,3,2,0.6666666666666666,partial_coverage,False,2,1.0,True,1.0
cookingworld:test:52954,P,24024,4,3,0.75,partial_coverage,False,0,0.0,False,1.0
cookingworld:test:52954,R2,27156,4,3,0.75,partial_coverage,False,2,1.0,True,1.0
cookingworld:test:52828,P,24710,1,0,0.0,zero_overlap,False,0,0.0,False,1.0
cookingworld:test:52828,R2,26181,1,0,0.0,zero_overlap,False,2,1.0,True,1.0
cookingworld:test:53792,P,26455,3,0,0.0,zero_overlap,False,0,0.0,False,0.5
cookingworld:test:53792,R2,26587,3,3,1.0,complete_coverage,False,2,1.0,True,0.0
cookingworld:test:52581,P,24558,2,1,0.5,partial_coverage,False,0,0.0,False,0.0
cookingworld:test:52581,R2,26037,2,1,0.5,partial_coverage,False,2,1.0,True,1.0
cookingworld:test:53710,P,25899,2,0,0.0,zero_overlap,False,0,0.0,False,1.0
cookingworld:test:53710,R2,25216,2,1,0.5,partial_coverage,False,2,1.0,True,1.0
cookingworld:test:53389,P,27831,1,0,0.0,zero_overlap,False,0,0.0,False,1.0
cookingworld:test:53389,R2,25864,1,0,0.0,zero_overlap,False,2,1.0,True,1.0
cookingworld:test:52267,P,25424,2,1,0.5,partial_coverage,False,0,0.0,False,1.0
cookingworld:test:52267,R2,26863,2,1,0.5,partial_coverage,False,2,1.0,True,1.0
cookingworld:test:53427,P,25834,4,1,0.25,partial_coverage,False,0,0.0,False,1.0
cookingworld:test:53427,R2,28852,4,2,0.5,partial_coverage,False,2,1.0,True,0.0
cookingworld:test:52255,P,25786,2,1,0.5,partial_coverage,False,0,0.0,False,1.0
cookingworld:test:52255,R2,26288,2,1,0.5,partial_coverage,False,2,1.0,True,1.0
cookingworld:test:53592,P,27783,3,2,0.6666666666666666,partial_coverage,False,0,0.0,False,1.0
cookingworld:test:53592,R2,25084,3,2,0.6666666666666666,partial_coverage,False,2,1.0,True,1.0
cookingworld:test:52691,P,26399,1,0,0.0,zero_overlap,False,0,0.0,False,1.0
cookingworld:test:52691,R2,25899,1,1,1.0,complete_coverage,False,2,1.0,True,1.0
cookingworld:test:52848,P,26683,1,0,0.0,zero_overlap,False,0,0.0,False,1.0
cookingworld:test:52848,R2,26202,1,1,1.0,complete_coverage,False,2,1.0,True,1.0
cookingworld:test:53012,P,26042,1,0,0.0,zero_overlap,False,0,0.0,False,1.0
cookingworld:test:53012,R2,26212,1,1,1.0,complete_coverage,False,2,1.0,True,1.0
cookingworld:test:53208,P,25329,3,0,0.0,zero_overlap,False,0,0.0,False,1.0
cookingworld:test:53208,R2,26557,3,1,0.3333333333333333,partial_coverage,False,2,1.0,True,0.0
cookingworld:test:53586,P,28560,2,1,0.5,partial_coverage,False,0,0.0,False,1.0
cookingworld:test:53586,R2,25500,2,1,0.5,partial_coverage,False,2,1.0,True,1.0
cookingworld:test:53766,P,24970,3,0,0.0,zero_overlap,False,0,0.0,False,1.0
cookingworld:test:53766,R2,24042,3,3,1.0,complete_coverage,False,2,1.0,True,1.0
cookingworld:test:53162,P,24846,2,0,0.0,zero_overlap,False,0,0.0,False,1.0
cookingworld:test:53162,R2,24256,2,1,0.5,partial_coverage,False,2,1.0,True,1.0
cookingworld:test:52448,P,28720,3,0,0.0,zero_overlap,False,1,0.3333333333333333,False,1.0
cookingworld:test:52448,R2,28211,3,2,0.6666666666666666,partial_coverage,False,2,1.0,True,1.0
cookingworld:test:52547,P,25865,3,1,0.3333333333333333,partial_coverage,False,0,0.0,False,1.0
cookingworld:test:52547,R2,26010,3,2,0.6666666666666666,partial_coverage,False,2,1.0,True,1.0
cookingworld:test:52893,P,27863,3,0,0.0,zero_overlap,False,0,0.0,False,0.0
cookingworld:test:52893,R2,26161,3,3,1.0,complete_coverage,False,2,1.0,True,0.0
cookingworld:test:52563,P,24620,3,2,0.6666666666666666,partial_coverage,False,0,0.0,False,0.0
cookingworld:test:52563,R2,27430,3,3,1.0,complete_coverage,False,2,1.0,True,0.0
cookingworld:test:53397,P,26704,1,1,1.0,complete_coverage,False,0,0.0,False,1.0
cookingworld:test:53397,R2,25314,1,0,0.0,zero_overlap,False,2,1.0,True,1.0
cookingworld:test:53430,P,24042,1,1,1.0,complete_coverage,False,0,0.0,False,1.0
cookingworld:test:53430,R2,24509,1,0,0.0,zero_overlap,False,2,1.0,True,1.0
cookingworld:test:53436,P,26649,2,0,0.0,zero_overlap,False,0,0.0,False,1.0
cookingworld:test:53436,R2,27863,2,0,0.0,zero_overlap,False,2,1.0,True,1.0
cookingworld:test:53498,P,27717,3,1,0.3333333333333333,partial_coverage,False,0,0.0,False,0.0
cookingworld:test:53498,R2,24132,3,3,1.0,complete_coverage,False,2,1.0,True,1.0
cookingworld:test:52145,P,28209,2,1,0.5,partial_coverage,False,0,0.0,False,0.5
cookingworld:test:52145,R2,24729,2,1,0.5,partial_coverage,False,2,1.0,True,0.0
cookingworld:test:52886,P,26061,1,1,1.0,complete_coverage,False,0,0.0,False,1.0
cookingworld:test:52886,R2,24237,1,1,1.0,complete_coverage,False,2,1.0,True,1.0
cookingworld:test:52611,P,25462,0,0,,no_transformation_target,False,0,0.0,False,1.0
cookingworld:test:52611,R2,27405,0,0,,no_transformation_target,False,2,1.0,True,1.0
cookingworld:test:53312,P,25795,4,0,0.0,zero_overlap,False,1,0.3333333333333333,False,1.0
cookingworld:test:53312,R2,27456,4,3,0.75,partial_coverage,False,2,1.0,True,0.0
cookingworld:test:52917,P,26257,3,0,0.0,zero_overlap,False,1,0.3333333333333333,False,0.5
cookingworld:test:52917,R2,28019,3,2,0.6666666666666666,partial_coverage,False,2,1.0,True,0.0
cookingworld:test:52260,P,25924,1,0,0.0,zero_overlap,False,0,0.0,False,1.0
cookingworld:test:52260,R2,26084,1,0,0.0,zero_overlap,False,2,1.0,True,1.0
cookingworld:test:53993,P,28113,2,0,0.0,zero_overlap,False,1,0.3333333333333333,False,1.0
cookingworld:test:53993,R2,27006,2,1,0.5,partial_coverage,False,2,1.0,True,0.0
cookingworld:test:52757,P,26042,4,0,0.0,zero_overlap,False,0,0.0,False,1.0
cookingworld:test:52757,R2,25157,4,3,0.75,partial_coverage,False,2,1.0,True,1.0
cookingworld:test:52493,P,26347,3,1,0.3333333333333333,partial_coverage,False,0,0.0,False,0.0
cookingworld:test:52493,R2,26049,3,1,0.3333333333333333,partial_coverage,False,2,1.0,True,0.0
cookingworld:test:53778,P,24912,3,1,0.3333333333333333,partial_coverage,False,0,0.0,False,1.0
cookingworld:test:53778,R2,24538,3,3,1.0,complete_coverage,False,2,1.0,True,1.0
cookingworld:test:52927,P,26049,3,2,0.6666666666666666,partial_coverage,False,0,0.0,False,0.5
cookingworld:test:52927,R2,27963,3,2,0.6666666666666666,partial_coverage,False,2,1.0,True,1.0
cookingworld:test:53966,P,27980,1,1,1.0,complete_coverage,False,0,0.0,False,1.0
cookingworld:test:53966,R2,25417,1,0,0.0,zero_overlap,False,2,1.0,True,1.0
cookingworld:test:52003,P,25102,2,1,0.5,partial_coverage,False,1,0.3333333333333333,False,1.0
cookingworld:test:52003,R2,26044,2,0,0.0,zero_overlap,False,2,1.0,True,1.0
cookingworld:test:53093,P,24208,2,2,1.0,complete_coverage,False,0,0.0,False,1.0
cookingworld:test:53093,R2,26316,2,1,0.5,partial_coverage,False,2,1.0,True,1.0
cookingworld:test:52036,P,27521,1,0,0.0,zero_overlap,False,0,0.0,False,1.0
cookingworld:test:52036,R2,26358,1,0,0.0,zero_overlap,False,2,1.0,True,1.0
cookingworld:test:52802,P,25796,1,0,0.0,zero_overlap,False,0,0.0,False,0.0
cookingworld:test:52802,R2,26073,1,1,1.0,complete_coverage,False,2,1.0,True,0.5
cookingworld:test:52592,P,25887,3,1,0.3333333333333333,partial_coverage,False,1,0.3333333333333333,False,1.0
cookingworld:test:52592,R2,26976,3,2,0.6666666666666666,partial_coverage,False,2,1.0,True,1.0
cookingworld:test:53086,P,27167,0,0,,no_transformation_target,False,0,0.0,False,1.0
cookingworld:test:53086,R2,25453,0,0,,no_transformation_target,True,1,0.3333333333333333,False,1.0
cookingworld:test:53772,P,25205,2,0,0.0,zero_overlap,False,0,0.0,False,0.5
cookingworld:test:53772,R2,24669,2,0,0.0,zero_overlap,False,2,1.0,True,1.0
cookingworld:test:52859,P,28852,3,1,0.3333333333333333,partial_coverage,False,0,0.0,False,0.0
cookingworld:test:52859,R2,25025,3,3,1.0,complete_coverage,False,2,1.0,True,0.0
cookingworld:test:53804,P,26168,3,0,0.0,zero_overlap,False,0,0.0,False,0.5
cookingworld:test:53804,R2,24390,3,2,0.6666666666666666,partial_coverage,False,2,1.0,True,0.0
cookingworld:test:52480,P,25615,2,0,0.0,zero_overlap,False,0,0.0,False,1.0
cookingworld:test:52480,R2,24483,2,1,0.5,partial_coverage,False,2,1.0,True,1.0
cookingworld:test:52939,P,25278,1,0,0.0,zero_overlap,False,0,0.0,False,1.0
cookingworld:test:52939,R2,24846,1,1,1.0,complete_coverage,False,2,1.0,True,1.0
cookingworld:test:52503,P,25314,0,0,,no_transformation_target,False,0,0.0,False,1.0
cookingworld:test:52503,R2,26002,0,0,,no_transformation_target,False,2,1.0,True,0.5
cookingworld:test:53065,P,28383,1,0,0.0,zero_overlap,False,0,0.0,False,1.0
cookingworld:test:53065,R2,25796,1,0,0.0,zero_overlap,False,2,1.0,True,1.0
cookingworld:test:53544,P,27167,2,0,0.0,zero_overlap,False,0,0.0,False,0.5
cookingworld:test:53544,R2,25788,2,1,0.5,partial_coverage,False,2,1.0,True,1.0
cookingworld:test:53935,P,24313,2,0,0.0,zero_overlap,False,1,0.3333333333333333,False,1.0
cookingworld:test:53935,R2,28072,2,1,0.5,partial_coverage,False,2,1.0,True,1.0
cookingworld:test:52389,P,26251,4,2,0.5,partial_coverage,False,1,0.3333333333333333,False,1.0
cookingworld:test:52389,R2,27363,4,2,0.5,partial_coverage,False,2,1.0,True,0.0
cookingworld:test:53015,P,25417,1,0,0.0,zero_overlap,False,0,0.0,False,1.0
cookingworld:test:53015,R2,26133,1,1,1.0,complete_coverage,False,2,1.0,True,1.0
cookingworld:test:52223,P,28713,2,0,0.0,zero_overlap,False,0,0.0,False,1.0
cookingworld:test:52223,R2,24483,2,1,0.5,partial_coverage,False,2,1.0,True,1.0
cookingworld:test:53327,P,28993,4,3,0.75,partial_coverage,False,1,0.3333333333333333,False,1.0
cookingworld:test:53327,R2,27885,4,3,0.75,partial_coverage,False,2,1.0,True,1.0
cookingworld:test:52774,P,25074,2,1,0.5,partial_coverage,False,0,0.0,False,1.0
cookingworld:test:52774,R2,24280,2,2,1.0,complete_coverage,False,2,1.0,True,1.0
cookingworld:test:53032,P,25045,3,1,0.3333333333333333,partial_coverage,False,0,0.0,False,1.0
cookingworld:test:53032,R2,26927,3,1,0.3333333333333333,partial_coverage,False,2,1.0,True,1.0
cookingworld:test:53123,P,25591,1,0,0.0,zero_overlap,False,0,0.0,False,0.0
cookingworld:test:53123,R2,26212,1,1,1.0,complete_coverage,False,2,1.0,True,0.0
cookingworld:test:52067,P,27597,3,0,0.0,zero_overlap,False,0,0.0,False,1.0
cookingworld:test:52067,R2,25298,3,2,0.6666666666666666,partial_coverage,False,2,1.0,True,1.0
cookingworld:test:53870,P,25198,1,0,0.0,zero_overlap,False,0,0.0,False,1.0
cookingworld:test:53870,R2,24540,1,0,0.0,zero_overlap,False,2,1.0,True,1.0
cookingworld:test:52210,P,26078,4,1,0.25,partial_coverage,False,1,0.3333333333333333,False,0.0
cookingworld:test:52210,R2,25716,4,2,0.5,partial_coverage,False,2,1.0,True,1.0
cookingworld:test:53442,P,26520,3,1,0.3333333333333333,partial_coverage,False,0,0.0,False,1.0
cookingworld:test:53442,R2,25278,3,1,0.3333333333333333,partial_coverage,False,2,1.0,True,1.0
cookingworld:test:52162,P,27863,3,0,0.0,zero_overlap,False,0,0.0,False,1.0
cookingworld:test:52162,R2,28029,3,2,0.6666666666666666,partial_coverage,False,2,1.0,True,1.0
cookingworld:test:53895,P,27634,3,1,0.3333333333333333,partial_coverage,False,0,0.0,False,0.5
cookingworld:test:53895,R2,26347,3,3,1.0,complete_coverage,False,2,1.0,True,0.5
cookingworld:test:53768,P,24393,2,1,0.5,partial_coverage,False,1,0.3333333333333333,False,1.0
cookingworld:test:53768,R2,24458,2,2,1.0,complete_coverage,False,2,1.0,True,1.0
cookingworld:test:53210,P,24742,3,0,0.0,zero_overlap,False,0,0.0,False,0.0
cookingworld:test:53210,R2,28720,3,2,0.6666666666666666,partial_coverage,False,2,1.0,True,0.0
cookingworld:test:53322,P,26434,3,0,0.0,zero_overlap,False,0,0.0,False,0.5
cookingworld:test:53322,R2,28220,3,1,0.3333333333333333,partial_coverage,False,2,1.0,True,1.0
cookingworld:test:52285,P,28477,2,0,0.0,zero_overlap,False,1,0.3333333333333333,False,1.0
cookingworld:test:52285,R2,24469,2,1,0.5,partial_coverage,False,2,1.0,True,0.5
cookingworld:test:52236,P,25520,1,0,0.0,zero_overlap,False,0,0.0,False,1.0
cookingworld:test:52236,R2,27907,1,1,1.0,complete_coverage,False,2,1.0,True,1.0
cookingworld:test:53516,P,24506,2,1,0.5,partial_coverage,False,0,0.0,False,0.5
cookingworld:test:53516,R2,28430,2,1,0.5,partial_coverage,False,2,1.0,True,1.0
cookingworld:test:53573,P,25788,1,0,0.0,zero_overlap,False,0,0.0,False,1.0
cookingworld:test:53573,R2,25292,1,0,0.0,zero_overlap,False,2,1.0,True,1.0
cookingworld:test:52602,P,26879,4,0,0.0,zero_overlap,False,0,0.0,False,1.0
cookingworld:test:52602,R2,24814,4,2,0.5,partial_coverage,False,2,1.0,True,0.5
cookingworld:test:52298,P,27701,2,1,0.5,partial_coverage,False,0,0.0,False,1.0
cookingworld:test:52298,R2,26257,2,1,0.5,partial_coverage,False,2,1.0,True,1.0
cookingworld:test:52288,P,25102,3,2,0.6666666666666666,partial_coverage,False,0,0.0,False,1.0
cookingworld:test:52288,R2,25446,3,1,0.3333333333333333,partial_coverage,False,2,1.0,True,1.0
cookingworld:test:53523,P,28553,1,1,1.0,complete_coverage,True,0,0.0,False,1.0
cookingworld:test:53523,R2,26312,1,0,0.0,zero_overlap,False,2,1.0,True,1.0
cookingworld:test:53540,P,24154,1,0,0.0,zero_overlap,False,0,0.0,False,1.0
cookingworld:test:53540,R2,27757,1,1,1.0,complete_coverage,False,2,1.0,True,1.0
cookingworld:test:53365,P,27834,2,1,0.5,partial_coverage,False,0,0.0,False,1.0
cookingworld:test:53365,R2,26896,2,2,1.0,complete_coverage,False,2,1.0,True,0.0
cookingworld:test:53224,P,25426,3,1,0.3333333333333333,partial_coverage,False,0,0.0,False,1.0
cookingworld:test:53224,R2,26638,3,1,0.3333333333333333,partial_coverage,False,2,1.0,True,1.0
cookingworld:test:52487,P,25649,2,0,0.0,zero_overlap,False,1,0.3333333333333333,False,1.0
cookingworld:test:52487,R2,24569,2,1,0.5,partial_coverage,False,2,1.0,True,1.0
cookingworld:test:53156,P,24582,1,0,0.0,zero_overlap,False,0,0.0,False,1.0
cookingworld:test:53156,R2,26245,1,1,1.0,complete_coverage,False,2,1.0,True,1.0
cookingworld:test:53967,P,24569,1,0,0.0,zero_overlap,False,0,0.0,False,1.0
cookingworld:test:53967,R2,27570,1,1,1.0,complete_coverage,False,2,1.0,True,1.0
cookingworld:test:53973,P,27690,2,0,0.0,zero_overlap,False,0,0.0,False,1.0
cookingworld:test:53973,R2,27382,2,1,0.5,partial_coverage,False,2,1.0,True,1.0
cookingworld:test:53405,P,25795,2,0,0.0,zero_overlap,False,0,0.0,False,1.0
cookingworld:test:53405,R2,24528,2,1,0.5,partial_coverage,False,2,1.0,True,0.0
cookingworld:test:53257,P,25713,1,0,0.0,zero_overlap,False,0,0.0,False,0.0
cookingworld:test:53257,R2,26227,1,1,1.0,complete_coverage,False,2,1.0,True,0.5
cookingworld:test:53922,P,28609,1,0,0.0,zero_overlap,False,1,0.3333333333333333,False,1.0
cookingworld:test:53922,R2,27405,1,0,0.0,zero_overlap,False,2,1.0,True,1.0
cookingworld:test:52139,P,26002,1,0,0.0,zero_overlap,False,0,0.0,False,1.0
cookingworld:test:52139,R2,25518,1,0,0.0,zero_overlap,False,2,1.0,True,1.0
cookingworld:test:52997,P,24669,2,0,0.0,zero_overlap,False,0,0.0,False,1.0
cookingworld:test:52997,R2,26078,2,1,0.5,partial_coverage,False,2,1.0,True,0.5
cookingworld:test:52151,P,24362,2,1,0.5,partial_coverage,False,0,0.0,False,1.0
cookingworld:test:52151,R2,25024,2,0,0.0,zero_overlap,False,2,1.0,True,1.0
cookingworld:test:52793,P,25773,1,1,1.0,complete_coverage,False,0,0.0,False,1.0
cookingworld:test:52793,R2,25342,1,0,0.0,zero_overlap,False,2,1.0,True,1.0
cookingworld:test:53759,P,25342,3,1,0.3333333333333333,partial_coverage,False,0,0.0,False,1.0
cookingworld:test:53759,R2,25202,3,1,0.3333333333333333,partial_coverage,False,2,1.0,True,1.0
cookingworld:test:53991,P,26037,3,1,0.3333333333333333,partial_coverage,False,0,0.0,False,1.0
cookingworld:test:53991,R2,28104,3,3,1.0,complete_coverage,False,2,1.0,True,1.0
cookingworld:test:52025,P,25426,3,1,0.3333333333333333,partial_coverage,False,0,0.0,False,1.0
cookingworld:test:52025,R2,25971,3,2,0.6666666666666666,partial_coverage,False,2,1.0,True,1.0
cookingworld:test:53130,P,26785,1,1,1.0,complete_coverage,True,0,0.0,False,1.0
cookingworld:test:53130,R2,25024,1,0,0.0,zero_overlap,False,2,1.0,True,1.0
cookingworld:test:53329,P,24458,2,1,0.5,partial_coverage,False,0,0.0,False,1.0
cookingworld:test:53329,R2,24561,2,1,0.5,partial_coverage,False,2,1.0,True,1.0
cookingworld:test:52585,P,26589,0,0,,no_transformation_target,False,1,0.3333333333333333,False,1.0
cookingworld:test:52585,R2,25152,0,0,,no_transformation_target,True,2,1.0,True,1.0
cookingworld:test:52312,P,25314,3,1,0.3333333333333333,partial_coverage,False,0,0.0,False,1.0
cookingworld:test:52312,R2,25868,3,1,0.3333333333333333,partial_coverage,False,2,1.0,True,0.0
cookingworld:test:53385,P,26521,1,0,0.0,zero_overlap,False,0,0.0,False,1.0
cookingworld:test:53385,R2,25713,1,0,0.0,zero_overlap,False,2,1.0,True,1.0
cookingworld:test:52717,P,24882,1,0,0.0,zero_overlap,False,0,0.0,False,1.0
cookingworld:test:52717,R2,25795,1,1,1.0,complete_coverage,False,2,1.0,True,1.0
cookingworld:test:52349,P,25868,3,0,0.0,zero_overlap,False,0,0.0,False,1.0
cookingworld:test:52349,R2,27762,3,1,0.3333333333333333,partial_coverage,False,2,1.0,True,1.0
cookingworld:test:52431,P,26790,4,2,0.5,partial_coverage,False,0,0.0,False,1.0
cookingworld:test:52431,R2,24266,4,2,0.5,partial_coverage,False,2,1.0,True,0.0
cookingworld:test:53510,P,25446,3,0,0.0,zero_overlap,False,0,0.0,False,1.0
cookingworld:test:53510,R2,24742,3,1,0.3333333333333333,partial_coverage,False,2,1.0,True,1.0
cookingworld:test:52740,P,27399,3,1,0.3333333333333333,partial_coverage,False,1,0.3333333333333333,False,1.0
cookingworld:test:52740,R2,28560,3,3,1.0,complete_coverage,False,2,1.0,True,1.0
cookingworld:test:53303,P,28583,2,1,0.5,partial_coverage,False,0,0.0,False,1.0
cookingworld:test:53303,R2,25144,2,1,0.5,partial_coverage,False,2,1.0,True,1.0
cookingworld:test:53575,P,26621,0,0,,no_transformation_target,True,0,0.0,False,1.0
cookingworld:test:53575,R2,25152,0,0,,no_transformation_target,True,2,1.0,True,1.0
cookingworld:test:52640,P,24118,3,0,0.0,zero_overlap,False,0,0.0,False,0.0
cookingworld:test:52640,R2,25760,3,2,0.6666666666666666,partial_coverage,False,2,1.0,True,0.5
cookingworld:test:53018,P,28476,2,1,0.5,partial_coverage,False,0,0.0,False,0.5
cookingworld:test:53018,R2,27783,2,2,1.0,complete_coverage,False,2,1.0,True,0.5
cookingworld:test:53112,P,27671,2,0,0.0,zero_overlap,False,0,0.0,False,1.0
cookingworld:test:53112,R2,25206,2,1,0.5,partial_coverage,False,2,1.0,True,1.0
cookingworld:test:53281,P,26078,2,1,0.5,partial_coverage,False,0,0.0,False,1.0
cookingworld:test:53281,R2,27819,2,1,0.5,partial_coverage,False,2,1.0,True,1.0
cookingworld:test:53305,P,25342,0,0,,no_transformation_target,False,1,0.3333333333333333,False,1.0
cookingworld:test:53305,R2,25126,0,0,,no_transformation_target,True,2,1.0,True,1.0
cookingworld:test:53698,P,26312,2,0,0.0,zero_overlap,False,0,0.0,False,1.0
cookingworld:test:53698,R2,26037,2,1,0.5,partial_coverage,False,2,1.0,True,0.5
cookingworld:test:52671,P,27757,2,1,0.5,partial_coverage,False,0,0.0,False,0.5
cookingworld:test:52671,R2,25810,2,2,1.0,complete_coverage,False,2,1.0,True,0.5
cookingworld:test:53856,P,25321,1,1,1.0,complete_coverage,False,1,0.3333333333333333,False,1.0
cookingworld:test:53856,R2,25318,1,1,1.0,complete_coverage,False,2,1.0,True,0.0
cookingworld:test:53004,P,27819,1,1,1.0,complete_coverage,False,0,0.0,False,1.0
cookingworld:test:53004,R2,27746,1,0,0.0,zero_overlap,False,2,1.0,True,1.0
cookingworld:test:52557,P,26587,4,2,0.5,partial_coverage,False,0,0.0,False,1.0
cookingworld:test:52557,R2,28669,4,4,1.0,complete_coverage,True,2,1.0,True,1.0
cookingworld:test:53752,P,27354,2,2,1.0,complete_coverage,True,1,0.3333333333333333,False,1.0
cookingworld:test:53752,R2,25267,2,1,0.5,partial_coverage,False,2,1.0,True,1.0
cookingworld:test:52278,P,25063,3,1,0.3333333333333333,partial_coverage,False,0,0.0,False,1.0
cookingworld:test:52278,R2,26061,3,2,0.6666666666666666,partial_coverage,False,2,1.0,True,1.0
cookingworld:test:52184,P,27609,3,0,0.0,zero_overlap,False,0,0.0,False,0.0
cookingworld:test:52184,R2,26613,3,1,0.3333333333333333,partial_coverage,False,2,1.0,True,1.0
cookingworld:test:53111,P,25965,4,1,0.25,partial_coverage,False,0,0.0,False,0.5
cookingworld:test:53111,R2,27384,4,2,0.5,partial_coverage,False,2,1.0,True,1.0
cookingworld:test:53815,P,24571,1,0,0.0,zero_overlap,False,0,0.0,False,1.0
cookingworld:test:53815,R2,27167,1,0,0.0,zero_overlap,False,2,1.0,True,1.0
cookingworld:test:53467,P,24483,3,2,0.6666666666666666,partial_coverage,False,0,0.0,False,1.0
cookingworld:test:53467,R2,25256,3,3,1.0,complete_coverage,False,2,1.0,True,1.0
cookingworld:test:52738,P,26358,2,0,0.0,zero_overlap,False,1,0.3333333333333333,False,1.0
cookingworld:test:52738,R2,24537,2,1,0.5,partial_coverage,False,2,1.0,True,1.0
cookingworld:test:52339,P,24779,2,1,0.5,partial_coverage,False,0,0.0,False,1.0
cookingworld:test:52339,R2,26078,2,1,0.5,partial_coverage,False,2,1.0,True,0.0
cookingworld:test:52741,P,26073,0,0,,no_transformation_target,False,0,0.0,False,1.0
cookingworld:test:52741,R2,25453,0,0,,no_transformation_target,True,1,0.3333333333333333,False,1.0
cookingworld:test:52037,P,24561,2,1,0.5,partial_coverage,False,0,0.0,False,1.0
cookingworld:test:52037,R2,28549,2,1,0.5,partial_coverage,False,2,1.0,True,1.0
cookingworld:test:53561,P,26478,1,0,0.0,zero_overlap,False,0,0.0,False,1.0
cookingworld:test:53561,R2,26180,1,1,1.0,complete_coverage,False,2,1.0,True,1.0
cookingworld:test:53315,P,27974,2,1,0.5,partial_coverage,False,1,0.3333333333333333,False,1.0
cookingworld:test:53315,R2,27070,2,1,0.5,partial_coverage,False,2,1.0,True,1.0
cookingworld:test:53652,P,25298,0,0,,no_transformation_target,False,0,0.0,False,1.0
cookingworld:test:53652,R2,25045,0,0,,no_transformation_target,False,2,1.0,True,1.0
cookingworld:test:53694,P,26358,3,1,0.3333333333333333,partial_coverage,False,0,0.0,False,1.0
cookingworld:test:53694,R2,24671,3,2,0.6666666666666666,partial_coverage,False,2,1.0,True,1.0
cookingworld:test:52068,P,24814,3,2,0.6666666666666666,partial_coverage,False,0,0.0,False,0.0
cookingworld:test:52068,R2,24266,3,2,0.6666666666666666,partial_coverage,False,2,1.0,True,0.0
cookingworld:test:52329,P,27384,3,2,0.6666666666666666,partial_coverage,False,0,0.0,False,1.0
cookingworld:test:52329,R2,25688,3,2,0.6666666666666666,partial_coverage,False,2,1.0,True,1.0
cookingworld:test:52488,P,27885,2,1,0.5,partial_coverage,False,0,0.0,False,1.0
cookingworld:test:52488,R2,26951,2,1,0.5,partial_coverage,False,2,1.0,True,1.0
cookingworld:test:53059,P,26461,1,0,0.0,zero_overlap,False,0,0.0,False,1.0
cookingworld:test:53059,R2,25114,1,1,1.0,complete_coverage,False,2,1.0,True,1.0
cookingworld:test:53420,P,26589,2,0,0.0,zero_overlap,False,0,0.0,False,0.0
cookingworld:test:53420,R2,28430,2,1,0.5,partial_coverage,False,2,1.0,True,1.0
cookingworld:test:53078,P,24368,3,0,0.0,zero_overlap,False,0,0.0,False,0.0
cookingworld:test:53078,R2,27238,3,1,0.3333333333333333,partial_coverage,False,2,1.0,True,1.0
cookingworld:test:52837,P,27597,3,1,0.3333333333333333,partial_coverage,False,0,0.0,False,1.0
cookingworld:test:52837,R2,26187,3,3,1.0,complete_coverage,False,2,1.0,True,1.0
cookingworld:test:53292,P,24292,4,1,0.25,partial_coverage,False,1,0.3333333333333333,False,1.0
cookingworld:test:53292,R2,28541,4,3,0.75,partial_coverage,False,2,1.0,True,1.0
cookingworld:test:52374,P,28892,0,0,,no_transformation_target,False,0,0.0,False,1.0
cookingworld:test:52374,R2,25692,0,0,,no_transformation_target,True,2,1.0,True,1.0
cookingworld:test:53522,P,27741,2,0,0.0,zero_overlap,False,0,0.0,False,0.0
cookingworld:test:53522,R2,24912,2,1,0.5,partial_coverage,False,2,1.0,True,0.5
cookingworld:test:53153,P,28889,3,2,0.6666666666666666,partial_coverage,False,0,0.0,False,1.0
cookingworld:test:53153,R2,24398,3,2,0.6666666666666666,partial_coverage,False,2,1.0,True,1.0
cookingworld:test:52549,P,24489,2,1,0.5,partial_coverage,False,0,0.0,False,1.0
cookingworld:test:52549,R2,25815,2,2,1.0,complete_coverage,False,1,0.3333333333333333,False,1.0
cookingworld:test:52052,P,25013,4,3,0.75,partial_coverage,False,0,0.0,False,1.0
cookingworld:test:52052,R2,27741,4,2,0.5,partial_coverage,False,2,1.0,True,0.0
cookingworld:test:53317,P,28844,3,1,0.3333333333333333,partial_coverage,False,1,0.3333333333333333,False,0.5
cookingworld:test:53317,R2,24587,3,3,1.0,complete_coverage,False,2,1.0,True,0.0
cookingworld:test:52408,P,26277,1,1,1.0,complete_coverage,False,0,0.0,False,1.0
cookingworld:test:52408,R2,27232,1,1,1.0,complete_coverage,False,2,1.0,True,1.0
cookingworld:test:53067,P,26290,3,2,0.6666666666666666,partial_coverage,False,1,0.3333333333333333,False,0.0
cookingworld:test:53067,R2,25063,3,3,1.0,complete_coverage,True,2,1.0,True,1.0
cookingworld:test:53035,P,26613,4,2,0.5,partial_coverage,False,0,0.0,False,1.0
cookingworld:test:53035,R2,24979,4,3,0.75,partial_coverage,False,2,1.0,True,0.5
cookingworld:test:52576,P,26896,4,4,1.0,complete_coverage,True,0,0.0,False,1.0
cookingworld:test:52576,R2,24102,4,3,0.75,partial_coverage,False,2,1.0,True,1.0
cookingworld:test:53519,P,27281,2,1,0.5,partial_coverage,False,0,0.0,False,1.0
cookingworld:test:53519,R2,25951,2,1,0.5,partial_coverage,False,2,1.0,True,1.0
cookingworld:test:52890,P,27405,1,0,0.0,zero_overlap,False,0,0.0,False,0.0
cookingworld:test:52890,R2,25390,1,1,1.0,complete_coverage,False,2,1.0,True,0.0
cookingworld:test:53040,P,26078,2,0,0.0,zero_overlap,False,0,0.0,False,1.0
cookingworld:test:53040,R2,25354,2,2,1.0,complete_coverage,False,2,1.0,True,1.0
cookingworld:test:53770,P,26197,2,0,0.0,zero_overlap,False,0,0.0,False,1.0
cookingworld:test:53770,R2,24916,2,1,0.5,partial_coverage,False,2,1.0,True,0.0
cookingworld:test:53308,P,27363,2,1,0.5,partial_coverage,False,0,0.0,False,0.0
cookingworld:test:53308,R2,28087,2,2,1.0,complete_coverage,False,2,1.0,True,1.0
cookingworld:test:53089,P,28833,3,0,0.0,zero_overlap,False,0,0.0,False,1.0
cookingworld:test:53089,R2,25448,3,1,0.3333333333333333,partial_coverage,False,2,1.0,True,1.0
cookingworld:test:53823,P,25671,1,0,0.0,zero_overlap,False,0,0.0,False,1.0
cookingworld:test:53823,R2,25815,1,1,1.0,complete_coverage,False,2,1.0,True,1.0
cookingworld:test:53923,P,25469,2,1,0.5,partial_coverage,False,0,0.0,False,1.0
cookingworld:test:53923,R2,26597,2,2,1.0,complete_coverage,False,2,1.0,True,1.0
cookingworld:test:52469,P,25796,2,1,0.5,partial_coverage,False,1,0.3333333333333333,False,1.0
cookingworld:test:52469,R2,25469,2,1,0.5,partial_coverage,False,2,1.0,True,1.0
cookingworld:test:53689,P,24859,3,0,0.0,zero_overlap,False,0,0.0,False,0.5
cookingworld:test:53689,R2,24742,3,1,0.3333333333333333,partial_coverage,False,2,1.0,True,1.0
cookingworld:test:52759,P,27013,3,0,0.0,zero_overlap,False,0,0.0,False,0.5
cookingworld:test:52759,R2,28544,3,3,1.0,complete_coverage,False,2,1.0,True,0.5
cookingworld:test:52380,P,27885,2,1,0.5,partial_coverage,False,0,0.0,False,0.5
cookingworld:test:52380,R2,24387,2,1,0.5,partial_coverage,False,2,1.0,True,0.0
cookingworld:test:52181,P,25058,4,0,0.0,zero_overlap,False,0,0.0,False,0.5
cookingworld:test:52181,R2,28194,4,2,0.5,partial_coverage,False,2,1.0,True,1.0
cookingworld:test:52229,P,25951,2,1,0.5,partial_coverage,False,1,0.3333333333333333,False,1.0
cookingworld:test:52229,R2,24208,2,2,1.0,complete_coverage,False,2,1.0,True,1.0
cookingworld:test:53175,P,26342,3,1,0.3333333333333333,partial_coverage,False,0,0.0,False,1.0
cookingworld:test:53175,R2,25424,3,3,1.0,complete_coverage,False,2,1.0,True,1.0
cookingworld:test:53500,P,24727,2,0,0.0,zero_overlap,False,1,0.3333333333333333,False,1.0
cookingworld:test:53500,R2,27082,2,1,0.5,partial_coverage,False,2,1.0,True,1.0
cookingworld:test:52368,P,24427,2,1,0.5,partial_coverage,False,1,0.3333333333333333,False,1.0
cookingworld:test:52368,R2,28002,2,1,0.5,partial_coverage,False,2,1.0,True,0.5
cookingworld:test:52727,P,27604,0,0,,no_transformation_target,False,0,0.0,False,1.0
cookingworld:test:52727,R2,28477,0,0,,no_transformation_target,False,2,1.0,True,1.0
cookingworld:test:52411,P,24439,3,2,0.6666666666666666,partial_coverage,False,1,0.3333333333333333,False,0.5
cookingworld:test:52411,R2,26966,3,3,1.0,complete_coverage,False,2,1.0,True,1.0
cookingworld:test:52745,P,25256,2,2,1.0,complete_coverage,False,0,0.0,False,1.0
cookingworld:test:52745,R2,28553,2,1,0.5,partial_coverage,False,2,1.0,True,1.0
cookingworld:test:53037,P,25390,2,0,0.0,zero_overlap,False,0,0.0,False,1.0
cookingworld:test:53037,R2,24669,2,0,0.0,zero_overlap,False,2,1.0,True,1.0
cookingworld:test:53213,P,25692,2,0,0.0,zero_overlap,False,0,0.0,False,0.5
cookingworld:test:53213,R2,25795,2,2,1.0,complete_coverage,True,2,1.0,True,1.0
cookingworld:test:52083,P,26062,2,1,0.5,partial_coverage,False,0,0.0,False,1.0
cookingworld:test:52083,R2,25520,2,1,0.5,partial_coverage,False,2,1.0,True,1.0
cookingworld:test:52385,P,25216,3,0,0.0,zero_overlap,False,0,0.0,False,0.0
cookingworld:test:52385,R2,26613,3,1,0.3333333333333333,partial_coverage,False,2,1.0,True,1.0
cookingworld:test:52615,P,26061,1,0,0.0,zero_overlap,False,0,0.0,False,0.5
cookingworld:test:52615,R2,27061,1,1,1.0,complete_coverage,False,2,1.0,True,0.0
cookingworld:test:53479,P,24152,2,0,0.0,zero_overlap,False,0,0.0,False,1.0
cookingworld:test:53479,R2,27863,2,0,0.0,zero_overlap,False,2,1.0,True,1.0
cookingworld:test:52928,P,25166,1,0,0.0,zero_overlap,False,0,0.0,False,0.0
cookingworld:test:52928,R2,26641,1,1,1.0,complete_coverage,False,2,1.0,True,0.0
cookingworld:test:53600,P,25453,2,0,0.0,zero_overlap,False,0,0.0,False,1.0
cookingworld:test:53600,R2,28609,2,2,1.0,complete_coverage,False,2,1.0,True,1.0
cookingworld:test:52773,P,25298,3,1,0.3333333333333333,partial_coverage,False,0,0.0,False,0.0
cookingworld:test:52773,R2,28720,3,2,0.6666666666666666,partial_coverage,False,2,1.0,True,0.5
cookingworld:test:52625,P,25300,2,0,0.0,zero_overlap,False,0,0.0,False,1.0
cookingworld:test:52625,R2,27863,2,0,0.0,zero_overlap,False,2,1.0,True,1.0
cookingworld:test:53478,P,25063,1,0,0.0,zero_overlap,False,0,0.0,False,1.0
cookingworld:test:53478,R2,25713,1,0,0.0,zero_overlap,False,2,1.0,True,1.0
cookingworld:test:53733,P,26557,2,1,0.5,partial_coverage,False,0,0.0,False,1.0
cookingworld:test:53733,R2,25970,2,1,0.5,partial_coverage,False,2,1.0,True,1.0
cookingworld:test:53194,P,26881,3,1,0.3333333333333333,partial_coverage,False,0,0.0,False,1.0
cookingworld:test:53194,R2,28892,3,1,0.3333333333333333,partial_coverage,False,2,1.0,True,1.0
cookingworld:test:52082,P,27598,0,0,,no_transformation_target,False,0,0.0,False,1.0
cookingworld:test:52082,R2,25692,0,0,,no_transformation_target,True,2,1.0,True,1.0
cookingworld:test:53454,P,26037,3,1,0.3333333333333333,partial_coverage,False,0,0.0,False,0.5
cookingworld:test:53454,R2,28209,3,3,1.0,complete_coverage,False,2,1.0,True,1.0
cookingworld:test:53456,P,25857,4,2,0.5,partial_coverage,False,0,0.0,False,1.0
cookingworld:test:53456,R2,25627,4,2,0.5,partial_coverage,False,2,1.0,True,1.0
cookingworld:test:52967,P,26632,3,2,0.6666666666666666,partial_coverage,False,1,0.3333333333333333,False,1.0
cookingworld:test:52967,R2,25585,3,2,0.6666666666666666,partial_coverage,False,2,1.0,True,1.0
cookingworld:test:52294,P,27378,1,0,0.0,zero_overlap,False,0,0.0,False,1.0
cookingworld:test:52294,R2,25117,1,0,0.0,zero_overlap,False,2,1.0,True,1.0
cookingworld:test:52264,P,24528,3,0,0.0,zero_overlap,False,1,0.3333333333333333,False,0.0
cookingworld:test:52264,R2,25434,3,2,0.6666666666666666,partial_coverage,False,2,1.0,True,0.5
cookingworld:test:52342,P,25651,2,1,0.5,partial_coverage,False,0,0.0,False,1.0
cookingworld:test:52342,R2,25788,2,1,0.5,partial_coverage,False,2,1.0,True,1.0
cookingworld:test:52631,P,25864,3,1,0.3333333333333333,partial_coverage,False,0,0.0,False,1.0
cookingworld:test:52631,R2,27052,3,2,0.6666666666666666,partial_coverage,False,2,1.0,True,1.0
cookingworld:test:53944,P,24625,2,0,0.0,zero_overlap,False,0,0.0,False,1.0
cookingworld:test:53944,R2,25013,2,2,1.0,complete_coverage,False,2,1.0,True,1.0
cookingworld:test:52331,P,24532,2,1,0.5,partial_coverage,False,0,0.0,False,1.0
cookingworld:test:52331,R2,25939,2,1,0.5,partial_coverage,False,2,1.0,True,1.0
cookingworld:test:52119,P,26227,4,1,0.25,partial_coverage,False,0,0.0,False,1.0
cookingworld:test:52119,R2,28643,4,3,0.75,partial_coverage,False,2,1.0,True,1.0
cookingworld:test:52403,P,26632,2,1,0.5,partial_coverage,False,0,0.0,False,1.0
cookingworld:test:52403,R2,28667,2,1,0.5,partial_coverage,False,2,1.0,True,1.0
cookingworld:test:52382,P,26257,3,2,0.6666666666666666,partial_coverage,False,0,0.0,False,1.0
cookingworld:test:52382,R2,25569,3,3,1.0,complete_coverage,False,2,1.0,True,1.0
cookingworld:test:52799,P,24669,3,2,0.6666666666666666,partial_coverage,False,0,0.0,False,1.0
cookingworld:test:52799,R2,24398,3,2,0.6666666666666666,partial_coverage,False,2,1.0,True,1.0
cookingworld:test:53377,P,27057,2,2,1.0,complete_coverage,False,0,0.0,False,0.5
cookingworld:test:53377,R2,25852,2,1,0.5,partial_coverage,False,2,1.0,True,0.0
cookingworld:test:52436,P,25321,2,0,0.0,zero_overlap,False,0,0.0,False,1.0
cookingworld:test:52436,R2,28137,2,1,0.5,partial_coverage,False,2,1.0,True,1.0
cookingworld:test:53643,P,25220,2,0,0.0,zero_overlap,False,0,0.0,False,1.0
cookingworld:test:53643,R2,28425,2,2,1.0,complete_coverage,False,2,1.0,True,1.0
cookingworld:test:53357,P,25202,0,0,,no_transformation_target,False,0,0.0,False,1.0
cookingworld:test:53357,R2,25453,0,0,,no_transformation_target,True,1,0.3333333333333333,False,1.0
cookingworld:test:52261,P,24500,2,0,0.0,zero_overlap,False,0,0.0,False,1.0
cookingworld:test:52261,R2,26683,2,1,0.5,partial_coverage,False,2,1.0,True,1.0
cookingworld:test:52481,P,25817,1,1,1.0,complete_coverage,False,0,0.0,False,0.5
cookingworld:test:52481,R2,25329,1,0,0.0,zero_overlap,False,2,1.0,True,1.0
cookingworld:test:53665,P,26180,0,0,,no_transformation_target,False,0,0.0,False,1.0
cookingworld:test:53665,R2,27583,0,0,,no_transformation_target,False,2,1.0,True,0.5
cookingworld:test:53928,P,24184,1,0,0.0,zero_overlap,False,1,0.3333333333333333,False,1.0
cookingworld:test:53928,R2,26062,1,0,0.0,zero_overlap,False,2,1.0,True,1.0
cookingworld:test:53832,P,25292,2,0,0.0,zero_overlap,False,0,0.0,False,1.0
cookingworld:test:53832,R2,28694,2,1,0.5,partial_coverage,False,2,1.0,True,1.0
cookingworld:test:53133,P,27357,3,1,0.3333333333333333,partial_coverage,False,0,0.0,False,1.0
cookingworld:test:53133,R2,25074,3,2,0.6666666666666666,partial_coverage,False,2,1.0,True,0.5
cookingworld:test:53946,P,25144,2,1,0.5,partial_coverage,False,0,0.0,False,1.0
cookingworld:test:53946,R2,27357,2,1,0.5,partial_coverage,False,2,1.0,True,1.0
cookingworld:test:53632,P,25538,3,2,0.6666666666666666,partial_coverage,False,0,0.0,False,1.0
cookingworld:test:53632,R2,28230,3,3,1.0,complete_coverage,False,2,1.0,True,1.0
cookingworld:test:53671,P,25274,2,0,0.0,zero_overlap,False,0,0.0,False,1.0
cookingworld:test:53671,R2,28383,2,1,0.5,partial_coverage,False,2,1.0,True,1.0
cookingworld:test:53975,P,26309,1,0,0.0,zero_overlap,False,0,0.0,False,1.0
cookingworld:test:53975,R2,28037,1,0,0.0,zero_overlap,False,2,1.0,True,1.0
cookingworld:test:52835,P,25338,3,1,0.3333333333333333,partial_coverage,False,1,0.3333333333333333,False,1.0
cookingworld:test:52835,R2,27528,3,1,0.3333333333333333,partial_coverage,False,2,1.0,True,1.0
cookingworld:test:52093,P,24779,1,0,0.0,zero_overlap,False,0,0.0,False,1.0
cookingworld:test:52093,R2,25321,1,1,1.0,complete_coverage,False,2,1.0,True,1.0
cookingworld:test:52424,P,25197,2,0,0.0,zero_overlap,False,0,0.0,False,0.0
cookingworld:test:52424,R2,27013,2,1,0.5,partial_coverage,False,2,1.0,True,0.5
cookingworld:test:52314,P,25867,2,0,0.0,zero_overlap,False,0,0.0,False,1.0
cookingworld:test:52314,R2,26976,2,1,0.5,partial_coverage,False,2,1.0,True,1.0
cookingworld:test:52803,P,25458,1,0,0.0,zero_overlap,False,0,0.0,False,0.5
cookingworld:test:52803,R2,27634,1,1,1.0,complete_coverage,False,2,1.0,True,1.0
cookingworld:test:52884,P,28975,0,0,,no_transformation_target,False,0,0.0,False,1.0
cookingworld:test:52884,R2,25692,0,0,,no_transformation_target,True,2,1.0,True,1.0
cookingworld:test:53534,P,26913,2,0,0.0,zero_overlap,False,0,0.0,False,1.0
cookingworld:test:53534,R2,24311,2,2,1.0,complete_coverage,True,2,1.0,True,1.0
cookingworld:test:53675,P,25575,3,2,0.6666666666666666,partial_coverage,False,1,0.3333333333333333,False,1.0
cookingworld:test:53675,R2,24779,3,3,1.0,complete_coverage,False,2,1.0,True,0.5
cookingworld:test:53960,P,27010,3,2,0.6666666666666666,partial_coverage,False,0,0.0,False,1.0
cookingworld:test:53960,R2,26989,3,3,1.0,complete_coverage,False,2,1.0,True,1.0
cookingworld:test:52872,P,28019,1,0,0.0,zero_overlap,False,0,0.0,False,1.0
cookingworld:test:52872,R2,25924,1,0,0.0,zero_overlap,False,2,1.0,True,1.0
cookingworld:test:52495,P,24176,2,0,0.0,zero_overlap,False,0,0.0,False,1.0
cookingworld:test:52495,R2,26277,2,1,0.5,partial_coverage,False,2,1.0,True,1.0
cookingworld:test:52325,P,28127,3,1,0.3333333333333333,partial_coverage,False,0,0.0,False,1.0
cookingworld:test:52325,R2,24273,3,1,0.3333333333333333,partial_coverage,False,2,1.0,True,1.0
cookingworld:test:53695,P,25166,2,1,0.5,partial_coverage,False,0,0.0,False,1.0
cookingworld:test:53695,R2,28768,2,1,0.5,partial_coverage,False,2,1.0,True,0.0
cookingworld:test:52506,P,24587,1,0,0.0,zero_overlap,False,0,0.0,False,1.0
cookingworld:test:52506,R2,25920,1,1,1.0,complete_coverage,False,2,1.0,True,0.5
cookingworld:test:52603,P,25458,2,0,0.0,zero_overlap,False,0,0.0,False,0.5
cookingworld:test:52603,R2,24280,2,2,1.0,complete_coverage,False,2,1.0,True,0.0
cookingworld:test:52221,P,26951,1,0,0.0,zero_overlap,False,0,0.0,False,1.0
cookingworld:test:52221,R2,26540,1,0,0.0,zero_overlap,False,2,1.0,True,1.0
cookingworld:test:52958,P,26596,0,0,,no_transformation_target,False,0,0.0,False,1.0
cookingworld:test:52958,R2,24049,0,0,,no_transformation_target,False,2,1.0,True,0.5
cookingworld:test:52531,P,25692,1,0,0.0,zero_overlap,False,0,0.0,False,1.0
cookingworld:test:52531,R2,27281,1,1,1.0,complete_coverage,True,2,1.0,True,1.0
cookingworld:test:53782,P,27006,2,0,0.0,zero_overlap,False,0,0.0,False,1.0
cookingworld:test:53782,R2,28055,2,1,0.5,partial_coverage,False,2,1.0,True,1.0
cookingworld:test:53375,P,28230,2,0,0.0,zero_overlap,False,0,0.0,False,1.0
cookingworld:test:53375,R2,24460,2,1,0.5,partial_coverage,False,2,1.0,True,1.0
cookingworld:test:52735,P,27025,3,2,0.6666666666666666,partial_coverage,False,0,0.0,False,1.0
cookingworld:test:52735,R2,25129,3,1,0.3333333333333333,partial_coverage,False,2,1.0,True,1.0
cookingworld:test:53077,P,25451,3,2,0.6666666666666666,partial_coverage,False,0,0.0,False,1.0
cookingworld:test:53077,R2,25103,3,2,0.6666666666666666,partial_coverage,False,2,1.0,True,0.5
cookingworld:test:52794,P,26620,2,0,0.0,zero_overlap,False,0,0.0,False,1.0
cookingworld:test:52794,R2,28549,2,1,0.5,partial_coverage,False,2,1.0,True,1.0
cookingworld:test:52831,P,26530,3,2,0.6666666666666666,partial_coverage,False,0,0.0,False,1.0
cookingworld:test:52831,R2,26255,3,2,0.6666666666666666,partial_coverage,False,2,1.0,True,0.0
cookingworld:test:52373,P,24163,0,0,,no_transformation_target,False,0,0.0,False,1.0
cookingworld:test:52373,R2,24970,0,0,,no_transformation_target,True,1,0.3333333333333333,False,1.0
cookingworld:test:52059,P,25795,2,0,0.0,zero_overlap,False,0,0.0,False,1.0
cookingworld:test:52059,R2,24310,2,1,0.5,partial_coverage,False,2,1.0,True,0.5
cookingworld:test:53791,P,25446,2,2,1.0,complete_coverage,False,0,0.0,False,1.0
cookingworld:test:53791,R2,27598,2,1,0.5,partial_coverage,False,2,1.0,True,1.0
cookingworld:test:53186,P,25393,1,0,0.0,zero_overlap,False,1,0.3333333333333333,False,0.0
cookingworld:test:53186,R2,28188,1,1,1.0,complete_coverage,False,2,1.0,True,0.0
cookingworld:test:53159,P,28555,2,1,0.5,partial_coverage,False,1,0.3333333333333333,False,0.0
cookingworld:test:53159,R2,24351,2,1,0.5,partial_coverage,False,2,1.0,True,1.0
cookingworld:test:53855,P,24934,1,0,0.0,zero_overlap,False,1,0.3333333333333333,False,1.0
cookingworld:test:53855,R2,25671,1,1,1.0,complete_coverage,False,2,1.0,True,1.0
cookingworld:test:53620,P,27153,2,1,0.5,partial_coverage,False,0,0.0,False,1.0
cookingworld:test:53620,R2,27863,2,0,0.0,zero_overlap,False,2,1.0,True,1.0
cookingworld:test:52029,P,27598,2,0,0.0,zero_overlap,False,0,0.0,False,1.0
cookingworld:test:52029,R2,25338,2,0,0.0,zero_overlap,False,2,1.0,True,1.0
cookingworld:test:52524,P,24742,1,0,0.0,zero_overlap,False,0,0.0,False,1.0
cookingworld:test:52524,R2,25796,1,0,0.0,zero_overlap,False,2,1.0,True,0.5
cookingworld:test:52645,P,25274,2,1,0.5,partial_coverage,False,0,0.0,False,1.0
cookingworld:test:52645,R2,26951,2,1,0.5,partial_coverage,False,2,1.0,True,1.0
cookingworld:test:53010,P,27578,1,1,1.0,complete_coverage,False,1,0.3333333333333333,False,1.0
cookingworld:test:53010,R2,28713,1,1,1.0,complete_coverage,False,2,1.0,True,1.0
cookingworld:test:53248,P,25198,2,0,0.0,zero_overlap,False,1,0.3333333333333333,False,0.5
cookingworld:test:53248,R2,27496,2,1,0.5,partial_coverage,False,2,1.0,True,1.0
cookingworld:test:52335,P,26349,3,0,0.0,zero_overlap,False,0,0.0,False,1.0
cookingworld:test:52335,R2,25270,3,1,0.3333333333333333,partial_coverage,False,2,1.0,True,0.5
cookingworld:test:53584,P,25329,3,0,0.0,zero_overlap,False,0,0.0,False,1.0
cookingworld:test:53584,R2,27464,3,1,0.3333333333333333,partial_coverage,False,2,1.0,True,1.0
cookingworld:test:52565,P,24131,2,1,0.5,partial_coverage,False,0,0.0,False,1.0
cookingworld:test:52565,R2,27863,2,0,0.0,zero_overlap,False,2,1.0,True,1.0
cookingworld:test:53964,P,26761,1,0,0.0,zero_overlap,False,1,0.3333333333333333,False,1.0
cookingworld:test:53964,R2,25949,1,0,0.0,zero_overlap,False,2,1.0,True,1.0
cookingworld:test:53994,P,26061,3,2,0.6666666666666666,partial_coverage,False,0,0.0,False,0.5
cookingworld:test:53994,R2,24042,3,2,0.6666666666666666,partial_coverage,False,2,1.0,True,1.0
cookingworld:test:53299,P,27664,4,1,0.25,partial_coverage,False,0,0.0,False,0.5
cookingworld:test:53299,R2,24567,4,3,0.75,partial_coverage,False,2,1.0,True,1.0
cookingworld:test:52891,P,24598,4,2,0.5,partial_coverage,False,0,0.0,False,1.0
cookingworld:test:52891,R2,27198,4,2,0.5,partial_coverage,False,2,1.0,True,1.0
cookingworld:test:52310,P,27357,3,1,0.3333333333333333,partial_coverage,False,0,0.0,False,1.0
cookingworld:test:52310,R2,25914,3,2,0.6666666666666666,partial_coverage,False,2,1.0,True,1.0
cookingworld:test:53908,P,25954,1,0,0.0,zero_overlap,False,0,0.0,False,1.0
cookingworld:test:53908,R2,25024,1,0,0.0,zero_overlap,False,2,1.0,True,1.0
cookingworld:test:52258,P,28643,2,2,1.0,complete_coverage,False,0,0.0,False,1.0
cookingworld:test:52258,R2,24292,2,1,0.5,partial_coverage,False,2,1.0,True,0.0
cookingworld:test:53845,P,27382,2,0,0.0,zero_overlap,False,0,0.0,False,0.0
cookingworld:test:53845,R2,26155,2,1,0.5,partial_coverage,False,2,1.0,True,1.0
cookingworld:test:53825,P,25803,3,1,0.3333333333333333,partial_coverage,False,0,0.0,False,0.0
cookingworld:test:53825,R2,24532,3,2,0.6666666666666666,partial_coverage,False,2,1.0,True,0.5
cookingworld:test:53116,P,27061,3,1,0.3333333333333333,partial_coverage,False,0,0.0,False,1.0
cookingworld:test:53116,R2,28470,3,2,0.6666666666666666,partial_coverage,False,2,1.0,True,1.0
cookingworld:test:52655,P,25627,2,1,0.5,partial_coverage,False,0,0.0,False,1.0
cookingworld:test:52655,R2,27010,2,1,0.5,partial_coverage,False,2,1.0,True,1.0
cookingworld:test:53395,P,24130,2,1,0.5,partial_coverage,False,1,0.3333333333333333,False,1.0
cookingworld:test:53395,R2,24912,2,1,0.5,partial_coverage,False,2,1.0,True,1.0
cookingworld:test:53577,P,27578,3,2,0.6666666666666666,partial_coverage,False,0,0.0,False,1.0
cookingworld:test:53577,R2,24538,3,3,1.0,complete_coverage,False,2,1.0,True,1.0
cookingworld:test:53760,P,26370,1,1,1.0,complete_coverage,False,0,0.0,False,1.0
cookingworld:test:53760,R2,28436,1,1,1.0,complete_coverage,False,2,1.0,True,1.0
cookingworld:test:53306,P,25579,2,1,0.5,partial_coverage,False,0,0.0,False,1.0
cookingworld:test:53306,R2,26037,2,1,0.5,partial_coverage,False,2,1.0,True,1.0
cookingworld:test:53165,P,28211,1,0,0.0,zero_overlap,False,1,0.3333333333333333,False,1.0
cookingworld:test:53165,R2,25342,1,0,0.0,zero_overlap,False,2,1.0,True,1.0
cookingworld:test:52587,P,26286,4,1,0.25,partial_coverage,False,0,0.0,False,1.0
cookingworld:test:52587,R2,25278,4,1,0.25,partial_coverage,False,2,1.0,True,1.0
cookingworld:test:53267,P,26288,4,1,0.25,partial_coverage,False,1,0.3333333333333333,False,1.0
cookingworld:test:53267,R2,24130,4,3,0.75,partial_coverage,False,2,1.0,True,1.0
cookingworld:test:52320,P,25063,3,1,0.3333333333333333,partial_coverage,False,0,0.0,False,1.0
cookingworld:test:52320,R2,26061,3,2,0.6666666666666666,partial_coverage,False,2,1.0,True,1.0
cookingworld:test:52030,P,25688,3,1,0.3333333333333333,partial_coverage,False,0,0.0,False,1.0
cookingworld:test:52030,R2,28472,3,2,0.6666666666666666,partial_coverage,False,2,1.0,True,1.0
cookingworld:test:53789,P,27597,2,2,1.0,complete_coverage,False,0,0.0,False,1.0
cookingworld:test:53789,R2,26913,2,1,0.5,partial_coverage,False,2,1.0,True,0.5
cookingworld:test:52217,P,28425,1,0,0.0,zero_overlap,False,0,0.0,False,0.0
cookingworld:test:52217,R2,27148,1,1,1.0,complete_coverage,False,2,1.0,True,0.0
cookingworld:test:53231,P,24185,2,1,0.5,partial_coverage,False,0,0.0,False,1.0
cookingworld:test:53231,R2,25144,2,1,0.5,partial_coverage,False,2,1.0,True,1.0
cookingworld:test:52360,P,28113,3,1,0.3333333333333333,partial_coverage,False,0,0.0,False,1.0
cookingworld:test:52360,R2,26790,3,3,1.0,complete_coverage,False,2,1.0,True,1.0
cookingworld:test:53148,P,28127,2,1,0.5,partial_coverage,False,0,0.0,False,1.0
cookingworld:test:53148,R2,26638,2,1,0.5,partial_coverage,False,2,1.0,True,1.0
cookingworld:test:53676,P,24537,3,0,0.0,zero_overlap,False,0,0.0,False,1.0
cookingworld:test:53676,R2,25451,3,3,1.0,complete_coverage,False,2,1.0,True,1.0
cookingworld:test:53572,P,24846,1,1,1.0,complete_coverage,False,1,0.3333333333333333,False,1.0
cookingworld:test:53572,R2,24509,1,0,0.0,zero_overlap,False,2,1.0,True,1.0
cookingworld:test:53628,P,28430,3,1,0.3333333333333333,partial_coverage,False,1,0.3333333333333333,False,1.0
cookingworld:test:53628,R2,24427,3,2,0.6666666666666666,partial_coverage,False,2,1.0,True,1.0
cookingworld:test:52836,P,26367,4,0,0.0,zero_overlap,False,0,0.0,False,1.0
cookingworld:test:52836,R2,25157,4,3,0.75,partial_coverage,False,2,1.0,True,1.0
cookingworld:test:53152,P,25103,3,1,0.3333333333333333,partial_coverage,False,0,0.0,False,1.0
cookingworld:test:53152,R2,28494,3,1,0.3333333333333333,partial_coverage,False,2,1.0,True,1.0
cookingworld:test:52449,P,26062,1,0,0.0,zero_overlap,False,0,0.0,False,1.0
cookingworld:test:52449,R2,26521,1,0,0.0,zero_overlap,False,2,1.0,True,1.0
cookingworld:test:53771,P,25117,2,0,0.0,zero_overlap,False,1,0.3333333333333333,False,1.0
cookingworld:test:53771,R2,27357,2,1,0.5,partial_coverage,False,2,1.0,True,0.0
cookingworld:test:52243,P,27198,1,1,1.0,complete_coverage,False,0,0.0,False,1.0
cookingworld:test:52243,R2,25819,1,1,1.0,complete_coverage,False,2,1.0,True,1.0
cookingworld:test:52237,P,27464,4,0,0.0,zero_overlap,False,0,0.0,False,1.0
cookingworld:test:52237,R2,25575,4,4,1.0,complete_coverage,False,2,1.0,True,1.0
cookingworld:test:52748,P,28104,2,2,1.0,complete_coverage,False,1,0.3333333333333333,False,1.0
cookingworld:test:52748,R2,26472,2,2,1.0,complete_coverage,False,2,1.0,True,0.5
cookingworld:test:52728,P,28351,1,0,0.0,zero_overlap,False,0,0.0,False,1.0
cookingworld:test:52728,R2,27122,1,1,1.0,complete_coverage,False,2,1.0,True,1.0
cookingworld:test:53690,P,24135,2,1,0.5,partial_coverage,False,0,0.0,False,1.0
cookingworld:test:53690,R2,24281,2,1,0.5,partial_coverage,False,2,1.0,True,0.5
cookingworld:test:53896,P,28430,1,0,0.0,zero_overlap,False,0,0.0,False,1.0
cookingworld:test:53896,R2,26879,1,0,0.0,zero_overlap,False,2,1.0,True,1.0
cookingworld:test:53571,P,27907,4,2,0.5,partial_coverage,False,0,0.0,False,1.0
cookingworld:test:53571,R2,28351,4,4,1.0,complete_coverage,True,2,1.0,True,1.0
cookingworld:test:53508,P,25795,0,0,,no_transformation_target,False,0,0.0,False,1.0
cookingworld:test:53508,R2,28113,0,0,,no_transformation_target,False,2,1.0,True,1.0
cookingworld:test:53079,P,26115,2,0,0.0,zero_overlap,False,0,0.0,False,0.0
cookingworld:test:53079,R2,27671,2,1,0.5,partial_coverage,False,2,1.0,True,0.5
cookingworld:test:52725,P,26037,0,0,,no_transformation_target,False,0,0.0,False,1.0
cookingworld:test:52725,R2,26207,0,0,,no_transformation_target,True,2,1.0,True,1.0
cookingworld:test:53844,P,25575,2,1,0.5,partial_coverage,False,0,0.0,False,1.0
cookingworld:test:53844,R2,28379,2,0,0.0,zero_overlap,False,2,1.0,True,1.0
cookingworld:test:52578,P,26212,1,1,1.0,complete_coverage,False,1,0.3333333333333333,False,0.0
cookingworld:test:52578,R2,25198,1,1,1.0,complete_coverage,False,2,1.0,True,1.0
cookingworld:test:52605,P,25267,0,0,,no_transformation_target,False,1,0.3333333333333333,False,1.0
cookingworld:test:52605,R2,24118,0,0,,no_transformation_target,False,2,1.0,True,0.5
cookingworld:test:53889,P,25447,1,0,0.0,zero_overlap,False,0,0.0,False,1.0
cookingworld:test:53889,R2,26540,1,0,0.0,zero_overlap,False,2,1.0,True,1.0
cookingworld:test:52148,P,24442,1,1,1.0,complete_coverage,False,1,0.3333333333333333,False,1.0
cookingworld:test:52148,R2,27578,1,1,1.0,complete_coverage,False,2,1.0,True,1.0
cookingworld:test:53648,P,24018,3,0,0.0,zero_overlap,False,0,0.0,False,1.0
cookingworld:test:53648,R2,25914,3,2,0.6666666666666666,partial_coverage,False,2,1.0,True,1.0
cookingworld:test:52330,P,27583,3,2,0.6666666666666666,partial_coverage,False,0,0.0,False,0.0
cookingworld:test:52330,R2,28613,3,1,0.3333333333333333,partial_coverage,False,2,1.0,True,1.0
cookingworld:test:53313,P,24281,1,1,1.0,complete_coverage,False,0,0.0,False,1.0
cookingworld:test:53313,R2,26062,1,0,0.0,zero_overlap,False,2,1.0,True,1.0
cookingworld:test:52810,P,28113,1,0,0.0,zero_overlap,False,0,0.0,False,1.0
cookingworld:test:52810,R2,27701,1,1,1.0,complete_coverage,False,2,1.0,True,1.0
cookingworld:test:52660,P,28472,2,1,0.5,partial_coverage,False,0,0.0,False,1.0
cookingworld:test:52660,R2,25810,2,2,1.0,complete_coverage,False,2,1.0,True,1.0
cookingworld:test:52450,P,25024,2,0,0.0,zero_overlap,False,0,0.0,False,0.0
cookingworld:test:52450,R2,26472,2,2,1.0,complete_coverage,False,2,1.0,True,0.0
cookingworld:test:52064,P,28643,2,1,0.5,partial_coverage,False,1,0.3333333333333333,False,1.0
cookingworld:test:52064,R2,25629,2,1,0.5,partial_coverage,False,2,1.0,True,0.0
cookingworld:test:52238,P,25555,3,2,0.6666666666666666,partial_coverage,False,0,0.0,False,1.0
cookingworld:test:52238,R2,25426,3,2,0.6666666666666666,partial_coverage,False,2,1.0,True,1.0
cookingworld:test:52338,P,27013,4,2,0.5,partial_coverage,False,0,0.0,False,1.0
cookingworld:test:52338,R2,27937,4,3,0.75,partial_coverage,False,2,1.0,True,0.0
cookingworld:test:53099,P,27794,2,0,0.0,zero_overlap,False,0,0.0,False,0.0
cookingworld:test:53099,R2,27634,2,1,0.5,partial_coverage,False,2,1.0,True,1.0
cookingworld:test:53132,P,26141,3,1,0.3333333333333333,partial_coverage,False,0,0.0,False,0.0
cookingworld:test:53132,R2,25462,3,2,0.6666666666666666,partial_coverage,False,2,1.0,True,0.0
cookingworld:test:52324,P,25949,3,0,0.0,zero_overlap,False,0,0.0,False,1.0
cookingworld:test:52324,R2,28975,3,3,1.0,complete_coverage,False,2,1.0,True,1.0
cookingworld:test:52226,P,26312,4,1,0.25,partial_coverage,False,0,0.0,False,0.5
cookingworld:test:52226,R2,24598,4,3,0.75,partial_coverage,False,2,1.0,True,0.5
cookingworld:test:52131,P,24390,0,0,,no_transformation_target,False,0,0.0,False,1.0
cookingworld:test:52131,R2,25816,0,0,,no_transformation_target,True,2,1.0,True,1.0
cookingworld:test:52534,P,24620,3,0,0.0,zero_overlap,False,0,0.0,False,0.0
cookingworld:test:52534,R2,24152,3,2,0.6666666666666666,partial_coverage,False,2,1.0,True,0.5
cookingworld:test:53598,P,24130,3,2,0.6666666666666666,partial_coverage,False,1,0.3333333333333333,False,1.0
cookingworld:test:53598,R2,25538,3,3,1.0,complete_coverage,False,2,1.0,True,1.0
cookingworld:test:53722,P,25241,2,1,0.5,partial_coverage,False,0,0.0,False,1.0
cookingworld:test:53722,R2,24882,2,1,0.5,partial_coverage,False,2,1.0,True,1.0
cookingworld:test:52791,P,24118,2,0,0.0,zero_overlap,False,0,0.0,False,1.0
cookingworld:test:52791,R2,24184,2,0,0.0,zero_overlap,False,2,1.0,True,1.0
cookingworld:test:52899,P,26096,4,1,0.25,partial_coverage,False,1,0.3333333333333333,False,1.0
cookingworld:test:52899,R2,24489,4,2,0.5,partial_coverage,False,2,1.0,True,1.0
cookingworld:test:53753,P,26255,2,0,0.0,zero_overlap,False,0,0.0,False,0.0
cookingworld:test:53753,R2,27282,2,1,0.5,partial_coverage,False,2,1.0,True,0.0
cookingworld:test:53027,P,28102,2,1,0.5,partial_coverage,False,0,0.0,False,1.0
cookingworld:test:53027,R2,25216,2,1,0.5,partial_coverage,False,2,1.0,True,1.0
cookingworld:test:52155,P,27634,2,1,0.5,partial_coverage,False,0,0.0,False,0.5
cookingworld:test:52155,R2,24469,2,1,0.5,partial_coverage,False,2,1.0,True,1.0
cookingworld:test:52880,P,26460,1,0,0.0,zero_overlap,False,0,0.0,False,0.5
cookingworld:test:52880,R2,28772,1,1,1.0,complete_coverage,False,2,1.0,True,1.0
cookingworld:test:52304,P,26557,3,1,0.3333333333333333,partial_coverage,False,0,0.0,False,1.0
cookingworld:test:52304,R2,26704,3,2,0.6666666666666666,partial_coverage,False,2,1.0,True,1.0
cookingworld:test:53008,P,25373,3,2,0.6666666666666666,partial_coverage,False,0,0.0,False,1.0
cookingworld:test:53008,R2,28104,3,3,1.0,complete_coverage,False,2,1.0,True,1.0
cookingworld:test:53685,P,26312,2,1,0.5,partial_coverage,False,0,0.0,False,1.0
cookingworld:test:53685,R2,26491,2,1,0.5,partial_coverage,False,2,1.0,True,1.0
cookingworld:test:52057,P,27863,0,0,,no_transformation_target,False,0,0.0,False,1.0
cookingworld:test:52057,R2,25152,0,0,,no_transformation_target,True,2,1.0,True,1.0
cookingworld:test:52079,P,26212,1,0,0.0,zero_overlap,False,0,0.0,False,1.0
cookingworld:test:52079,R2,25773,1,1,1.0,complete_coverage,False,2,1.0,True,1.0
cookingworld:test:52560,P,26620,0,0,,no_transformation_target,False,0,0.0,False,1.0
cookingworld:test:52560,R2,27980,0,0,,no_transformation_target,False,2,1.0,True,0.5
cookingworld:test:53797,P,26638,3,1,0.3333333333333333,partial_coverage,False,0,0.0,False,1.0
cookingworld:test:53797,R2,25938,3,3,1.0,complete_coverage,False,2,1.0,True,1.0
cookingworld:test:52201,P,25692,2,0,0.0,zero_overlap,False,0,0.0,False,1.0
cookingworld:test:52201,R2,27597,2,1,0.5,partial_coverage,False,2,1.0,True,1.0
cookingworld:test:52269,P,28768,0,0,,no_transformation_target,False,1,0.3333333333333333,False,1.0
cookingworld:test:52269,R2,25334,0,0,,no_transformation_target,True,2,1.0,True,1.0
cookingworld:test:53484,P,25084,2,1,0.5,partial_coverage,False,0,0.0,False,1.0
cookingworld:test:53484,R2,24528,2,1,0.5,partial_coverage,False,2,1.0,True,0.0
cookingworld:test:52275,P,25018,2,1,0.5,partial_coverage,False,0,0.0,False,0.0
cookingworld:test:52275,R2,24281,2,1,0.5,partial_coverage,False,2,1.0,True,0.0
cookingworld:test:52529,P,24398,0,0,,no_transformation_target,False,0,0.0,False,1.0
cookingworld:test:52529,R2,25334,0,0,,no_transformation_target,True,2,1.0,True,1.0
cookingworld:test:53451,P,25318,0,0,,no_transformation_target,False,0,0.0,False,1.0
cookingworld:test:53451,R2,25458,0,0,,no_transformation_target,True,2,1.0,True,1.0
cookingworld:test:52120,P,26620,2,0,0.0,zero_overlap,False,1,0.3333333333333333,False,1.0
cookingworld:test:52120,R2,25338,2,0,0.0,zero_overlap,False,2,1.0,True,1.0
cookingworld:test:53031,P,28680,1,0,0.0,zero_overlap,False,0,0.0,False,1.0
cookingworld:test:53031,R2,26589,1,0,0.0,zero_overlap,False,2,1.0,True,1.0
cookingworld:test:53499,P,27701,1,0,0.0,zero_overlap,False,0,0.0,False,0.0
cookingworld:test:53499,R2,25815,1,1,1.0,complete_coverage,False,2,1.0,True,1.0
cookingworld:test:53940,P,24520,3,0,0.0,zero_overlap,False,0,0.0,False,0.5
cookingworld:test:53940,R2,26557,3,1,0.3333333333333333,partial_coverage,False,2,1.0,True,0.5
cookingworld:test:52464,P,24280,3,1,0.3333333333333333,partial_coverage,False,0,0.0,False,1.0
cookingworld:test:52464,R2,26251,3,3,1.0,complete_coverage,False,2,1.0,True,1.0
cookingworld:test:53869,P,25126,0,0,,no_transformation_target,True,0,0.0,False,1.0
cookingworld:test:53869,R2,28113,0,0,,no_transformation_target,False,2,1.0,True,1.0
cookingworld:test:52187,P,27156,1,1,1.0,complete_coverage,False,0,0.0,False,1.0
cookingworld:test:52187,R2,27284,1,1,1.0,complete_coverage,False,2,1.0,True,1.0
cookingworld:test:52937,P,25782,4,1,0.25,partial_coverage,False,1,0.3333333333333333,False,0.0
cookingworld:test:52937,R2,27179,4,4,1.0,complete_coverage,True,2,1.0,True,1.0
cookingworld:test:52672,P,27308,0,0,,no_transformation_target,False,0,0.0,False,1.0
cookingworld:test:52672,R2,25197,0,0,,no_transformation_target,True,2,1.0,True,1.0
cookingworld:test:53622,P,25924,2,0,0.0,zero_overlap,False,0,0.0,False,1.0
cookingworld:test:53622,R2,25166,2,0,0.0,zero_overlap,False,2,1.0,True,1.0
cookingworld:test:52571,P,25336,3,2,0.6666666666666666,partial_coverage,False,0,0.0,False,0.0
cookingworld:test:52571,R2,26104,3,3,1.0,complete_coverage,False,2,1.0,True,1.0
cookingworld:test:53813,P,26913,1,0,0.0,zero_overlap,False,0,0.0,False,1.0
cookingworld:test:53813,R2,24571,1,1,1.0,complete_coverage,False,2,1.0,True,1.0
cookingworld:test:52695,P,26039,2,2,1.0,complete_coverage,False,0,0.0,False,1.0
cookingworld:test:52695,R2,27322,2,0,0.0,zero_overlap,False,2,1.0,True,1.0
cookingworld:test:53260,P,25024,3,1,0.3333333333333333,partial_coverage,False,1,0.3333333333333333,False,0.0
cookingworld:test:53260,R2,25102,3,3,1.0,complete_coverage,False,2,1.0,True,0.0
cookingworld:test:53450,P,26521,2,0,0.0,zero_overlap,False,1,0.3333333333333333,False,1.0
cookingworld:test:53450,R2,24669,2,0,0.0,zero_overlap,False,2,1.0,True,1.0
cookingworld:test:52707,P,28113,3,0,0.0,zero_overlap,False,0,0.0,False,0.0
cookingworld:test:52707,R2,25102,3,3,1.0,complete_coverage,False,2,1.0,True,0.0
cookingworld:test:53497,P,24506,3,1,0.3333333333333333,partial_coverage,False,0,0.0,False,1.0
cookingworld:test:53497,R2,26286,3,2,0.6666666666666666,partial_coverage,False,2,1.0,True,1.0
cookingworld:test:53216,P,25865,2,0,0.0,zero_overlap,False,0,0.0,False,1.0
cookingworld:test:53216,R2,26620,2,1,0.5,partial_coverage,False,2,1.0,True,0.5
cookingworld:test:52849,P,27322,3,1,0.3333333333333333,partial_coverage,False,1,0.3333333333333333,False,1.0
cookingworld:test:52849,R2,25615,3,1,0.3333333333333333,partial_coverage,False,2,1.0,True,1.0
cookingworld:test:52435,P,26817,1,0,0.0,zero_overlap,False,0,0.0,False,1.0
cookingworld:test:52435,R2,25924,1,0,0.0,zero_overlap,False,2,1.0,True,1.0
cookingworld:test:52723,P,28643,2,1,0.5,partial_coverage,False,0,0.0,False,1.0
cookingworld:test:52723,R2,27496,2,1,0.5,partial_coverage,False,2,1.0,True,1.0
cookingworld:test:53192,P,27726,2,1,0.5,partial_coverage,False,0,0.0,False,1.0
cookingworld:test:53192,R2,28055,2,1,0.5,partial_coverage,False,2,1.0,True,1.0
cookingworld:test:52984,P,27082,2,0,0.0,zero_overlap,False,0,0.0,False,1.0
cookingworld:test:52984,R2,26083,2,1,0.5,partial_coverage,False,2,1.0,True,1.0
cookingworld:test:53101,P,26437,1,1,1.0,complete_coverage,False,0,0.0,False,1.0
cookingworld:test:53101,R2,25904,1,1,1.0,complete_coverage,False,2,1.0,True,1.0
cookingworld:test:52536,P,25782,2,0,0.0,zero_overlap,False,0,0.0,False,1.0
cookingworld:test:52536,R2,27609,2,1,0.5,partial_coverage,False,2,1.0,True,1.0
cookingworld:test:52173,P,26540,3,0,0.0,zero_overlap,False,0,0.0,False,1.0
cookingworld:test:52173,R2,28993,3,3,1.0,complete_coverage,False,2,1.0,True,1.0
cookingworld:test:52106,P,25234,2,1,0.5,partial_coverage,False,1,0.3333333333333333,False,1.0
cookingworld:test:52106,R2,26478,2,2,1.0,complete_coverage,False,2,1.0,True,1.0
cookingworld:test:52511,P,26641,2,1,0.5,partial_coverage,False,0,0.0,False,1.0
cookingworld:test:52511,R2,26399,2,1,0.5,partial_coverage,False,2,1.0,True,1.0
cookingworld:test:53699,P,24184,2,0,0.0,zero_overlap,False,0,0.0,False,1.0
cookingworld:test:53699,R2,28504,2,2,1.0,complete_coverage,False,2,1.0,True,1.0
cookingworld:test:53872,P,27863,2,0,0.0,zero_overlap,False,0,0.0,False,0.0
cookingworld:test:53872,R2,25325,2,1,0.5,partial_coverage,False,2,1.0,True,0.5
cookingworld:test:52696,P,25025,1,0,0.0,zero_overlap,False,0,0.0,False,1.0
cookingworld:test:52696,R2,27405,1,0,0.0,zero_overlap,False,2,1.0,True,1.0
cookingworld:test:52883,P,27763,0,0,,no_transformation_target,False,0,0.0,False,1.0
cookingworld:test:52883,R2,26330,0,0,,no_transformation_target,False,2,1.0,True,1.0
cookingworld:test:53875,P,24727,1,1,1.0,complete_coverage,True,1,0.3333333333333333,False,1.0
cookingworld:test:53875,R2,26589,1,0,0.0,zero_overlap,False,2,1.0,True,1.0
cookingworld:test:53351,P,26472,3,1,0.3333333333333333,partial_coverage,False,0,0.0,False,1.0
cookingworld:test:53351,R2,27907,3,2,0.6666666666666666,partial_coverage,False,2,1.0,True,0.0
cookingworld:test:53394,P,25815,2,1,0.5,partial_coverage,False,0,0.0,False,1.0
cookingworld:test:53394,R2,26042,2,1,0.5,partial_coverage,False,2,1.0,True,1.0
cookingworld:test:53984,P,25760,3,2,0.6666666666666666,partial_coverage,False,0,0.0,False,1.0
cookingworld:test:53984,R2,24439,3,2,0.6666666666666666,partial_coverage,False,2,1.0,True,1.0
cookingworld:test:52127,P,25904,1,0,0.0,zero_overlap,False,0,0.0,False,1.0
cookingworld:test:52127,R2,26761,1,0,0.0,zero_overlap,False,2,1.0,True,1.0
cookingworld:test:53080,P,25933,1,0,0.0,zero_overlap,False,0,0.0,False,1.0
cookingworld:test:53080,R2,26521,1,0,0.0,zero_overlap,False,2,1.0,True,1.0
cookingworld:test:52851,P,25453,1,0,0.0,zero_overlap,False,0,0.0,False,1.0
cookingworld:test:52851,R2,25220,1,0,0.0,zero_overlap,False,2,1.0,True,1.0
cookingworld:test:53536,P,27863,0,0,,no_transformation_target,False,0,0.0,False,1.0
cookingworld:test:53536,R2,26115,0,0,,no_transformation_target,True,2,1.0,True,1.0
cookingworld:test:53169,P,24881,1,0,0.0,zero_overlap,False,1,0.3333333333333333,False,1.0
cookingworld:test:53169,R2,26096,1,1,1.0,complete_coverage,False,2,1.0,True,1.0
cookingworld:test:53666,P,26521,1,0,0.0,zero_overlap,False,0,0.0,False,1.0
cookingworld:test:53666,R2,26460,1,1,1.0,complete_coverage,False,2,1.0,True,1.0
cookingworld:test:53124,P,26521,2,0,0.0,zero_overlap,False,1,0.3333333333333333,False,1.0
cookingworld:test:53124,R2,24669,2,0,0.0,zero_overlap,False,2,1.0,True,1.0
cookingworld:test:53366,P,25220,3,0,0.0,zero_overlap,False,0,0.0,False,0.0
cookingworld:test:53366,R2,24042,3,3,1.0,complete_coverage,False,2,1.0,True,1.0
cookingworld:test:53087,P,26896,2,1,0.5,partial_coverage,False,0,0.0,False,1.0
cookingworld:test:53087,R2,27057,2,1,0.5,partial_coverage,False,2,1.0,True,1.0
cookingworld:test:53836,P,24208,0,0,,no_transformation_target,False,0,0.0,False,1.0
cookingworld:test:53836,R2,28603,0,0,,no_transformation_target,False,1,0.3333333333333333,False,1.0
cookingworld:test:52632,P,24469,1,0,0.0,zero_overlap,False,0,0.0,False,1.0
cookingworld:test:52632,R2,26589,1,0,0.0,zero_overlap,False,2,1.0,True,1.0
cookingworld:test:52246,P,27430,3,1,0.3333333333333333,partial_coverage,False,1,0.3333333333333333,False,1.0
cookingworld:test:52246,R2,28161,3,1,0.3333333333333333,partial_coverage,False,2,1.0,True,1.0
cookingworld:test:53990,P,24598,3,1,0.3333333333333333,partial_coverage,False,1,0.3333333333333333,False,1.0
cookingworld:test:53990,R2,26896,3,3,1.0,complete_coverage,False,2,1.0,True,1.0
cookingworld:test:53189,P,26491,1,1,1.0,complete_coverage,False,0,0.0,False,1.0
cookingworld:test:53189,R2,24934,1,1,1.0,complete_coverage,False,2,1.0,True,1.0
cookingworld:test:53020,P,26073,4,0,0.0,zero_overlap,False,0,0.0,False,1.0
cookingworld:test:53020,R2,26141,4,3,0.75,partial_coverage,False,2,1.0,True,1.0
cookingworld:test:53939,P,28553,1,0,0.0,zero_overlap,False,0,0.0,False,1.0
cookingworld:test:53939,R2,27831,1,0,0.0,zero_overlap,False,2,1.0,True,1.0
cookingworld:test:52080,P,26989,2,1,0.5,partial_coverage,False,0,0.0,False,1.0
cookingworld:test:52080,R2,25058,2,1,0.5,partial_coverage,False,2,1.0,True,0.5
cookingworld:test:53063,P,26456,0,0,,no_transformation_target,False,0,0.0,False,1.0
cookingworld:test:53063,R2,24118,0,0,,no_transformation_target,False,2,1.0,True,1.0
cookingworld:test:53642,P,27643,4,2,0.5,partial_coverage,False,1,0.3333333333333333,False,0.5
cookingworld:test:53642,R2,27588,4,2,0.5,partial_coverage,False,2,1.0,True,1.0
cookingworld:test:52508,P,28002,0,0,,no_transformation_target,False,0,0.0,False,1.0
cookingworld:test:52508,R2,25458,0,0,,no_transformation_target,True,2,1.0,True,1.0
cookingworld:test:52207,P,25241,2,1,0.5,partial_coverage,False,0,0.0,False,0.5
cookingworld:test:52207,R2,26037,2,1,0.5,partial_coverage,False,2,1.0,True,0.5
cookingworld:test:53822,P,26417,4,1,0.25,partial_coverage,False,1,0.3333333333333333,False,0.0
cookingworld:test:53822,R2,28102,4,4,1.0,complete_coverage,True,2,1.0,True,1.0
cookingworld:test:53092,P,24280,2,1,0.5,partial_coverage,False,0,0.0,False,1.0
cookingworld:test:53092,R2,28389,2,2,1.0,complete_coverage,True,2,1.0,True,1.0
cookingworld:test:53278,P,25003,0,0,,no_transformation_target,False,0,0.0,False,1.0
cookingworld:test:53278,R2,24727,0,0,,no_transformation_target,False,2,1.0,True,1.0
cookingworld:test:52126,P,25953,1,0,0.0,zero_overlap,False,1,0.3333333333333333,False,1.0
cookingworld:test:52126,R2,26589,1,0,0.0,zero_overlap,False,2,1.0,True,1.0
cookingworld:test:52584,P,28371,1,0,0.0,zero_overlap,False,0,0.0,False,1.0
cookingworld:test:52584,R2,25795,1,1,1.0,complete_coverage,False,2,1.0,True,1.0
cookingworld:test:52437,P,25615,1,1,1.0,complete_coverage,False,0,0.0,False,1.0
cookingworld:test:52437,R2,25834,1,0,0.0,zero_overlap,False,2,1.0,True,1.0
cookingworld:test:53326,P,26613,1,0,0.0,zero_overlap,False,0,0.0,False,1.0
cookingworld:test:53326,R2,25241,1,1,1.0,complete_coverage,False,2,1.0,True,1.0
cookingworld:test:53324,P,27343,2,1,0.5,partial_coverage,False,0,0.0,False,0.0
cookingworld:test:53324,R2,24313,2,1,0.5,partial_coverage,False,2,1.0,True,1.0
cookingworld:test:53919,P,26181,1,0,0.0,zero_overlap,False,0,0.0,False,1.0
cookingworld:test:53919,R2,27794,1,0,0.0,zero_overlap,False,2,1.0,True,1.0
cookingworld:test:52708,P,26327,0,0,,no_transformation_target,False,0,0.0,False,1.0
cookingworld:test:52708,R2,27230,0,0,,no_transformation_target,False,2,1.0,True,1.0
cookingworld:test:52472,P,25924,3,0,0.0,zero_overlap,False,0,0.0,False,1.0
cookingworld:test:52472,R2,27675,3,3,1.0,complete_coverage,False,2,1.0,True,1.0
cookingworld:test:53539,P,26083,2,1,0.5,partial_coverage,False,0,0.0,False,0.5
cookingworld:test:53539,R2,25331,2,1,0.5,partial_coverage,False,2,1.0,True,1.0
cookingworld:test:53190,P,28104,3,2,0.6666666666666666,partial_coverage,False,0,0.0,False,1.0
cookingworld:test:53190,R2,24442,3,2,0.6666666666666666,partial_coverage,False,2,1.0,True,0.5
cookingworld:test:52191,P,27148,2,0,0.0,zero_overlap,False,0,0.0,False,1.0
cookingworld:test:52191,R2,27690,2,1,0.5,partial_coverage,False,2,1.0,True,1.0
cookingworld:test:53384,P,27907,2,0,0.0,zero_overlap,False,0,0.0,False,1.0
cookingworld:test:53384,R2,27081,2,1,0.5,partial_coverage,False,2,1.0,True,0.5
cookingworld:test:53444,P,25692,1,0,0.0,zero_overlap,False,0,0.0,False,1.0
cookingworld:test:53444,R2,26521,1,0,0.0,zero_overlap,False,2,1.0,True,1.0
cookingworld:test:53096,P,25979,2,1,0.5,partial_coverage,False,0,0.0,False,1.0
cookingworld:test:53096,R2,25231,2,1,0.5,partial_coverage,False,2,1.0,True,1.0
cookingworld:test:52646,P,25585,1,0,0.0,zero_overlap,False,0,0.0,False,1.0
cookingworld:test:52646,R2,26358,1,0,0.0,zero_overlap,False,2,1.0,True,1.0
cookingworld:test:53731,P,25695,3,0,0.0,zero_overlap,False,0,0.0,False,1.0
cookingworld:test:53731,R2,25618,3,1,0.3333333333333333,partial_coverage,False,2,1.0,True,1.0
cookingworld:test:52659,P,28720,3,1,0.3333333333333333,partial_coverage,False,0,0.0,False,0.0
cookingworld:test:52659,R2,27707,3,3,1.0,complete_coverage,False,2,1.0,True,1.0
cookingworld:test:52254,P,25768,0,0,,no_transformation_target,True,1,0.3333333333333333,False,1.0
cookingworld:test:52254,R2,25237,0,0,,no_transformation_target,True,2,1.0,True,1.0
cookingworld:test:53886,P,24567,3,2,0.6666666666666666,partial_coverage,False,0,0.0,False,1.0
cookingworld:test:53886,R2,25688,3,1,0.3333333333333333,partial_coverage,False,2,1.0,True,1.0
cookingworld:test:53495,P,27588,2,1,0.5,partial_coverage,False,0,0.0,False,1.0
cookingworld:test:53495,R2,28953,2,1,0.5,partial_coverage,False,2,1.0,True,1.0
cookingworld:test:52092,P,25300,1,0,0.0,zero_overlap,False,1,0.3333333333333333,False,1.0
cookingworld:test:52092,R2,25220,1,0,0.0,zero_overlap,False,2,1.0,True,1.0
cookingworld:test:52268,P,27284,1,0,0.0,zero_overlap,False,0,0.0,False,1.0
cookingworld:test:52268,R2,26367,1,0,0.0,zero_overlap,False,2,1.0,True,1.0
cookingworld:test:53150,P,24916,2,0,0.0,zero_overlap,False,0,0.0,False,1.0
cookingworld:test:53150,R2,26620,2,1,0.5,partial_coverage,False,2,1.0,True,1.0
cookingworld:test:52896,P,28430,0,0,,no_transformation_target,False,0,0.0,False,1.0
cookingworld:test:52896,R2,26207,0,0,,no_transformation_target,True,2,1.0,True,1.0
cookingworld:test:52282,P,25331,3,0,0.0,zero_overlap,False,0,0.0,False,1.0
cookingworld:test:52282,R2,24459,3,2,0.6666666666666666,partial_coverage,False,2,1.0,True,1.0
cookingworld:test:52179,P,24208,1,0,0.0,zero_overlap,False,0,0.0,False,1.0
cookingworld:test:52179,R2,26168,1,0,0.0,zero_overlap,False,2,1.0,True,1.0
cookingworld:test:52090,P,25732,1,0,0.0,zero_overlap,False,0,0.0,False,1.0
cookingworld:test:52090,R2,26473,1,1,1.0,complete_coverage,False,2,1.0,True,1.0
cookingworld:test:52460,P,28230,2,1,0.5,partial_coverage,False,1,0.3333333333333333,False,1.0
cookingworld:test:52460,R2,26030,2,0,0.0,zero_overlap,False,2,1.0,True,1.0
cookingworld:test:52483,P,25117,1,0,0.0,zero_overlap,False,1,0.3333333333333333,False,1.0
cookingworld:test:52483,R2,25924,1,0,0.0,zero_overlap,False,2,1.0,True,1.0
cookingworld:test:53602,P,26472,2,1,0.5,partial_coverage,False,0,0.0,False,0.0
cookingworld:test:53602,R2,27664,2,1,0.5,partial_coverage,False,2,1.0,True,1.0
cookingworld:test:52638,P,26141,2,1,0.5,partial_coverage,False,0,0.0,False,1.0
cookingworld:test:52638,R2,24750,2,2,1.0,complete_coverage,False,2,1.0,True,1.0
cookingworld:test:53173,P,24203,2,2,1.0,complete_coverage,False,0,0.0,False,1.0
cookingworld:test:53173,R2,28259,2,1,0.5,partial_coverage,False,2,1.0,True,1.0
cookingworld:test:52756,P,26927,1,0,0.0,zero_overlap,False,0,0.0,False,1.0
cookingworld:test:52756,R2,26062,1,0,0.0,zero_overlap,False,2,1.0,True,1.0
cookingworld:test:53417,P,25810,2,1,0.5,partial_coverage,False,0,0.0,False,1.0
cookingworld:test:53417,R2,26817,2,1,0.5,partial_coverage,False,2,1.0,True,1.0
cookingworld:test:53865,P,26010,3,2,0.6666666666666666,partial_coverage,False,0,0.0,False,1.0
cookingworld:test:53865,R2,26197,3,3,1.0,complete_coverage,False,2,1.0,True,0.0
cookingworld:test:52222,P,28694,1,1,1.0,complete_coverage,False,0,0.0,False,1.0
cookingworld:test:52222,R2,26133,1,1,1.0,complete_coverage,False,2,1.0,True,1.0
cookingworld:test:53693,P,24582,2,0,0.0,zero_overlap,False,1,0.3333333333333333,False,1.0
cookingworld:test:53693,R2,25024,2,0,0.0,zero_overlap,False,2,1.0,True,1.0
cookingworld:test:53784,P,26043,1,0,0.0,zero_overlap,False,0,0.0,False,1.0
cookingworld:test:53784,R2,26761,1,0,0.0,zero_overlap,False,2,1.0,True,1.0
cookingworld:test:52864,P,25152,3,0,0.0,zero_overlap,False,0,0.0,False,1.0
cookingworld:test:52864,R2,27406,3,2,0.6666666666666666,partial_coverage,False,2,1.0,True,1.0
cookingworld:test:52317,P,24489,1,0,0.0,zero_overlap,False,0,0.0,False,1.0
cookingworld:test:52317,R2,25591,1,1,1.0,complete_coverage,False,2,1.0,True,1.0
cookingworld:test:53376,P,27496,3,0,0.0,zero_overlap,False,0,0.0,False,1.0
cookingworld:test:53376,R2,28680,3,2,0.6666666666666666,partial_coverage,False,2,1.0,True,0.0
cookingworld:test:53061,P,28470,0,0,,no_transformation_target,False,0,0.0,False,1.0
cookingworld:test:53061,R2,28127,0,0,,no_transformation_target,False,2,1.0,True,1.0
cookingworld:test:52805,P,28656,3,2,0.6666666666666666,partial_coverage,False,0,0.0,False,0.0
cookingworld:test:52805,R2,25651,3,3,1.0,complete_coverage,False,2,1.0,True,1.0
cookingworld:test:52775,P,28667,1,0,0.0,zero_overlap,False,0,0.0,False,1.0
cookingworld:test:52775,R2,25417,1,0,0.0,zero_overlap,False,2,1.0,True,1.0
cookingworld:test:53179,P,26207,1,0,0.0,zero_overlap,False,1,0.3333333333333333,False,0.0
cookingworld:test:53179,R2,25241,1,1,1.0,complete_coverage,False,2,1.0,True,1.0
cookingworld:test:52105,P,26278,2,1,0.5,partial_coverage,False,0,0.0,False,1.0
cookingworld:test:52105,R2,25867,2,0,0.0,zero_overlap,False,2,1.0,True,1.0
cookingworld:test:52311,P,24331,3,2,0.6666666666666666,partial_coverage,False,0,0.0,False,1.0
cookingworld:test:52311,R2,27643,3,2,0.6666666666666666,partial_coverage,False,2,1.0,True,1.0
cookingworld:test:52133,P,24273,0,0,,no_transformation_target,False,0,0.0,False,1.0
cookingworld:test:52133,R2,24520,0,0,,no_transformation_target,False,2,1.0,True,1.0
cookingworld:test:53739,P,26695,1,0,0.0,zero_overlap,False,2,1.0,True,1.0
cookingworld:test:53739,R2,25887,1,0,0.0,zero_overlap,False,2,1.0,True,1.0
cookingworld:test:52359,P,26180,0,0,,no_transformation_target,False,0,0.0,False,1.0
cookingworld:test:52359,R2,26621,0,0,,no_transformation_target,True,2,1.0,True,1.0
cookingworld:test:52004,P,27863,3,1,0.3333333333333333,partial_coverage,False,0,0.0,False,0.0
cookingworld:test:52004,R2,25716,3,3,1.0,complete_coverage,False,2,1.0,True,0.5
cookingworld:test:53974,P,26049,2,1,0.5,partial_coverage,False,0,0.0,False,1.0
cookingworld:test:53974,R2,26995,2,1,0.5,partial_coverage,False,2,1.0,True,1.0
cookingworld:test:52539,P,28371,0,0,,no_transformation_target,False,0,0.0,False,1.0
cookingworld:test:52539,R2,24520,0,0,,no_transformation_target,False,2,1.0,True,1.0
cookingworld:test:52474,P,24979,3,2,0.6666666666666666,partial_coverage,False,0,0.0,False,1.0
cookingworld:test:52474,R2,25018,3,2,0.6666666666666666,partial_coverage,False,2,1.0,True,1.0
cookingworld:test:53293,P,27052,2,1,0.5,partial_coverage,False,0,0.0,False,1.0
cookingworld:test:53293,R2,25003,2,1,0.5,partial_coverage,False,2,1.0,True,0.0
cookingworld:test:53617,P,27282,3,0,0.0,zero_overlap,False,1,0.3333333333333333,False,1.0
cookingworld:test:53617,R2,28583,3,1,0.3333333333333333,partial_coverage,False,2,1.0,True,1.0
cookingworld:test:53917,P,25220,2,0,0.0,zero_overlap,False,0,0.0,False,1.0
cookingworld:test:53917,R2,28430,2,1,0.5,partial_coverage,False,2,1.0,True,1.0
cookingworld:test:53970,P,27405,1,0,0.0,zero_overlap,False,0,0.0,False,1.0
cookingworld:test:53970,R2,26168,1,0,0.0,zero_overlap,False,2,1.0,True,1.0
cookingworld:test:52197,P,28046,1,1,1.0,complete_coverage,False,0,0.0,False,1.0
cookingworld:test:52197,R2,24742,1,1,1.0,complete_coverage,False,2,1.0,True,1.0
cookingworld:test:53501,P,25924,1,0,0.0,zero_overlap,False,0,0.0,False,0.0
cookingworld:test:53501,R2,27604,1,1,1.0,complete_coverage,False,2,1.0,True,0.0
cookingworld:test:52668,P,25152,2,0,0.0,zero_overlap,False,0,0.0,False,0.0
cookingworld:test:52668,R2,24135,2,1,0.5,partial_coverage,False,2,1.0,True,1.0
cookingworld:test:52572,P,25334,2,0,0.0,zero_overlap,False,0,0.0,False,1.0
cookingworld:test:52572,R2,24194,2,1,0.5,partial_coverage,False,2,1.0,True,1.0
cookingworld:test:52934,P,25618,0,0,,no_transformation_target,False,0,0.0,False,1.0
cookingworld:test:52934,R2,24368,0,0,,no_transformation_target,False,2,1.0,True,1.0
cookingworld:test:53452,P,24237,3,1,0.3333333333333333,partial_coverage,False,0,0.0,False,1.0
cookingworld:test:53452,R2,28383,3,2,0.6666666666666666,partial_coverage,False,2,1.0,True,1.0
cookingworld:test:53062,P,25272,2,1,0.5,partial_coverage,False,1,0.3333333333333333,False,1.0
cookingworld:test:53062,R2,28609,2,2,1.0,complete_coverage,False,2,1.0,True,1.0
cookingworld:test:53490,P,27496,3,1,0.3333333333333333,partial_coverage,False,0,0.0,False,0.0
cookingworld:test:53490,R2,28643,3,2,0.6666666666666666,partial_coverage,False,2,1.0,True,1.0
cookingworld:test:52233,P,25314,0,0,,no_transformation_target,False,0,0.0,False,1.0
cookingworld:test:52233,R2,26190,0,0,,no_transformation_target,True,2,1.0,True,1.0
cookingworld:test:53426,P,27232,1,0,0.0,zero_overlap,False,0,0.0,False,1.0
cookingworld:test:53426,R2,25274,1,0,0.0,zero_overlap,False,2,1.0,True,1.0
cookingworld:test:52429,P,26685,2,0,0.0,zero_overlap,False,0,0.0,False,0.5
cookingworld:test:52429,R2,24185,2,2,1.0,complete_coverage,False,2,1.0,True,0.0
cookingworld:test:53667,P,25954,3,0,0.0,zero_overlap,False,0,0.0,False,0.0
cookingworld:test:53667,R2,26613,3,1,0.3333333333333333,partial_coverage,False,2,1.0,True,1.0
cookingworld:test:53183,P,26115,0,0,,no_transformation_target,True,0,0.0,False,1.0
cookingworld:test:53183,R2,26785,0,0,,no_transformation_target,False,2,1.0,True,1.0
cookingworld:test:53288,P,25914,3,1,0.3333333333333333,partial_coverage,False,1,0.3333333333333333,False,0.5
cookingworld:test:53288,R2,26290,3,2,0.6666666666666666,partial_coverage,False,2,1.0,True,0.5
cookingworld:test:52081,P,26190,2,0,0.0,zero_overlap,False,0,0.0,False,1.0
cookingworld:test:52081,R2,25272,2,1,0.5,partial_coverage,False,2,1.0,True,0.5
cookingworld:test:52840,P,26896,0,0,,no_transformation_target,False,0,0.0,False,1.0
cookingworld:test:52840,R2,27405,0,0,,no_transformation_target,False,2,1.0,True,1.0
cookingworld:test:52066,P,24256,3,2,0.6666666666666666,partial_coverage,False,1,0.3333333333333333,False,0.5
cookingworld:test:52066,R2,24620,3,3,1.0,complete_coverage,False,2,1.0,True,1.0
cookingworld:test:53969,P,24538,2,1,0.5,partial_coverage,False,0,0.0,False,1.0
cookingworld:test:53969,R2,24203,2,2,1.0,complete_coverage,False,2,1.0,True,1.0
cookingworld:test:53371,P,27315,3,2,0.6666666666666666,partial_coverage,False,0,0.0,False,1.0
cookingworld:test:53371,R2,24500,3,2,0.6666666666666666,partial_coverage,False,2,1.0,True,1.0
cookingworld:test:53595,P,26951,1,1,1.0,complete_coverage,False,0,0.0,False,1.0
cookingworld:test:53595,R2,26695,1,1,1.0,complete_coverage,False,2,1.0,True,0.0
cookingworld:test:53750,P,26613,0,0,,no_transformation_target,False,0,0.0,False,1.0
cookingworld:test:53750,R2,25768,0,0,,no_transformation_target,True,2,1.0,True,1.0
cookingworld:test:53834,P,28389,0,0,,no_transformation_target,False,0,0.0,False,1.0
cookingworld:test:53834,R2,25953,0,0,,no_transformation_target,True,2,1.0,True,1.0
cookingworld:test:53751,P,24846,0,0,,no_transformation_target,False,0,0.0,False,1.0
cookingworld:test:53751,R2,24520,0,0,,no_transformation_target,False,2,1.0,True,1.0
cookingworld:test:52376,P,28220,1,0,0.0,zero_overlap,False,0,0.0,False,1.0
cookingworld:test:52376,R2,26073,1,1,1.0,complete_coverage,False,2,1.0,True,1.0
cookingworld:test:52770,P,26184,2,2,1.0,complete_coverage,False,0,0.0,False,1.0
cookingworld:test:52770,R2,27597,2,2,1.0,complete_coverage,False,2,1.0,True,1.0
cookingworld:test:53191,P,28113,3,0,0.0,zero_overlap,False,0,0.0,False,1.0
cookingworld:test:53191,R2,28150,3,3,1.0,complete_coverage,False,2,1.0,True,1.0
cookingworld:test:54000,P,26616,3,1,0.3333333333333333,partial_coverage,False,0,0.0,False,1.0
cookingworld:test:54000,R2,24489,3,2,0.6666666666666666,partial_coverage,False,2,1.0,True,1.0
cookingworld:test:54001,P,26309,3,1,0.3333333333333333,partial_coverage,False,0,0.0,False,0.0
cookingworld:test:54001,R2,25649,3,2,0.6666666666666666,partial_coverage,False,2,1.0,True,1.0
cookingworld:test:54002,P,24783,3,2,0.6666666666666666,partial_coverage,False,1,0.3333333333333333,False,1.0
cookingworld:test:54002,R2,26616,3,3,1.0,complete_coverage,False,2,1.0,True,1.0
cookingworld:test:54003,P,25206,1,0,0.0,zero_overlap,False,0,0.0,False,1.0
cookingworld:test:54003,R2,25329,1,0,0.0,zero_overlap,False,2,1.0,True,1.0
cookingworld:test:54004,P,25717,3,2,0.6666666666666666,partial_coverage,False,0,0.0,False,1.0
cookingworld:test:54004,R2,26716,3,3,1.0,complete_coverage,True,2,1.0,True,0.5
cookingworld:test:54005,P,27679,2,1,0.5,partial_coverage,False,0,0.0,False,1.0
cookingworld:test:54005,R2,28862,2,1,0.5,partial_coverage,False,2,1.0,True,1.0
cookingworld:test:54006,P,28416,1,1,1.0,complete_coverage,False,0,0.0,False,1.0
cookingworld:test:54006,R2,26312,1,0,0.0,zero_overlap,False,2,1.0,True,1.0
cookingworld:test:54007,P,26044,0,0,,no_transformation_target,False,0,0.0,False,1.0
cookingworld:test:54007,R2,26115,0,0,,no_transformation_target,True,2,1.0,True,1.0
cookingworld:test:54008,P,24669,4,1,0.25,partial_coverage,False,0,0.0,False,1.0
cookingworld:test:54008,R2,24859,4,3,0.75,partial_coverage,False,2,1.0,True,1.0
cookingworld:test:54009,P,27167,2,1,0.5,partial_coverage,False,0,0.0,False,0.0
cookingworld:test:54009,R2,24729,2,1,0.5,partial_coverage,False,2,1.0,True,0.0
cookingworld:test:54010,P,27179,3,2,0.6666666666666666,partial_coverage,False,0,0.0,False,1.0
cookingworld:test:54010,R2,25865,3,3,1.0,complete_coverage,False,2,1.0,True,1.0
cookingworld:test:54011,P,26638,3,1,0.3333333333333333,partial_coverage,False,0,0.0,False,1.0
cookingworld:test:54011,R2,28371,3,3,1.0,complete_coverage,False,2,1.0,True,1.0
cookingworld:test:54012,P,27863,3,0,0.0,zero_overlap,False,1,0.3333333333333333,False,0.0
cookingworld:test:54012,R2,26049,3,1,0.3333333333333333,partial_coverage,False,2,1.0,True,0.0
cookingworld:test:54013,P,25629,1,0,0.0,zero_overlap,False,0,0.0,False,1.0
cookingworld:test:54013,R2,26520,1,0,0.0,zero_overlap,False,2,1.0,True,1.0
cookingworld:test:54014,P,25773,3,2,0.6666666666666666,partial_coverage,False,0,0.0,False,1.0
cookingworld:test:54014,R2,26396,3,3,1.0,complete_coverage,False,2,1.0,True,1.0
cookingworld:test:54015,P,26716,0,0,,no_transformation_target,False,0,0.0,False,1.0
cookingworld:test:54015,R2,26649,0,0,,no_transformation_target,True,2,1.0,True,1.0
cookingworld:test:54016,P,28259,4,1,0.25,partial_coverage,False,0,0.0,False,1.0
cookingworld:test:54016,R2,25575,4,4,1.0,complete_coverage,False,2,1.0,True,0.0
cookingworld:test:54017,P,25939,2,0,0.0,zero_overlap,False,1,0.3333333333333333,False,1.0
cookingworld:test:54017,R2,28694,2,1,0.5,partial_coverage,False,2,1.0,True,1.0
cookingworld:test:54018,P,24537,0,0,,no_transformation_target,False,0,0.0,False,1.0
cookingworld:test:54018,R2,28113,0,0,,no_transformation_target,False,2,1.0,True,1.0
cookingworld:test:54019,P,28553,1,0,0.0,zero_overlap,False,0,0.0,False,1.0
cookingworld:test:54019,R2,24582,1,0,0.0,zero_overlap,False,2,1.0,True,1.0
cookingworld:test:54020,P,24194,2,0,0.0,zero_overlap,False,0,0.0,False,0.5
cookingworld:test:54020,R2,27597,2,2,1.0,complete_coverage,False,2,1.0,True,1.0
cookingworld:test:54021,P,25157,1,0,0.0,zero_overlap,False,0,0.0,False,1.0
cookingworld:test:54021,R2,24582,1,0,0.0,zero_overlap,False,2,1.0,True,1.0
cookingworld:test:54022,P,25417,3,0,0.0,zero_overlap,False,0,0.0,False,0.0
cookingworld:test:54022,R2,24620,3,3,1.0,complete_coverage,False,2,1.0,True,0.5
cookingworld:test:54023,P,26330,4,1,0.25,partial_coverage,False,0,0.0,False,0.0
cookingworld:test:54023,R2,27834,4,2,0.5,partial_coverage,False,2,1.0,True,0.0
cookingworld:test:54024,P,25795,0,0,,no_transformation_target,False,0,0.0,False,1.0
cookingworld:test:54024,R2,24118,0,0,,no_transformation_target,False,2,1.0,True,1.0
cookingworld:test:54025,P,24042,2,0,0.0,zero_overlap,False,0,0.0,False,1.0
cookingworld:test:54025,R2,28888,2,2,1.0,complete_coverage,False,2,1.0,True,1.0
cookingworld:test:54026,P,24310,2,0,0.0,zero_overlap,False,0,0.0,False,1.0
cookingworld:test:54026,R2,27664,2,1,0.5,partial_coverage,False,2,1.0,True,1.0
cookingworld:test:54027,P,24509,0,0,,no_transformation_target,True,1,0.3333333333333333,False,1.0
cookingworld:test:54027,R2,28113,0,0,,no_transformation_target,False,2,1.0,True,1.0
cookingworld:test:54028,P,25371,2,1,0.5,partial_coverage,False,0,0.0,False,0.0
cookingworld:test:54028,R2,24569,2,1,0.5,partial_coverage,False,2,1.0,True,1.0
cookingworld:test:54029,P,25997,2,0,0.0,zero_overlap,False,0,0.0,False,0.5
cookingworld:test:54029,R2,26913,2,1,0.5,partial_coverage,False,2,1.0,True,1.0
cookingworld:test:54030,P,24809,0,0,,no_transformation_target,False,0,0.0,False,1.0
cookingworld:test:54030,R2,25290,0,0,,no_transformation_target,False,2,1.0,True,1.0
cookingworld:test:54031,P,27675,2,2,1.0,complete_coverage,False,0,0.0,False,1.0
cookingworld:test:54031,R2,26913,2,1,0.5,partial_coverage,False,2,1.0,True,0.5
cookingworld:test:54032,P,27405,3,0,0.0,zero_overlap,False,0,0.0,False,0.0
cookingworld:test:54032,R2,28046,3,3,1.0,complete_coverage,False,2,1.0,True,1.0
cookingworld:test:54033,P,25819,1,0,0.0,zero_overlap,False,0,0.0,False,1.0
cookingworld:test:54033,R2,25924,1,0,0.0,zero_overlap,False,2,1.0,True,1.0
cookingworld:test:54034,P,25924,1,0,0.0,zero_overlap,False,1,0.3333333333333333,False,1.0
cookingworld:test:54034,R2,26077,1,1,1.0,complete_coverage,False,2,1.0,True,1.0
cookingworld:test:54035,P,24540,2,1,0.5,partial_coverage,False,1,0.3333333333333333,False,1.0
cookingworld:test:54035,R2,28180,2,1,0.5,partial_coverage,False,2,1.0,True,1.0
cookingworld:test:54036,P,25867,2,1,0.5,partial_coverage,False,0,0.0,False,1.0
cookingworld:test:54036,R2,24393,2,1,0.5,partial_coverage,False,2,1.0,True,1.0
cookingworld:test:54037,P,27746,2,0,0.0,zero_overlap,False,0,0.0,False,1.0
cookingworld:test:54037,R2,25166,2,0,0.0,zero_overlap,False,2,1.0,True,1.0
cookingworld:test:54038,P,27405,2,1,0.5,partial_coverage,False,0,0.0,False,1.0
cookingworld:test:54038,R2,28553,2,1,0.5,partial_coverage,False,2,1.0,True,1.0
cookingworld:test:54039,P,25500,1,0,0.0,zero_overlap,False,0,0.0,False,1.0
cookingworld:test:54039,R2,25220,1,0,0.0,zero_overlap,False,2,1.0,True,1.0
cookingworld:test:54040,P,25440,2,0,0.0,zero_overlap,False,0,0.0,False,1.0
cookingworld:test:54040,R2,25867,2,0,0.0,zero_overlap,False,2,1.0,True,1.0
cookingworld:test:54041,P,24266,3,2,0.6666666666666666,partial_coverage,False,1,0.3333333333333333,False,1.0
cookingworld:test:54041,R2,27430,3,3,1.0,complete_coverage,False,2,1.0,True,0.0
cookingworld:test:54042,P,26062,2,0,0.0,zero_overlap,False,1,0.3333333333333333,False,1.0
cookingworld:test:54042,R2,28430,2,1,0.5,partial_coverage,False,2,1.0,True,1.0
cookingworld:test:54043,P,25548,2,1,0.5,partial_coverage,False,0,0.0,False,1.0
cookingworld:test:54043,R2,26995,2,1,0.5,partial_coverage,False,2,1.0,True,1.0
cookingworld:test:54044,P,25795,1,0,0.0,zero_overlap,False,0,0.0,False,1.0
cookingworld:test:54044,R2,25117,1,0,0.0,zero_overlap,False,2,1.0,True,1.0
cookingworld:test:54045,P,25132,1,0,0.0,zero_overlap,False,0,0.0,False,1.0
cookingworld:test:54045,R2,25997,1,1,1.0,complete_coverage,False,2,1.0,True,1.0
cookingworld:test:54046,P,25216,1,1,1.0,complete_coverage,True,0,0.0,False,1.0
cookingworld:test:54046,R2,25925,1,0,0.0,zero_overlap,False,2,1.0,True,1.0
cookingworld:test:54047,P,24558,1,0,0.0,zero_overlap,False,0,0.0,False,1.0
cookingworld:test:54047,R2,26073,1,1,1.0,complete_coverage,False,2,1.0,True,1.0
cookingworld:test:54048,P,25810,3,2,0.6666666666666666,partial_coverage,False,0,0.0,False,1.0
cookingworld:test:54048,R2,26437,3,2,0.6666666666666666,partial_coverage,False,2,1.0,True,1.0
cookingworld:test:54049,P,26310,2,0,0.0,zero_overlap,False,1,0.3333333333333333,False,1.0
cookingworld:test:54049,R2,27343,2,1,0.5,partial_coverage,False,2,1.0,True,1.0
cookingworld:test:54050,P,25569,1,1,1.0,complete_coverage,False,0,0.0,False,1.0
cookingworld:test:54050,R2,25924,1,0,0.0,zero_overlap,False,2,1.0,True,1.0
cookingworld:test:54051,P,25518,0,0,,no_transformation_target,False,0,0.0,False,1.0
cookingworld:test:54051,R2,25954,0,0,,no_transformation_target,True,2,1.0,True,1.0
cookingworld:test:54052,P,24671,3,2,0.6666666666666666,partial_coverage,False,0,0.0,False,1.0
cookingworld:test:54052,R2,26061,3,2,0.6666666666666666,partial_coverage,False,2,1.0,True,1.0
cookingworld:test:54053,P,28694,2,2,1.0,complete_coverage,False,0,0.0,False,0.0
cookingworld:test:54053,R2,27013,2,1,0.5,partial_coverage,False,2,1.0,True,1.0
cookingworld:test:54054,P,24520,2,0,0.0,zero_overlap,False,0,0.0,False,1.0
cookingworld:test:54054,R2,25717,2,2,1.0,complete_coverage,False,2,1.0,True,1.0
cookingworld:test:54055,P,26613,0,0,,no_transformation_target,False,0,0.0,False,1.0
cookingworld:test:54055,R2,24710,0,0,,no_transformation_target,False,2,1.0,True,0.5
cookingworld:test:54056,P,25493,1,0,0.0,zero_overlap,False,0,0.0,False,1.0
cookingworld:test:54056,R2,27281,1,1,1.0,complete_coverage,True,2,1.0,True,1.0
cookingworld:test:54057,P,25924,2,0,0.0,zero_overlap,False,0,0.0,False,1.0
cookingworld:test:54057,R2,28072,2,1,0.5,partial_coverage,False,2,1.0,True,1.0
cookingworld:test:54058,P,25925,0,0,,no_transformation_target,False,0,0.0,False,1.0
cookingworld:test:54058,R2,25290,0,0,,no_transformation_target,False,2,1.0,True,0.5
cookingworld:test:54059,P,26073,1,0,0.0,zero_overlap,False,0,0.0,False,1.0
cookingworld:test:54059,R2,25314,1,0,0.0,zero_overlap,False,2,1.0,True,1.0
cookingworld:test:54060,P,24742,2,0,0.0,zero_overlap,False,0,0.0,False,0.0
cookingworld:test:54060,R2,24053,2,1,0.5,partial_coverage,False,2,1.0,True,0.0
cookingworld:test:54061,P,27741,2,1,0.5,partial_coverage,False,1,0.3333333333333333,False,1.0
cookingworld:test:54061,R2,27609,2,1,0.5,partial_coverage,False,2,1.0,True,1.0
cookingworld:test:54062,P,24442,1,0,0.0,zero_overlap,False,0,0.0,False,1.0
cookingworld:test:54062,R2,25979,1,0,0.0,zero_overlap,False,2,1.0,True,1.0
cookingworld:test:54063,P,26769,1,0,0.0,zero_overlap,False,0,0.0,False,1.0
cookingworld:test:54063,R2,25795,1,1,1.0,complete_coverage,False,2,1.0,True,1.0
cookingworld:test:54064,P,28161,2,2,1.0,complete_coverage,False,0,0.0,False,1.0
cookingworld:test:54064,R2,25166,2,0,0.0,zero_overlap,False,2,1.0,True,1.0
cookingworld:test:54065,P,27609,2,0,0.0,zero_overlap,False,0,0.0,False,1.0
cookingworld:test:54065,R2,24184,2,0,0.0,zero_overlap,False,2,1.0,True,1.0
cookingworld:test:54066,P,25796,3,1,0.3333333333333333,partial_coverage,False,0,0.0,False,1.0
cookingworld:test:54066,R2,25426,3,2,0.6666666666666666,partial_coverage,False,2,1.0,True,1.0
cookingworld:test:54067,P,28832,0,0,,no_transformation_target,False,0,0.0,False,1.0
cookingworld:test:54067,R2,26015,0,0,,no_transformation_target,False,2,1.0,True,1.0
cookingworld:test:54068,P,24594,4,2,0.5,partial_coverage,False,1,0.3333333333333333,False,1.0
cookingworld:test:54068,R2,24176,4,3,0.75,partial_coverage,False,2,1.0,True,1.0
cookingworld:test:54069,P,25716,1,0,0.0,zero_overlap,False,0,0.0,False,1.0
cookingworld:test:54069,R2,25314,1,0,0.0,zero_overlap,False,2,1.0,True,1.0
cookingworld:test:54070,P,25446,3,1,0.3333333333333333,partial_coverage,False,1,0.3333333333333333,False,1.0
cookingworld:test:54070,R2,24506,3,1,0.3333333333333333,partial_coverage,False,2,1.0,True,1.0
cookingworld:test:54071,P,26062,2,1,0.5,partial_coverage,False,0,0.0,False,1.0
cookingworld:test:54071,R2,27354,2,1,0.5,partial_coverage,False,2,1.0,True,1.0
cookingworld:test:54072,P,26995,1,1,1.0,complete_coverage,False,0,0.0,False,1.0
cookingworld:test:54072,R2,26309,1,1,1.0,complete_coverage,False,2,1.0,True,1.0
cookingworld:test:54073,P,24053,3,2,0.6666666666666666,partial_coverage,False,1,0.3333333333333333,False,1.0
cookingworld:test:54073,R2,27835,3,2,0.6666666666666666,partial_coverage,False,2,1.0,True,1.0
cookingworld:test:54074,P,25334,3,0,0.0,zero_overlap,False,0,0.0,False,1.0
cookingworld:test:54074,R2,28833,3,1,0.3333333333333333,partial_coverage,False,2,1.0,True,1.0
cookingworld:test:54075,P,26104,2,1,0.5,partial_coverage,False,0,0.0,False,1.0
cookingworld:test:54075,R2,26769,2,1,0.5,partial_coverage,False,2,1.0,True,1.0
cookingworld:test:54076,P,25342,3,1,0.3333333333333333,partial_coverage,False,1,0.3333333333333333,False,0.5
cookingworld:test:54076,R2,24132,3,3,1.0,complete_coverage,False,2,1.0,True,0.5
cookingworld:test:54077,P,28772,4,0,0.0,zero_overlap,False,0,0.0,False,1.0
cookingworld:test:54077,R2,28161,4,2,0.5,partial_coverage,False,2,1.0,True,1.0
cookingworld:test:54078,P,28301,0,0,,no_transformation_target,False,0,0.0,False,1.0
cookingworld:test:54078,R2,28113,0,0,,no_transformation_target,False,2,1.0,True,1.0
cookingworld:test:54079,P,26245,0,0,,no_transformation_target,False,1,0.3333333333333333,False,1.0
cookingworld:test:54079,R2,26190,0,0,,no_transformation_target,True,2,1.0,True,1.0
cookingworld:test:54080,P,26190,2,0,0.0,zero_overlap,False,0,0.0,False,1.0
cookingworld:test:54080,R2,28553,2,1,0.5,partial_coverage,False,2,1.0,True,1.0
cookingworld:test:54081,P,27468,2,0,0.0,zero_overlap,False,1,0.3333333333333333,False,1.0
cookingworld:test:54081,R2,26656,2,2,1.0,complete_coverage,False,2,1.0,True,1.0
cookingworld:test:54082,P,25278,2,0,0.0,zero_overlap,False,0,0.0,False,0.0
cookingworld:test:54082,R2,25300,2,1,0.5,partial_coverage,False,2,1.0,True,0.0
cookingworld:test:54083,P,28430,4,2,0.5,partial_coverage,False,0,0.0,False,1.0
cookingworld:test:54083,R2,26184,4,2,0.5,partial_coverage,False,2,1.0,True,0.5
cookingworld:test:54084,P,28436,3,2,0.6666666666666666,partial_coverage,False,0,0.0,False,1.0
cookingworld:test:54084,R2,24779,3,3,1.0,complete_coverage,False,2,1.0,True,1.0
cookingworld:test:54085,P,26156,3,0,0.0,zero_overlap,False,0,0.0,False,0.5
cookingworld:test:54085,R2,28720,3,2,0.6666666666666666,partial_coverage,False,2,1.0,True,0.0
cookingworld:test:54086,P,28609,3,2,0.6666666666666666,partial_coverage,False,0,0.0,False,0.0
cookingworld:test:54086,R2,26638,3,1,0.3333333333333333,partial_coverage,False,2,1.0,True,1.0
cookingworld:test:54087,P,27570,2,1,0.5,partial_coverage,False,0,0.0,False,0.0
cookingworld:test:54087,R2,27013,2,1,0.5,partial_coverage,False,2,1.0,True,1.0
cookingworld:test:54088,P,25231,2,1,0.5,partial_coverage,False,0,0.0,False,1.0
cookingworld:test:54088,R2,24882,2,1,0.5,partial_coverage,False,2,1.0,True,1.0
cookingworld:test:54089,P,28430,2,0,0.0,zero_overlap,False,0,0.0,False,1.0
cookingworld:test:54089,R2,27863,2,0,0.0,zero_overlap,False,2,1.0,True,1.0
cookingworld:test:54090,P,24042,4,2,0.5,partial_coverage,False,0,0.0,False,1.0
cookingworld:test:54090,R2,25615,4,1,0.25,partial_coverage,False,2,1.0,True,0.0
cookingworld:test:54091,P,24387,3,1,0.3333333333333333,partial_coverage,False,0,0.0,False,0.5
cookingworld:test:54091,R2,27741,3,1,0.3333333333333333,partial_coverage,False,2,1.0,True,1.0
cookingworld:test:54092,P,25237,4,0,0.0,zero_overlap,False,0,0.0,False,0.5
cookingworld:test:54092,R2,24881,4,3,0.75,partial_coverage,False,2,1.0,True,1.0
cookingworld:test:54093,P,24351,3,1,0.3333333333333333,partial_coverage,False,1,0.3333333333333333,False,1.0
cookingworld:test:54093,R2,26896,3,3,1.0,complete_coverage,False,2,1.0,True,0.5
cookingworld:test:54094,P,27230,0,0,,no_transformation_target,False,0,0.0,False,1.0
cookingworld:test:54094,R2,25197,0,0,,no_transformation_target,True,2,1.0,True,1.0
cookingworld:test:54095,P,26084,3,0,0.0,zero_overlap,False,0,0.0,False,0.0
cookingworld:test:54095,R2,24208,3,3,1.0,complete_coverage,True,2,1.0,True,0.5
cookingworld:test:54096,P,25924,1,0,0.0,zero_overlap,False,0,0.0,False,1.0
cookingworld:test:54096,R2,26312,1,0,0.0,zero_overlap,False,2,1.0,True,1.0
cookingworld:test:54097,P,28613,2,1,0.5,partial_coverage,False,0,0.0,False,1.0
cookingworld:test:54097,R2,25795,2,2,1.0,complete_coverage,True,2,1.0,True,1.0
cookingworld:test:54098,P,25434,1,0,0.0,zero_overlap,False,0,0.0,False,1.0
cookingworld:test:54098,R2,27570,1,1,1.0,complete_coverage,False,2,1.0,True,1.0
cookingworld:test:54099,P,27013,1,0,0.0,zero_overlap,False,1,0.3333333333333333,False,1.0
cookingworld:test:54099,R2,27701,1,1,1.0,complete_coverage,False,2,1.0,True,1.0
cookingworld:test:54100,P,28541,4,1,0.25,partial_coverage,False,1,0.3333333333333333,False,0.0
cookingworld:test:54100,R2,25373,4,2,0.5,partial_coverage,False,2,1.0,True,0.0
cookingworld:test:54101,P,27528,3,1,0.3333333333333333,partial_coverage,False,1,0.3333333333333333,False,1.0
cookingworld:test:54101,R2,24598,3,3,1.0,complete_coverage,False,2,1.0,True,0.5
cookingworld:test:54102,P,27456,0,0,,no_transformation_target,False,0,0.0,False,1.0
cookingworld:test:54102,R2,25447,0,0,,no_transformation_target,False,2,1.0,True,1.0
cookingworld:test:54103,P,26705,3,2,0.6666666666666666,partial_coverage,False,1,0.3333333333333333,False,1.0
cookingworld:test:54103,R2,27308,3,2,0.6666666666666666,partial_coverage,False,2,1.0,True,1.0
cookingworld:test:54104,P,25058,3,1,0.3333333333333333,partial_coverage,False,0,0.0,False,0.5
cookingworld:test:54104,R2,27238,3,2,0.6666666666666666,partial_coverage,False,2,1.0,True,0.0
cookingworld:test:54105,P,26367,1,0,0.0,zero_overlap,False,0,0.0,False,1.0
cookingworld:test:54105,R2,25205,1,1,1.0,complete_coverage,False,2,1.0,True,1.0
cookingworld:test:54106,P,24118,0,0,,no_transformation_target,False,1,0.3333333333333333,False,1.0
cookingworld:test:54106,R2,25692,0,0,,no_transformation_target,True,2,1.0,True,1.0
cookingworld:test:54107,P,28072,1,0,0.0,zero_overlap,False,0,0.0,False,0.0
cookingworld:test:54107,R2,28301,1,1,1.0,complete_coverage,False,2,1.0,True,1.0
cookingworld:test:54108,P,24159,1,0,0.0,zero_overlap,False,0,0.0,False,1.0
cookingworld:test:54108,R2,25924,1,0,0.0,zero_overlap,False,2,1.0,True,1.0
cookingworld:test:54109,P,25417,1,0,0.0,zero_overlap,False,0,0.0,False,1.0
cookingworld:test:54109,R2,26596,1,0,0.0,zero_overlap,False,2,1.0,True,1.0
cookingworld:test:54110,P,27382,2,0,0.0,zero_overlap,False,0,0.0,False,1.0
cookingworld:test:54110,R2,27597,2,2,1.0,complete_coverage,False,2,1.0,True,1.0
cookingworld:test:54111,P,26187,3,1,0.3333333333333333,partial_coverage,False,1,0.3333333333333333,False,0.0
cookingworld:test:54111,R2,24012,3,3,1.0,complete_coverage,False,2,1.0,True,1.0
cookingworld:test:54112,P,26155,4,1,0.25,partial_coverage,False,1,0.3333333333333333,False,1.0
cookingworld:test:54112,R2,27885,4,4,1.0,complete_coverage,True,2,1.0,True,0.0
cookingworld:test:54113,P,26966,3,1,0.3333333333333333,partial_coverage,False,0,0.0,False,0.5
cookingworld:test:54113,R2,25462,3,2,0.6666666666666666,partial_coverage,False,2,1.0,True,1.0
cookingworld:test:54114,P,25688,4,1,0.25,partial_coverage,False,0,0.0,False,0.5
cookingworld:test:54114,R2,25716,4,2,0.5,partial_coverage,False,2,1.0,True,1.0
cookingworld:test:54115,P,25462,4,1,0.25,partial_coverage,False,0,0.0,False,1.0
cookingworld:test:54115,R2,26370,4,3,0.75,partial_coverage,False,2,1.0,True,1.0
cookingworld:test:54116,P,27238,1,0,0.0,zero_overlap,False,0,0.0,False,1.0
cookingworld:test:54116,R2,25782,1,0,0.0,zero_overlap,False,2,1.0,True,1.0
cookingworld:test:54117,P,28002,0,0,,no_transformation_target,False,0,0.0,False,1.0
cookingworld:test:54117,R2,24118,0,0,,no_transformation_target,False,2,1.0,True,1.0
cookingworld:test:54118,P,25290,1,0,0.0,zero_overlap,False,0,0.0,False,1.0
cookingworld:test:54118,R2,25924,1,0,0.0,zero_overlap,False,2,1.0,True,1.0
cookingworld:test:54119,P,28055,3,1,0.3333333333333333,partial_coverage,False,0,0.0,False,1.0
cookingworld:test:54119,R2,26257,3,1,0.3333333333333333,partial_coverage,False,2,1.0,True,0.0
cookingworld:test:54120,P,26976,1,0,0.0,zero_overlap,False,0,0.0,False,1.0
cookingworld:test:54120,R2,27167,1,0,0.0,zero_overlap,False,2,1.0,True,1.0
cookingworld:test:54121,P,24489,2,1,0.5,partial_coverage,False,0,0.0,False,1.0
cookingworld:test:54121,R2,26705,2,2,1.0,complete_coverage,False,2,1.0,True,1.0
cookingworld:test:54122,P,25788,3,1,0.3333333333333333,partial_coverage,False,0,0.0,False,1.0
cookingworld:test:54122,R2,26043,3,3,1.0,complete_coverage,True,2,1.0,True,0.5
cookingworld:test:54123,P,28379,3,0,0.0,zero_overlap,False,0,0.0,False,1.0
cookingworld:test:54123,R2,26809,3,3,1.0,complete_coverage,False,2,1.0,True,1.0
cookingworld:test:54124,P,24118,3,0,0.0,zero_overlap,False,0,0.0,False,0.5
cookingworld:test:54124,R2,27835,3,2,0.6666666666666666,partial_coverage,False,2,1.0,True,1.0
